  0
SECTION
  2
HEADER
  9
$ACADVER
  1
AC1032
  9
$ACADMAINTVER
 90
      274
  9
$DWGCODEPAGE
  3
ANSI_1252
  9
$LASTSAVEDBY
  1
fernandazuniga
  9
$REQUIREDVERSIONS
160
                 0
  9
$INSBASE
 10
0.0
 20
0.0
 30
0.0
  9
$EXTMIN
 10
7644.090525833554
 20
8049.390955372592
 30
0.0
  9
$EXTMAX
 10
263652.5901438064
 20
298240.5419821635
 30
0.0
  9
$LIMMIN
 10
0.0
 20
0.0
  9
$LIMMAX
 10
420.0
 20
297.0
  9
$ORTHOMODE
 70
     0
  9
$REGENMODE
 70
     1
  9
$FILLMODE
 70
     1
  9
$QTEXTMODE
 70
     0
  9
$MIRRTEXT
 70
     0
  9
$LTSCALE
 40
1.0
  9
$ATTMODE
 70
     1
  9
$TEXTSIZE
 40
2.5
  9
$TRACEWID
 40
1.0
  9
$TEXTSTYLE
  7
Standard
  9
$CLAYER
  8
Living
  9
$CELTYPE
  6
ByLayer
  9
$CECOLOR
 62
   256
  9
$CELTSCALE
 40
1.0
  9
$DISPSILH
 70
     0
  9
$DIMSCALE
 40
1.0
  9
$DIMASZ
 40
2.5
  9
$DIMEXO
 40
0.625
  9
$DIMDLI
 40
3.75
  9
$DIMRND
 40
0.0
  9
$DIMDLE
 40
0.0
  9
$DIMEXE
 40
1.25
  9
$DIMTP
 40
0.0
  9
$DIMTM
 40
0.0
  9
$DIMTXT
 40
2.5
  9
$DIMCEN
 40
2.5
  9
$DIMTSZ
 40
0.0
  9
$DIMTOL
 70
     0
  9
$DIMLIM
 70
     0
  9
$DIMTIH
 70
     0
  9
$DIMTOH
 70
     0
  9
$DIMSE1
 70
     0
  9
$DIMSE2
 70
     0
  9
$DIMTAD
 70
     1
  9
$DIMZIN
 70
     8
  9
$DIMBLK
  1

  9
$DIMASO
 70
     1
  9
$DIMSHO
 70
     1
  9
$DIMPOST
  1

  9
$DIMAPOST
  1

  9
$DIMALT
 70
     0
  9
$DIMALTD
 70
     3
  9
$DIMALTF
 40
0.03937007874016
  9
$DIMLFAC
 40
1.0
  9
$DIMTOFL
 70
     1
  9
$DIMTVP
 40
0.0
  9
$DIMTIX
 70
     0
  9
$DIMSOXD
 70
     0
  9
$DIMSAH
 70
     0
  9
$DIMBLK1
  1

  9
$DIMBLK2
  1

  9
$DIMSTYLE
  2
ISO-25
  9
$DIMCLRD
 70
     0
  9
$DIMCLRE
 70
     0
  9
$DIMCLRT
 70
     0
  9
$DIMTFAC
 40
1.0
  9
$DIMGAP
 40
0.625
  9
$DIMJUST
 70
     0
  9
$DIMSD1
 70
     0
  9
$DIMSD2
 70
     0
  9
$DIMTOLJ
 70
     0
  9
$DIMTZIN
 70
     8
  9
$DIMALTZ
 70
     0
  9
$DIMALTTZ
 70
     0
  9
$DIMUPT
 70
     0
  9
$DIMDEC
 70
     2
  9
$DIMTDEC
 70
     2
  9
$DIMALTU
 70
     2
  9
$DIMALTTD
 70
     3
  9
$DIMTXSTY
  7
Standard
  9
$DIMAUNIT
 70
     0
  9
$DIMADEC
 70
     0
  9
$DIMALTRND
 40
0.0
  9
$DIMAZIN
 70
     0
  9
$DIMDSEP
 70
    44
  9
$DIMATFIT
 70
     3
  9
$DIMFRAC
 70
     0
  9
$DIMLDRBLK
  1

  9
$DIMLUNIT
 70
     2
  9
$DIMLWD
 70
    -2
  9
$DIMLWE
 70
    -2
  9
$DIMTMOVE
 70
     0
  9
$DIMFXL
 40
1.0
  9
$DIMFXLON
 70
     0
  9
$DIMJOGANG
 40
0.7853981633974483
  9
$DIMTFILL
 70
     0
  9
$DIMTFILLCLR
 70
     0
  9
$DIMARCSYM
 70
     0
  9
$DIMLTYPE
  6

  9
$DIMLTEX1
  6

  9
$DIMLTEX2
  6

  9
$DIMTXTDIRECTION
 70
     0
  9
$LUNITS
 70
     2
  9
$LUPREC
 70
     4
  9
$SKETCHINC
 40
1.0
  9
$FILLETRAD
 40
0.0
  9
$AUNITS
 70
     0
  9
$AUPREC
 70
     0
  9
$MENU
  1
.
  9
$ELEVATION
 40
0.0
  9
$PELEVATION
 40
0.0
  9
$THICKNESS
 40
0.0
  9
$LIMCHECK
 70
     0
  9
$CHAMFERA
 40
0.0
  9
$CHAMFERB
 40
0.0
  9
$CHAMFERC
 40
0.0
  9
$CHAMFERD
 40
0.0
  9
$SKPOLY
 70
     0
  9
$TDCREATE
 40
2461264.653576389
  9
$TDUCREATE
 40
2461264.820243056
  9
$TDUPDATE
 40
2461277.537696759
  9
$TDUUPDATE
 40
2461277.704363426
  9
$TDINDWG
 40
3.9218055556
  9
$TDUSRTIMER
 40
3.9218055556
  9
$USRTIMER
 70
     1
  9
$ANGBASE
 50
0.0
  9
$ANGDIR
 70
     0
  9
$PDMODE
 70
     0
  9
$PDSIZE
 40
0.0
  9
$PLINEWID
 40
0.0
  9
$SPLFRAME
 70
     0
  9
$SPLINETYPE
 70
     6
  9
$SPLINESEGS
 70
     8
  9
$HANDSEED
  5
821E
  9
$SURFTAB1
 70
     6
  9
$SURFTAB2
 70
     6
  9
$SURFTYPE
 70
     6
  9
$SURFU
 70
     6
  9
$SURFV
 70
     6
  9
$UCSBASE
  2

  9
$UCSNAME
  2

  9
$UCSORG
 10
0.0
 20
0.0
 30
0.0
  9
$UCSXDIR
 10
1.0
 20
0.0
 30
0.0
  9
$UCSYDIR
 10
0.0
 20
1.0
 30
0.0
  9
$UCSORTHOREF
  2

  9
$UCSORTHOVIEW
 70
     0
  9
$UCSORGTOP
 10
0.0
 20
0.0
 30
0.0
  9
$UCSORGBOTTOM
 10
0.0
 20
0.0
 30
0.0
  9
$UCSORGLEFT
 10
0.0
 20
0.0
 30
0.0
  9
$UCSORGRIGHT
 10
0.0
 20
0.0
 30
0.0
  9
$UCSORGFRONT
 10
0.0
 20
0.0
 30
0.0
  9
$UCSORGBACK
 10
0.0
 20
0.0
 30
0.0
  9
$PUCSBASE
  2

  9
$PUCSNAME
  2

  9
$PUCSORG
 10
0.0
 20
0.0
 30
0.0
  9
$PUCSXDIR
 10
1.0
 20
0.0
 30
0.0
  9
$PUCSYDIR
 10
0.0
 20
1.0
 30
0.0
  9
$PUCSORTHOREF
  2

  9
$PUCSORTHOVIEW
 70
     0
  9
$PUCSORGTOP
 10
0.0
 20
0.0
 30
0.0
  9
$PUCSORGBOTTOM
 10
0.0
 20
0.0
 30
0.0
  9
$PUCSORGLEFT
 10
0.0
 20
0.0
 30
0.0
  9
$PUCSORGRIGHT
 10
0.0
 20
0.0
 30
0.0
  9
$PUCSORGFRONT
 10
0.0
 20
0.0
 30
0.0
  9
$PUCSORGBACK
 10
0.0
 20
0.0
 30
0.0
  9
$USERI1
 70
     0
  9
$USERI2
 70
     0
  9
$USERI3
 70
     0
  9
$USERI4
 70
     0
  9
$USERI5
 70
     0
  9
$USERR1
 40
0.0
  9
$USERR2
 40
0.0
  9
$USERR3
 40
0.0
  9
$USERR4
 40
0.0
  9
$USERR5
 40
0.0
  9
$WORLDVIEW
 70
     1
  9
$SHADEDGE
 70
     3
  9
$SHADEDIF
 70
    70
  9
$TILEMODE
 70
     1
  9
$MAXACTVP
 70
    64
  9
$PINSBASE
 10
0.0
 20
0.0
 30
0.0
  9
$PLIMCHECK
 70
     0
  9
$PEXTMIN
 10
25.69999999999999
 20
19.5
 30
0.0
  9
$PEXTMAX
 10
231.3
 20
175.5
 30
0.0
  9
$PLIMMIN
 10
-20.0
 20
-7.5
  9
$PLIMMAX
 10
277.0
 20
202.5
  9
$UNITMODE
 70
     0
  9
$VISRETAIN
 70
     1
  9
$PLINEGEN
 70
     0
  9
$PSLTSCALE
 70
     1
  9
$TREEDEPTH
 70
  3020
  9
$CMLSTYLE
  2
Standard
  9
$CMLJUST
 70
     0
  9
$CMLSCALE
 40
20.0
  9
$PROXYGRAPHICS
 70
     1
  9
$MEASUREMENT
 70
     1
  9
$CELWEIGHT
370
    -1
  9
$ENDCAPS
280
     0
  9
$JOINSTYLE
280
     0
  9
$LWDISPLAY
290
     0
  9
$INSUNITS
 70
     4
  9
$HYPERLINKBASE
  1

  9
$STYLESHEET
  1

  9
$XEDIT
290
     1
  9
$CEPSNTYPE
380
     0
  9
$PSTYLEMODE
290
     1
  9
$FINGERPRINTGUID
  2
{473CF6C4-D37B-EC48-AFEC-C9473A817F6F}
  9
$VERSIONGUID
  2
{27358012-2B1D-3848-8DE6-55C84F6D7F19}
  9
$EXTNAMES
290
     1
  9
$PSVPSCALE
 40
0.0
  9
$OLESTARTUP
290
     0
  9
$SORTENTS
280
   127
  9
$INDEXCTL
280
     0
  9
$HIDETEXT
280
     1
  9
$XCLIPFRAME
280
     2
  9
$HALOGAP
280
     0
  9
$OBSCOLOR
 70
   257
  9
$OBSLTYPE
280
     0
  9
$INTERSECTIONDISPLAY
280
     0
  9
$INTERSECTIONCOLOR
 70
   257
  9
$DIMASSOC
280
     2
  9
$PROJECTNAME
  1

  9
$CAMERADISPLAY
290
     0
  9
$LENSLENGTH
 40
50.0
  9
$CAMERAHEIGHT
 40
0.0
  9
$STEPSPERSEC
 40
2.0
  9
$STEPSIZE
 40
6.0
  9
$3DDWFPREC
 40
2.0
  9
$PSOLWIDTH
 40
5.0
  9
$PSOLHEIGHT
 40
80.0
  9
$LOFTANG1
 40
1.570796326794896
  9
$LOFTANG2
 40
1.570796326794896
  9
$LOFTMAG1
 40
0.0
  9
$LOFTMAG2
 40
0.0
  9
$LOFTPARAM
 70
     7
  9
$LOFTNORMALS
280
     1
  9
$LATITUDE
 40
37.795
  9
$LONGITUDE
 40
-122.394
  9
$NORTHDIRECTION
 40
0.0
  9
$TIMEZONE
 70
 -8000
  9
$LIGHTGLYPHDISPLAY
280
     1
  9
$TILEMODELIGHTSYNCH
280
     1
  9
$CMATERIAL
347
EC
  9
$SOLIDHIST
280
     0
  9
$SHOWHIST
280
     1
  9
$DWFFRAME
280
     2
  9
$DGNFRAME
280
     0
  9
$REALWORLDSCALE
290
     1
  9
$INTERFERECOLOR
 62
     1
  9
$INTERFEREOBJVS
345
F9
  9
$INTERFEREVPVS
346
F6
  9
$CSHADOW
280
     0
  9
$SHADOWPLANELOCATION
 40
0.0
  0
ENDSEC
  0
SECTION
  2
CLASSES
  0
CLASS
  1
ACDBDICTIONARYWDFLT
  2
AcDbDictionaryWithDefault
  3
ObjectDBX Classes
 90
        0
 91
        1
280
     0
281
     0
  0
CLASS
  1
DICTIONARYVAR
  2
AcDbDictionaryVar
  3
ObjectDBX Classes
 90
        0
 91
       12
280
     0
281
     0
  0
CLASS
  1
TABLESTYLE
  2
AcDbTableStyle
  3
ObjectDBX Classes
 90
     4095
 91
        1
280
     0
281
     0
  0
CLASS
  1
MATERIAL
  2
AcDbMaterial
  3
ObjectDBX Classes
 90
     1153
 91
        3
280
     0
281
     0
  0
CLASS
  1
VISUALSTYLE
  2
AcDbVisualStyle
  3
ObjectDBX Classes
 90
     4095
 91
       24
280
     0
281
     0
  0
CLASS
  1
SCALE
  2
AcDbScale
  3
ObjectDBX Classes
 90
     1153
 91
       17
280
     0
281
     0
  0
CLASS
  1
MLEADERSTYLE
  2
AcDbMLeaderStyle
  3
ACDB_MLEADERSTYLE_CLASS
 90
     4095
 91
        2
280
     0
281
     0
  0
CLASS
  1
CELLSTYLEMAP
  2
AcDbCellStyleMap
  3
ObjectDBX Classes
 90
     1152
 91
        5
280
     0
281
     0
  0
CLASS
  1
EXACXREFPANELOBJECT
  2
ExAcXREFPanelObject
  3
EXAC_ESW
 90
     1025
 91
        0
280
     0
281
     0
  0
CLASS
  1
NPOCOLLECTION
  2
AcDbImpNonPersistentObjectsCollection
  3
ObjectDBX Classes
 90
     1153
 91
        0
280
     0
281
     0
  0
CLASS
  1
LAYER_INDEX
  2
AcDbLayerIndex
  3
ObjectDBX Classes
 90
        0
 91
        0
280
     0
281
     0
  0
CLASS
  1
SPATIAL_INDEX
  2
AcDbSpatialIndex
  3
ObjectDBX Classes
 90
        0
 91
        0
280
     0
281
     0
  0
CLASS
  1
IDBUFFER
  2
AcDbIdBuffer
  3
ObjectDBX Classes
 90
        0
 91
        0
280
     0
281
     0
  0
CLASS
  1
ACDBSECTIONVIEWSTYLE
  2
AcDbSectionViewStyle
  3
ObjectDBX Classes
 90
     1025
 91
        1
280
     0
281
     0
  0
CLASS
  1
ACDBDETAILVIEWSTYLE
  2
AcDbDetailViewStyle
  3
ObjectDBX Classes
 90
     1025
 91
        1
280
     0
281
     0
  0
CLASS
  1
SORTENTSTABLE
  2
AcDbSortentsTable
  3
ObjectDBX Classes
 90
        0
 91
        4
280
     0
281
     0
  0
CLASS
  1
RASTERVARIABLES
  2
AcDbRasterVariables
  3
ISM
 90
        0
 91
        1
280
     0
281
     0
  0
ENDSEC
  0
SECTION
  2
TABLES
  0
TABLE
  2
VPORT
  5
8
330
0
100
AcDbSymbolTable
 70
     1
  0
VPORT
  5
EA
330
8
100
AcDbSymbolTableRecord
100
AcDbViewportTableRecord
  2
*Active
 70
     0
 10
0.0
 20
0.0
 11
1.0
 21
1.0
 12
186975.6044946045
 22
64706.2884386543
 13
0.0
 23
0.0
 14
10.0
 24
10.0
 15
10.0
 25
10.0
 16
0.0
 26
0.0
 36
1.0
 17
0.0
 27
0.0
 37
0.0
 40
7468.633222464679
 41
1.254926108374384
 42
50.0
 43
0.0
 44
0.0
 50
0.0
 51
0.0
 71
     0
 72
  1000
 73
     1
 74
     3
 75
     0
 76
     1
 77
     0
 78
     0
281
     0
 65
     1
110
0.0
120
0.0
130
0.0
111
1.0
121
0.0
131
0.0
112
0.0
122
1.0
132
0.0
 79
     0
146
0.0
348
F5
 60
     3
 61
     5
292
     1
282
     1
141
0.0
142
0.0
 63
   250
421
  3355443
1001
ACAD_NAV_VCDISPLAY
1070
     3
  0
ENDTAB
  0
TABLE
  2
LTYPE
  5
5
330
0
100
AcDbSymbolTable
 70
     3
  0
LTYPE
  5
14
330
5
100
AcDbSymbolTableRecord
100
AcDbLinetypeTableRecord
  2
ByBlock
 70
     0
  3

 72
    65
 73
     0
 40
0.0
  0
LTYPE
  5
15
330
5
100
AcDbSymbolTableRecord
100
AcDbLinetypeTableRecord
  2
ByLayer
 70
     0
  3

 72
    65
 73
     0
 40
0.0
  0
LTYPE
  5
16
330
5
100
AcDbSymbolTableRecord
100
AcDbLinetypeTableRecord
  2
Continuous
 70
     0
  3
Solid line
 72
    65
 73
     0
 40
0.0
  0
LTYPE
  5
2D2
330
5
100
AcDbSymbolTableRecord
100
AcDbLinetypeTableRecord
  2
IMPORT-FENCELINE1
 70
     0
  3

 72
    65
 73
     6
 40
725000.0
 49
125000.0
 74
     0
 49
-50000.0
 74
     0
 49
0.0
 74
     0
 49
-50000.0
 74
     0
 49
500000.0
 74
     0
 49
0.0
 74
     0
  0
ENDTAB
  0
TABLE
  2
LAYER
  5
2
102
{ACAD_XDICTIONARY
360
1FF
102
}
330
0
100
AcDbSymbolTable
 70
    57
  0
LAYER
  5
10
102
{ACAD_XDICTIONARY
360
13C
102
}
330
2
100
AcDbSymbolTableRecord
100
AcDbLayerTableRecord
  2
0
 70
     0
 62
     7
  6
Continuous
370
    -3
390
F
347
EE
348
0
  0
LAYER
  5
2836
330
2
100
AcDbSymbolTableRecord
100
AcDbLayerTableRecord
  2
General
 70
     0
 62
     6
  6
Continuous
370
    -3
390
F
347
EE
348
0
1001
AcAecLayerStandard
1000

1000

1001
AcCmTransparency
1071
        0
  0
LAYER
  5
2E75
330
2
100
AcDbSymbolTableRecord
100
AcDbLayerTableRecord
  2
1
 70
     0
 62
     7
  6
Continuous
370
    -3
390
F
347
EE
348
0
1001
AcAecLayerStandard
1000

1000

1001
AcCmTransparency
1071
        0
  0
LAYER
  5
2E76
330
2
100
AcDbSymbolTableRecord
100
AcDbLayerTableRecord
  2
2
 70
     0
 62
     7
  6
Continuous
370
    -3
390
F
347
EE
348
0
1001
AcAecLayerStandard
1000

1000

1001
AcCmTransparency
1071
        0
  0
LAYER
  5
2E77
330
2
100
AcDbSymbolTableRecord
100
AcDbLayerTableRecord
  2
3
 70
     0
 62
     7
  6
Continuous
370
    -3
390
F
347
EE
348
0
1001
AcAecLayerStandard
1000

1000

1001
AcCmTransparency
1071
        0
  0
LAYER
  5
2E78
330
2
100
AcDbSymbolTableRecord
100
AcDbLayerTableRecord
  2
4
 70
     0
 62
     7
  6
Continuous
370
    -3
390
F
347
EE
348
0
1001
AcAecLayerStandard
1000

1000

1001
AcCmTransparency
1071
        0
  0
LAYER
  5
2E79
330
2
100
AcDbSymbolTableRecord
100
AcDbLayerTableRecord
  2
5
 70
     0
 62
     7
  6
Continuous
370
    -3
390
F
347
EE
348
0
1001
AcAecLayerStandard
1000

1000

1001
AcCmTransparency
1071
        0
  0
LAYER
  5
2E7A
330
2
100
AcDbSymbolTableRecord
100
AcDbLayerTableRecord
  2
6
 70
     0
 62
     7
  6
Continuous
370
    -3
390
F
347
EE
348
0
1001
AcAecLayerStandard
1000

1000

1001
AcCmTransparency
1071
        0
  0
LAYER
  5
2E7B
330
2
100
AcDbSymbolTableRecord
100
AcDbLayerTableRecord
  2
7
 70
     0
 62
     7
  6
Continuous
370
    -3
390
F
347
EE
348
0
1001
AcAecLayerStandard
1000

1000

1001
AcCmTransparency
1071
        0
  0
LAYER
  5
2E7C
330
2
100
AcDbSymbolTableRecord
100
AcDbLayerTableRecord
  2
8
 70
     0
 62
     7
  6
Continuous
370
    -3
390
F
347
EE
348
0
1001
AcAecLayerStandard
1000

1000

1001
AcCmTransparency
1071
        0
  0
LAYER
  5
2E7D
330
2
100
AcDbSymbolTableRecord
100
AcDbLayerTableRecord
  2
9
 70
     0
 62
     7
  6
Continuous
370
    -3
390
F
347
EE
348
0
1001
AcAecLayerStandard
1000

1000

1001
AcCmTransparency
1071
        0
  0
LAYER
  5
2E7E
330
2
100
AcDbSymbolTableRecord
100
AcDbLayerTableRecord
  2
10
 70
     0
 62
     7
  6
Continuous
370
    -3
390
F
347
EE
348
0
1001
AcAecLayerStandard
1000

1000

1001
AcCmTransparency
1071
        0
  0
LAYER
  5
2E7F
330
2
100
AcDbSymbolTableRecord
100
AcDbLayerTableRecord
  2
11
 70
     0
 62
     7
  6
Continuous
370
    -3
390
F
347
EE
348
0
1001
AcAecLayerStandard
1000

1000

1001
AcCmTransparency
1071
        0
  0
LAYER
  5
2E80
330
2
100
AcDbSymbolTableRecord
100
AcDbLayerTableRecord
  2
12
 70
     0
 62
     7
  6
Continuous
370
    -3
390
F
347
EE
348
0
1001
AcAecLayerStandard
1000

1000

1001
AcCmTransparency
1071
        0
  0
LAYER
  5
2E81
330
2
100
AcDbSymbolTableRecord
100
AcDbLayerTableRecord
  2
13
 70
     0
 62
     7
  6
Continuous
370
    -3
390
F
347
EE
348
0
1001
AcAecLayerStandard
1000

1000

1001
AcCmTransparency
1071
        0
  0
LAYER
  5
2E82
330
2
100
AcDbSymbolTableRecord
100
AcDbLayerTableRecord
  2
14
 70
     0
 62
     7
  6
Continuous
370
    -3
390
F
347
EE
348
0
1001
AcAecLayerStandard
1000

1000

1001
AcCmTransparency
1071
        0
  0
LAYER
  5
2E83
330
2
100
AcDbSymbolTableRecord
100
AcDbLayerTableRecord
  2
15
 70
     0
 62
     7
  6
Continuous
370
    -3
390
F
347
EE
348
0
1001
AcAecLayerStandard
1000

1000

1001
AcCmTransparency
1071
        0
  0
LAYER
  5
2E84
330
2
100
AcDbSymbolTableRecord
100
AcDbLayerTableRecord
  2
16
 70
     0
 62
     7
  6
Continuous
370
    -3
390
F
347
EE
348
0
1001
AcAecLayerStandard
1000

1000

1001
AcCmTransparency
1071
        0
  0
LAYER
  5
2E85
330
2
100
AcDbSymbolTableRecord
100
AcDbLayerTableRecord
  2
17
 70
     0
 62
     7
  6
Continuous
370
    -3
390
F
347
EE
348
0
1001
AcAecLayerStandard
1000

1000

1001
AcCmTransparency
1071
        0
  0
LAYER
  5
2E86
330
2
100
AcDbSymbolTableRecord
100
AcDbLayerTableRecord
  2
18
 70
     0
 62
     7
  6
Continuous
370
    -3
390
F
347
EE
348
0
1001
AcAecLayerStandard
1000

1000

1001
AcCmTransparency
1071
        0
  0
LAYER
  5
2E87
330
2
100
AcDbSymbolTableRecord
100
AcDbLayerTableRecord
  2
19
 70
     0
 62
     7
  6
Continuous
370
    -3
390
F
347
EE
348
0
1001
AcAecLayerStandard
1000

1000

1001
AcCmTransparency
1071
        0
  0
LAYER
  5
2E88
330
2
100
AcDbSymbolTableRecord
100
AcDbLayerTableRecord
  2
20
 70
     0
 62
     7
  6
Continuous
370
    -3
390
F
347
EE
348
0
1001
AcAecLayerStandard
1000

1000

1001
AcCmTransparency
1071
        0
  0
LAYER
  5
2E89
330
2
100
AcDbSymbolTableRecord
100
AcDbLayerTableRecord
  2
21
 70
     0
 62
     7
  6
Continuous
370
    -3
390
F
347
EE
348
0
1001
AcAecLayerStandard
1000

1000

1001
AcCmTransparency
1071
        0
  0
LAYER
  5
2E8A
330
2
100
AcDbSymbolTableRecord
100
AcDbLayerTableRecord
  2
22
 70
     0
 62
     7
  6
Continuous
370
    -3
390
F
347
EE
348
0
1001
AcAecLayerStandard
1000

1000

1001
AcCmTransparency
1071
        0
  0
LAYER
  5
2E8B
330
2
100
AcDbSymbolTableRecord
100
AcDbLayerTableRecord
  2
23
 70
     0
 62
     7
  6
Continuous
370
    -3
390
F
347
EE
348
0
1001
AcAecLayerStandard
1000

1000

1001
AcCmTransparency
1071
        0
  0
LAYER
  5
2E8C
330
2
100
AcDbSymbolTableRecord
100
AcDbLayerTableRecord
  2
24
 70
     0
 62
     7
  6
Continuous
370
    -3
390
F
347
EE
348
0
1001
AcAecLayerStandard
1000

1000

1001
AcCmTransparency
1071
        0
  0
LAYER
  5
2E8D
330
2
100
AcDbSymbolTableRecord
100
AcDbLayerTableRecord
  2
25
 70
     0
 62
    -7
  6
Continuous
370
    -3
390
F
347
EE
348
0
1001
AcAecLayerStandard
1000

1000

1001
AcCmTransparency
1071
        0
  0
LAYER
  5
2E8E
330
2
100
AcDbSymbolTableRecord
100
AcDbLayerTableRecord
  2
26
 70
     0
 62
     7
  6
Continuous
370
    -3
390
F
347
EE
348
0
1001
AcAecLayerStandard
1000

1000

1001
AcCmTransparency
1071
        0
  0
LAYER
  5
2E8F
330
2
100
AcDbSymbolTableRecord
100
AcDbLayerTableRecord
  2
27
 70
     0
 62
     7
  6
Continuous
370
    -3
390
F
347
EE
348
0
1001
AcAecLayerStandard
1000

1000

1001
AcCmTransparency
1071
        0
  0
LAYER
  5
2E90
330
2
100
AcDbSymbolTableRecord
100
AcDbLayerTableRecord
  2
28
 70
     0
 62
     7
  6
Continuous
370
    -3
390
F
347
EE
348
0
1001
AcAecLayerStandard
1000

1000

1001
AcCmTransparency
1071
        0
  0
LAYER
  5
2E91
330
2
100
AcDbSymbolTableRecord
100
AcDbLayerTableRecord
  2
29
 70
     0
 62
     7
  6
Continuous
370
    -3
390
F
347
EE
348
0
1001
AcAecLayerStandard
1000

1000

1001
AcCmTransparency
1071
        0
  0
LAYER
  5
2E92
330
2
100
AcDbSymbolTableRecord
100
AcDbLayerTableRecord
  2
30
 70
     0
 62
     7
  6
Continuous
370
    -3
390
F
347
EE
348
0
1001
AcAecLayerStandard
1000

1000

1001
AcCmTransparency
1071
        0
  0
LAYER
  5
2E93
330
2
100
AcDbSymbolTableRecord
100
AcDbLayerTableRecord
  2
31
 70
     0
 62
     7
  6
Continuous
370
    -3
390
F
347
EE
348
0
1001
AcAecLayerStandard
1000

1000

1001
AcCmTransparency
1071
        0
  0
LAYER
  5
2E94
330
2
100
AcDbSymbolTableRecord
100
AcDbLayerTableRecord
  2
32
 70
     0
 62
     7
  6
Continuous
370
    -3
390
F
347
EE
348
0
1001
AcAecLayerStandard
1000

1000

1001
AcCmTransparency
1071
        0
  0
LAYER
  5
2E95
330
2
100
AcDbSymbolTableRecord
100
AcDbLayerTableRecord
  2
33
 70
     0
 62
     7
  6
Continuous
370
    -3
390
F
347
EE
348
0
1001
AcAecLayerStandard
1000

1000

1001
AcCmTransparency
1071
        0
  0
LAYER
  5
2E96
330
2
100
AcDbSymbolTableRecord
100
AcDbLayerTableRecord
  2
34
 70
     0
 62
     7
  6
Continuous
370
    -3
390
F
347
EE
348
0
1001
AcAecLayerStandard
1000

1000

1001
AcCmTransparency
1071
        0
  0
LAYER
  5
2E97
330
2
100
AcDbSymbolTableRecord
100
AcDbLayerTableRecord
  2
35
 70
     0
 62
     7
  6
Continuous
370
    -3
390
F
347
EE
348
0
1001
AcAecLayerStandard
1000

1000

1001
AcCmTransparency
1071
        0
  0
LAYER
  5
2E98
330
2
100
AcDbSymbolTableRecord
100
AcDbLayerTableRecord
  2
36
 70
     0
 62
     7
  6
Continuous
370
    -3
390
F
347
EE
348
0
1001
AcAecLayerStandard
1000

1000

1001
AcCmTransparency
1071
        0
  0
LAYER
  5
2E99
330
2
100
AcDbSymbolTableRecord
100
AcDbLayerTableRecord
  2
37
 70
     0
 62
     7
  6
Continuous
370
    -3
390
F
347
EE
348
0
1001
AcAecLayerStandard
1000

1000

1001
AcCmTransparency
1071
        0
  0
LAYER
  5
2E9A
330
2
100
AcDbSymbolTableRecord
100
AcDbLayerTableRecord
  2
38
 70
     0
 62
     7
  6
Continuous
370
    -3
390
F
347
EE
348
0
1001
AcAecLayerStandard
1000

1000

1001
AcCmTransparency
1071
        0
  0
LAYER
  5
2E9B
330
2
100
AcDbSymbolTableRecord
100
AcDbLayerTableRecord
  2
39
 70
     0
 62
     7
  6
Continuous
370
    -3
390
F
347
EE
348
0
1001
AcAecLayerStandard
1000

1000

1001
AcCmTransparency
1071
        0
  0
LAYER
  5
2E9C
330
2
100
AcDbSymbolTableRecord
100
AcDbLayerTableRecord
  2
40
 70
     0
 62
     7
  6
Continuous
370
    -3
390
F
347
EE
348
0
1001
AcAecLayerStandard
1000

1000

1001
AcCmTransparency
1071
        0
  0
LAYER
  5
2E9D
330
2
100
AcDbSymbolTableRecord
100
AcDbLayerTableRecord
  2
41
 70
     0
 62
     7
  6
Continuous
370
    -3
390
F
347
EE
348
0
1001
AcAecLayerStandard
1000

1000

1001
AcCmTransparency
1071
        0
  0
LAYER
  5
2E9E
330
2
100
AcDbSymbolTableRecord
100
AcDbLayerTableRecord
  2
42
 70
     0
 62
     7
  6
Continuous
370
    -3
390
F
347
EE
348
0
1001
AcAecLayerStandard
1000

1000

1001
AcCmTransparency
1071
        0
  0
LAYER
  5
2E9F
330
2
100
AcDbSymbolTableRecord
100
AcDbLayerTableRecord
  2
43
 70
     0
 62
     7
  6
Continuous
370
    -3
390
F
347
EE
348
0
1001
AcAecLayerStandard
1000

1000

1001
AcCmTransparency
1071
        0
  0
LAYER
  5
2EA0
330
2
100
AcDbSymbolTableRecord
100
AcDbLayerTableRecord
  2
44
 70
     0
 62
     7
  6
Continuous
370
    -3
390
F
347
EE
348
0
1001
AcAecLayerStandard
1000

1000

1001
AcCmTransparency
1071
        0
  0
LAYER
  5
2EA1
330
2
100
AcDbSymbolTableRecord
100
AcDbLayerTableRecord
  2
45
 70
     0
 62
     7
  6
Continuous
370
    -3
390
F
347
EE
348
0
1001
AcAecLayerStandard
1000

1000

1001
AcCmTransparency
1071
        0
  0
LAYER
  5
2EA2
330
2
100
AcDbSymbolTableRecord
100
AcDbLayerTableRecord
  2
46
 70
     0
 62
     7
  6
Continuous
370
    -3
390
F
347
EE
348
0
1001
AcAecLayerStandard
1000

1000

1001
AcCmTransparency
1071
        0
  0
LAYER
  5
2EA3
330
2
100
AcDbSymbolTableRecord
100
AcDbLayerTableRecord
  2
47
 70
     0
 62
     7
  6
Continuous
370
    -3
390
F
347
EE
348
0
1001
AcAecLayerStandard
1000

1000

1001
AcCmTransparency
1071
        0
  0
LAYER
  5
2EA4
330
2
100
AcDbSymbolTableRecord
100
AcDbLayerTableRecord
  2
48
 70
     0
 62
     7
  6
Continuous
370
    -3
390
F
347
EE
348
0
1001
AcAecLayerStandard
1000

1000

1001
AcCmTransparency
1071
        0
  0
LAYER
  5
2F21
330
2
100
AcDbSymbolTableRecord
100
AcDbLayerTableRecord
  2
A-AREA-____-IDEN
 70
     0
 62
     2
  6
Continuous
370
     9
390
F
347
EE
348
0
  0
LAYER
  5
3205
330
2
100
AcDbSymbolTableRecord
100
AcDbLayerTableRecord
  2
Etapa1
 70
     0
 62
     3
  6
Continuous
370
    -3
390
F
347
EE
348
0
1001
AcAecLayerStandard
1000

1000

1001
AcCmTransparency
1071
        0
  0
LAYER
  5
3206
330
2
100
AcDbSymbolTableRecord
100
AcDbLayerTableRecord
  2
Etapa2
 70
     0
 62
     4
  6
Continuous
370
    -3
390
F
347
EE
348
0
1001
AcAecLayerStandard
1000

1000

1001
AcCmTransparency
1071
        0
  0
LAYER
  5
3331
330
2
100
AcDbSymbolTableRecord
100
AcDbLayerTableRecord
  2
Acceso
 70
     0
 62
     4
  6
Continuous
370
    -3
390
F
347
EE
348
0
1001
AcAecLayerStandard
1000

1000

1001
AcCmTransparency
1071
        0
  0
LAYER
  5
3480
330
2
100
AcDbSymbolTableRecord
100
AcDbLayerTableRecord
  2
Living
 70
     0
 62
     1
  6
Continuous
370
    -3
390
F
347
EE
348
0
1001
AcAecLayerStandard
1000

1000

1001
AcCmTransparency
1071
        0
  0
LAYER
  5
8156
330
2
100
AcDbSymbolTableRecord
100
AcDbLayerTableRecord
  2
Edificios
 70
     0
 62
     5
  6
Continuous
370
    -3
390
F
347
EE
348
0
1001
AcAecLayerStandard
1000

1000

1001
AcCmTransparency
1071
        0
  0
LAYER
  5
8169
330
2
100
AcDbSymbolTableRecord
100
AcDbLayerTableRecord
  2
E
 70
     0
 62
     7
  6
Continuous
370
    -3
390
F
347
EE
348
0
1001
AcAecLayerStandard
1000

1000

1001
AcCmTransparency
1071
        0
  0
ENDTAB
  0
TABLE
  2
STYLE
  5
3
330
0
100
AcDbSymbolTable
 70
     5
  0
STYLE
  5
11
330
3
100
AcDbSymbolTableRecord
100
AcDbTextStyleTableRecord
  2
Standard
 70
     0
 40
0.0
 41
1.0
 50
0.0
 71
     0
 42
2.5
  3
Arial.ttf
  4

1001
ACAD
1000
Arial
1071
       34
  0
STYLE
  5
132
330
3
100
AcDbSymbolTableRecord
100
AcDbTextStyleTableRecord
  2
Anotativo
 70
     0
 40
0.0
 41
1.0
 50
0.0
 71
     0
 42
2.5
  3
Arial.ttf
  4

1001
AcadAnnotative
1000
AnnotativeData
1002
{
1070
     1
1070
     1
1002
}
1001
ACAD
1000
Arial
1071
       34
  0
STYLE
  5
2D5
330
3
100
AcDbSymbolTableRecord
100
AcDbTextStyleTableRecord
  2
Calibri_1
 70
     0
 40
1250.0
 41
0.75
 50
0.0
 71
     0
 42
0.2
  3

  4

1001
ACAD
1000
Calibri
1071
       34
  0
STYLE
  5
2F22
330
3
100
AcDbSymbolTableRecord
100
AcDbTextStyleTableRecord
  2
Calibri_2
 70
     0
 40
1999.999999999997
 41
1.0
 50
0.0
 71
     0
 42
0.2
  3

  4

1001
ACAD
1000
Calibri
1071
       34
  0
STYLE
  5
2F23
330
3
100
AcDbSymbolTableRecord
100
AcDbTextStyleTableRecord
  2
Calibri_B
 70
     0
 40
1999.999999999997
 41
1.0
 50
0.0
 71
     0
 42
0.2
  3

  4

1001
ACAD
1000
Calibri
1071
 33554466
  0
ENDTAB
  0
TABLE
  2
VIEW
  5
6
330
0
100
AcDbSymbolTable
 70
    12
  0
ENDTAB
  0
TABLE
  2
UCS
  5
7
330
0
100
AcDbSymbolTable
 70
     0
  0
ENDTAB
  0
TABLE
  2
APPID
  5
9
330
0
100
AcDbSymbolTable
 70
    12
  0
APPID
  5
12
330
9
100
AcDbSymbolTableRecord
100
AcDbRegAppTableRecord
  2
ACAD
 70
     0
  0
APPID
  5
9E
330
9
100
AcDbSymbolTableRecord
100
AcDbRegAppTableRecord
  2
ACAD_PSEXT
 70
     0
  0
APPID
  5
133
330
9
100
AcDbSymbolTableRecord
100
AcDbRegAppTableRecord
  2
AcadAnnoPO
 70
     0
  0
APPID
  5
134
330
9
100
AcDbSymbolTableRecord
100
AcDbRegAppTableRecord
  2
AcadAnnotative
 70
     0
  0
APPID
  5
135
330
9
100
AcDbSymbolTableRecord
100
AcDbRegAppTableRecord
  2
ACAD_DSTYLE_DIMJAG
 70
     0
  0
APPID
  5
136
330
9
100
AcDbSymbolTableRecord
100
AcDbRegAppTableRecord
  2
ACAD_DSTYLE_DIMTALN
 70
     0
  0
APPID
  5
165
330
9
100
AcDbSymbolTableRecord
100
AcDbRegAppTableRecord
  2
ACAD_MLEADERVER
 70
     0
  0
APPID
  5
217
330
9
100
AcDbSymbolTableRecord
100
AcDbRegAppTableRecord
  2
ACAD_NAV_VCDISPLAY
 70
     0
  0
APPID
  5
2D9
330
9
100
AcDbSymbolTableRecord
100
AcDbRegAppTableRecord
  2
REVIT
 70
     0
  0
APPID
  5
2837
330
9
100
AcDbSymbolTableRecord
100
AcDbRegAppTableRecord
  2
AcAecLayerStandard
 70
     0
  0
APPID
  5
2838
330
9
100
AcDbSymbolTableRecord
100
AcDbRegAppTableRecord
  2
AcCmTransparency
 70
     0
  0
APPID
  5
2EA5
330
9
100
AcDbSymbolTableRecord
100
AcDbRegAppTableRecord
  2
ACAD_EXEMPT_FROM_CAD_STANDARDS
 70
     0
  0
ENDTAB
  0
TABLE
  2
DIMSTYLE
  5
A
330
0
100
AcDbSymbolTable
 70
     7
100
AcDbDimStyleTable
 71
     2
340
27
340
137
  0
DIMSTYLE
105
1B0
330
A
100
AcDbSymbolTableRecord
100
AcDbDimStyleTableRecord
  2
Standard
 70
     0
340
11
  0
DIMSTYLE
105
137
330
A
100
AcDbSymbolTableRecord
100
AcDbDimStyleTableRecord
  2
Anotativo
 70
     0
 40
0.0
 41
2.5
 42
0.625
 43
3.75
 44
1.25
 73
     0
 74
     0
 77
     1
 78
     8
140
2.5
141
2.5
143
0.03937007874016
147
0.625
171
     3
172
     1
271
     2
272
     2
274
     3
278
    44
283
     0
284
     8
340
11
1001
AcadAnnotative
1000
AnnotativeData
1002
{
1070
     1
1070
     1
1002
}
1001
ACAD_DSTYLE_DIMJAG
1070
   388
1040
1.5
1001
ACAD_DSTYLE_DIMTALN
1070
   392
1070
     0
  0
DIMSTYLE
105
27
330
A
100
AcDbSymbolTableRecord
100
AcDbDimStyleTableRecord
  2
ISO-25
 70
     0
 41
2.5
 42
0.625
 43
3.75
 44
1.25
 73
     0
 74
     0
 77
     1
 78
     8
140
2.5
141
2.5
143
0.03937007874016
147
0.625
171
     3
172
     1
271
     2
272
     2
274
     3
278
    44
283
     0
284
     8
340
11
  0
DIMSTYLE
105
2D6
330
A
100
AcDbSymbolTableRecord
100
AcDbDimStyleTableRecord
  2
Cota_2_5_mm_1dec_cm_Negro
 70
     0
  3
<>
 40
304.8
 41
4.101049868766404
 44
1.640419947506561
 45
0.1
 46
1.640419947506561
 49
0.0161458656250646
 73
     0
 74
     0
 77
     1
 78
     8
 90
        2
140
4.828364599073212
144
30.48
145
1.0
147
0.8202099737532808
172
     1
173
     1
174
     1
271
     1
290
     1
340
2D5
343
2CE
344
2CE
  0
DIMSTYLE
105
2D7
330
A
100
AcDbSymbolTableRecord
100
AcDbDimStyleTableRecord
  2
Cota_2_5_mm_1dec_m_Negro
 70
     0
  3
<>
 40
304.8
 41
4.101049868766404
 44
1.640419947506561
 45
0.1
 46
1.640419947506561
 49
0.0161458656250646
 73
     0
 74
     0
 77
     1
 78
     8
 90
        2
140
4.828364599073212
144
0.3048
145
1.0
147
0.8202099737532808
172
     1
173
     1
174
     1
271
     1
290
     1
340
2D5
343
2CE
344
2CE
  0
DIMSTYLE
105
2D8
330
A
100
AcDbSymbolTableRecord
100
AcDbDimStyleTableRecord
  2
Cota_2_5_mm_1dec_m_Negro_1
 70
     0
  3
<>
 40
304.8
 41
4.101049868766404
 44
1.640419947506561
 45
0.1
 46
1.640419947506561
 49
0.0161458656250646
 73
     0
 74
     0
 77
     1
 78
     8
 90
        2
140
4.828364599073212
144
0.3048
145
1.0
147
0.8202099737532808
172
     1
173
     1
174
     1
271
     1
279
     2
288
     1
290
     1
340
2D5
343
2CE
344
2CE
  0
ENDTAB
  0
TABLE
  2
BLOCK_RECORD
  5
1
330
0
100
AcDbSymbolTable
 70
     4
  0
BLOCK_RECORD
  5
1F
102
{ACAD_XDICTIONARY
360
1CE
102
}
330
1
100
AcDbSymbolTableRecord
100
AcDbBlockTableRecord
  2
*Model_Space
340
22
 70
     0
280
     1
281
     0
  0
BLOCK_RECORD
  5
D6
330
1
100
AcDbSymbolTableRecord
100
AcDbBlockTableRecord
  2
*Paper_Space
340
D7
 70
     0
280
     1
281
     0
  0
BLOCK_RECORD
  5
D2
330
1
100
AcDbSymbolTableRecord
100
AcDbBlockTableRecord
  2
*Paper_Space0
340
D3
 70
     0
280
     1
281
     0
  0
BLOCK_RECORD
  5
2CE
330
1
100
AcDbSymbolTableRecord
100
AcDbBlockTableRecord
  2
_Oblique
340
0
 70
     0
280
     1
281
     0
  0
ENDTAB
  0
ENDSEC
  0
SECTION
  2
BLOCKS
  0
BLOCK
  5
20
330
1F
100
AcDbEntity
  8
0
100
AcDbBlockBegin
  2
*Model_Space
 70
     0
 10
0.0
 20
0.0
 30
0.0
  3
*Model_Space
  1

  0
ENDBLK
  5
21
330
1F
100
AcDbEntity
  8
0
100
AcDbBlockEnd
  0
BLOCK
  5
D8
330
D6
100
AcDbEntity
 67
     1
  8
0
100
AcDbBlockBegin
  2
*Paper_Space
 70
     0
 10
0.0
 20
0.0
 30
0.0
  3
*Paper_Space
  1

  0
ENDBLK
  5
D9
330
D6
100
AcDbEntity
 67
     1
  8
0
100
AcDbBlockEnd
  0
BLOCK
  5
D4
330
D2
100
AcDbEntity
 67
     1
  8
0
100
AcDbBlockBegin
  2
*Paper_Space0
 70
     0
 10
0.0
 20
0.0
 30
0.0
  3
*Paper_Space0
  1

  0
VIEWPORT
  5
32FC
102
{ACAD_XDICTIONARY
360
32FD
102
}
330
D2
100
AcDbEntity
 67
     1
  8
0
100
AcDbViewport
 10
128.5
 20
97.5
 30
0.0
 40
362.8210344827587
 41
222.18
 68
     1
 69
     1
 12
128.5
 22
97.5
 13
0.0
 23
0.0
 14
10.0
 24
10.0
 15
10.0
 25
10.0
 16
0.0
 26
0.0
 36
1.0
 17
0.0
 27
0.0
 37
0.0
 42
50.0
 43
0.0
 44
0.0
 45
222.18
 50
0.0
 51
0.0
 72
  1000
 90
   819232
  1

281
     0
 71
     1
 74
     0
110
0.0
120
0.0
130
0.0
111
1.0
121
0.0
131
0.0
112
0.0
122
1.0
132
0.0
 79
     0
146
0.0
170
     0
 61
     5
348
F5
292
     1
282
     1
141
0.0
142
0.0
 63
   250
421
  3355443
  0
VIEWPORT
  5
3300
102
{ACAD_XDICTIONARY
360
3301
102
}
330
D2
100
AcDbEntity
 67
     1
  8
Etapa1
100
AcDbViewport
 10
128.5
 20
97.5
 30
0.0
 40
205.6
 41
156.0
 68
     2
 69
     2
 12
135648.34033482
 22
153144.9664687681
 13
0.0
 23
0.0
 14
10.0
 24
10.0
 15
10.0
 25
10.0
 16
0.0
 26
0.0
 36
1.0
 17
0.0
 27
0.0
 37
0.0
 42
50.0
 43
0.0
 44
0.0
 45
293251.163164156
 50
0.0
 51
0.0
 72
  1000
 90
   819808
  1

281
     0
 71
     1
 74
     0
110
0.0
120
0.0
130
0.0
111
1.0
121
0.0
131
0.0
112
0.0
122
1.0
132
0.0
 79
     0
146
0.0
170
     0
 61
     5
348
F5
292
     1
282
     1
141
0.0
142
0.0
 63
   250
421
  3355443
  0
ENDBLK
  5
D5
330
D2
100
AcDbEntity
 67
     1
  8
0
100
AcDbBlockEnd
  0
BLOCK
  5
2CF
330
2CE
100
AcDbEntity
  8
0
100
AcDbBlockBegin
  2
_Oblique
 70
     0
 10
0.0
 20
0.0
 30
0.0
  3
_Oblique
  1

  0
LINE
  5
2D0
330
2CE
100
AcDbEntity
  8
0
  6
ByBlock
 62
     0
370
    -2
100
AcDbLine
 10
-0.5
 20
-0.5
 30
0.0
 11
0.5
 21
0.5
 31
0.0
  0
ENDBLK
  5
2D1
330
2CE
100
AcDbEntity
  8
0
100
AcDbBlockEnd
  0
ENDSEC
  0
SECTION
  2
ENTITIES
  0
ARC
  5
2B5B
330
1F
100
AcDbEntity
  8
General
 62
   210
370
    70
100
AcDbCircle
 10
319167.4137042958
 20
97370.05529358157
 30
0.0
 40
77118.21844661675
100
AcDbArc
 50
155.9506096001567
 51
178.0268897672075
1001
REVIT
1002
{
1070
     1
1000
4340486
1002
}
1002
{
1070
     2
1000
-2000051
1002
}
1002
{
1070
     3
1000
-2000079
1002
}
  0
ARC
  5
2B5C
330
1F
100
AcDbEntity
  8
General
 62
   210
370
    70
100
AcDbCircle
 10
319167.4137054688
 20
97370.05529357901
 30
0.0
 40
77118.21844778881
100
AcDbArc
 50
178.006188293965
 51
182.2335055601569
1001
REVIT
1002
{
1070
     1
1000
4340553
1002
}
1002
{
1070
     2
1000
-2000051
1002
}
1002
{
1070
     3
1000
-2000079
1002
}
  0
ARC
  5
2B5D
330
1F
100
AcDbEntity
  8
General
 62
   210
370
    70
100
AcDbCircle
 10
600183.8160348517
 20
98736.78973327425
 30
0.0
 40
358102.7256535155
100
AcDbArc
 50
180.6995609534529
 51
182.4636220376466
1001
REVIT
1002
{
1070
     1
1000
4340595
1002
}
1002
{
1070
     2
1000
-2000051
1002
}
1002
{
1070
     3
1000
-2000079
1002
}
  0
ARC
  5
2B5E
330
1F
100
AcDbEntity
  8
General
 62
   210
370
    70
100
AcDbCircle
 10
614778.1847359166
 20
97876.83935696248
 30
0.0
 40
372649.604790137
100
AcDbArc
 50
182.235069153847
 51
184.7926035720321
1001
REVIT
1002
{
1070
     1
1000
4342330
1002
}
1002
{
1070
     2
1000
-2000051
1002
}
1002
{
1070
     3
1000
-2000079
1002
}
  0
ARC
  5
2B5F
330
1F
100
AcDbEntity
  8
General
 62
   210
370
    70
100
AcDbCircle
 10
639257.3611213492
 20
99960.86638792732
 30
0.0
 40
397217.3135320037
100
AcDbArc
 50
184.7971508086893
 51
187.202849170439
1001
REVIT
1002
{
1070
     1
1000
4342386
1002
}
1002
{
1070
     2
1000
-2000051
1002
}
1002
{
1070
     3
1000
-2000079
1002
}
  0
ARC
  5
2B60
330
1F
100
AcDbEntity
  8
General
 62
   210
370
    70
100
AcDbCircle
 10
402819.9320385854
 20
72987.49975761119
 30
0.0
 40
159289.8695048669
100
AcDbArc
 50
188.2404918932422
 51
199.7107533655814
1001
REVIT
1002
{
1070
     1
1000
4343032
1002
}
1002
{
1070
     2
1000
-2000051
1002
}
1002
{
1070
     3
1000
-2000079
1002
}
  0
LINE
  5
2B61
330
1F
100
AcDbEntity
  8
General
 62
   210
370
    70
100
AcDbLine
 10
252863.2921942213
 20
19263.4949417723
 30
0.0
 11
229322.8127208163
 21
12678.73116823786
 31
0.0
1001
REVIT
1002
{
1070
     1
1000
4343215
1002
}
1002
{
1070
     2
1000
-2000051
1002
}
1002
{
1070
     3
1000
-2000079
1002
}
  0
LINE
  5
2B62
330
1F
100
AcDbEntity
  8
General
 62
   210
370
    70
100
AcDbLine
 10
229322.6250075299
 20
12680.29139299166
 30
0.0
 11
225757.3356770153
 21
11697.39095541403
 31
0.0
1001
REVIT
1002
{
1070
     1
1000
4343251
1002
}
1002
{
1070
     2
1000
-2000051
1002
}
1002
{
1070
     3
1000
-2000079
1002
}
  0
LINE
  5
2B63
330
1F
100
AcDbEntity
  8
General
 62
   210
370
    70
100
AcDbLine
 10
225757.3356770153
 20
11697.39095541403
 30
0.0
 11
217214.6995302705
 21
10050.16065447625
 31
0.0
1001
REVIT
1002
{
1070
     1
1000
4343304
1002
}
1002
{
1070
     2
1000
-2000051
1002
}
1002
{
1070
     3
1000
-2000079
1002
}
  0
LINE
  5
2B64
330
1F
100
AcDbEntity
  8
General
 62
   210
370
    70
100
AcDbLine
 10
217214.6995302705
 20
10050.16065447625
 30
0.0
 11
206435.335678252
 21
8049.390955372592
 31
0.0
1001
REVIT
1002
{
1070
     1
1000
4343346
1002
}
1002
{
1070
     2
1000
-2000051
1002
}
1002
{
1070
     3
1000
-2000079
1002
}
  0
LINE
  5
2B65
330
1F
100
AcDbEntity
  8
General
 62
   210
370
    70
100
AcDbLine
 10
206435.335678252
 20
8049.390955372592
 30
0.0
 11
190894.3363179002
 21
9720.392913855491
 31
0.0
1001
REVIT
1002
{
1070
     1
1000
4343422
1002
}
1002
{
1070
     2
1000
-2000051
1002
}
1002
{
1070
     3
1000
-2000079
1002
}
  0
LINE
  5
2B66
330
1F
100
AcDbEntity
  8
General
 62
   210
370
    70
100
AcDbLine
 10
190894.3363179002
 20
9720.392913855491
 30
0.0
 11
183756.3363613808
 21
10515.39291011623
 31
0.0
1001
REVIT
1002
{
1070
     1
1000
4343455
1002
}
1002
{
1070
     2
1000
-2000051
1002
}
1002
{
1070
     3
1000
-2000079
1002
}
  0
LINE
  5
2B67
330
1F
100
AcDbEntity
  8
General
 62
   210
370
    70
100
AcDbLine
 10
183756.3363613808
 20
10515.39291011623
 30
0.0
 11
170551.3363529259
 21
13966.39291326037
 31
0.0
1001
REVIT
1002
{
1070
     1
1000
4343510
1002
}
1002
{
1070
     2
1000
-2000051
1002
}
1002
{
1070
     3
1000
-2000079
1002
}
  0
LINE
  5
2B68
330
1F
100
AcDbEntity
  8
General
 62
   210
370
    70
100
AcDbLine
 10
170551.3363529259
 20
13966.39291326037
 30
0.0
 11
163674.3363637739
 21
16007.39291154022
 31
0.0
1001
REVIT
1002
{
1070
     1
1000
4343575
1002
}
1002
{
1070
     2
1000
-2000051
1002
}
1002
{
1070
     3
1000
-2000079
1002
}
  0
LINE
  5
2B69
330
1F
100
AcDbEntity
  8
General
 62
   210
370
    70
100
AcDbLine
 10
163674.3363637739
 20
16007.39291154022
 30
0.0
 11
151015.3363619378
 21
21080.39291511929
 31
0.0
1001
REVIT
1002
{
1070
     1
1000
4343656
1002
}
1002
{
1070
     2
1000
-2000051
1002
}
1002
{
1070
     3
1000
-2000079
1002
}
  0
LINE
  5
2B6A
330
1F
100
AcDbEntity
  8
General
 62
   210
370
    70
100
AcDbLine
 10
151015.3363619378
 20
21080.39291511929
 30
0.0
 11
140838.3363766755
 21
25375.3928983485
 31
0.0
1001
REVIT
1002
{
1070
     1
1000
4343714
1002
}
1002
{
1070
     2
1000
-2000051
1002
}
1002
{
1070
     3
1000
-2000079
1002
}
  0
LINE
  5
2B6B
330
1F
100
AcDbEntity
  8
General
 62
   210
370
    70
100
AcDbLine
 10
140838.3363766755
 20
25375.3928983485
 30
0.0
 11
135573.3363519414
 21
27665.39290859771
 31
0.0
1001
REVIT
1002
{
1070
     1
1000
4343744
1002
}
1002
{
1070
     2
1000
-2000051
1002
}
1002
{
1070
     3
1000
-2000079
1002
}
  0
LINE
  5
2B6C
330
1F
100
AcDbEntity
  8
General
 62
   210
370
    70
100
AcDbLine
 10
135573.3363519414
 20
27665.39290859771
 30
0.0
 11
129387.3364043339
 21
30421.3929039383
 31
0.0
1001
REVIT
1002
{
1070
     1
1000
4343789
1002
}
1002
{
1070
     2
1000
-2000051
1002
}
1002
{
1070
     3
1000
-2000079
1002
}
  0
LINE
  5
2B6D
330
1F
100
AcDbEntity
  8
General
 62
   210
370
    70
100
AcDbLine
 10
129387.3364043339
 20
30421.3929039383
 30
0.0
 11
120105.3363553082
 21
34353.39291247061
 31
0.0
1001
REVIT
1002
{
1070
     1
1000
4343859
1002
}
1002
{
1070
     2
1000
-2000051
1002
}
1002
{
1070
     3
1000
-2000079
1002
}
  0
LINE
  5
2B6E
330
1F
100
AcDbEntity
  8
General
 62
   210
370
    70
100
AcDbLine
 10
120105.3363553082
 20
34353.39291247061
 30
0.0
 11
110868.3363518483
 21
38741.39290243329
 31
0.0
1001
REVIT
1002
{
1070
     1
1000
4343929
1002
}
1002
{
1070
     2
1000
-2000051
1002
}
1002
{
1070
     3
1000
-2000079
1002
}
  0
LINE
  5
2B6F
330
1F
100
AcDbEntity
  8
General
 62
   210
370
    70
100
AcDbLine
 10
110868.3363518483
 20
38741.39290243329
 30
0.0
 11
102356.3363629222
 21
42938.39291056698
 31
0.0
1001
REVIT
1002
{
1070
     1
1000
4343980
1002
}
1002
{
1070
     2
1000
-2000051
1002
}
1002
{
1070
     3
1000
-2000079
1002
}
  0
LINE
  5
2B70
330
1F
100
AcDbEntity
  8
General
 62
   210
370
    70
100
AcDbLine
 10
102356.3363629222
 20
42938.39291056698
 30
0.0
 11
99887.33638197569
 21
46404.39290953089
 31
0.0
1001
REVIT
1002
{
1070
     1
1000
4344061
1002
}
1002
{
1070
     2
1000
-2000051
1002
}
1002
{
1070
     3
1000
-2000079
1002
}
  0
LINE
  5
2B71
330
1F
100
AcDbEntity
  8
General
 62
   210
370
    70
100
AcDbLine
 10
99887.33638197569
 20
46404.39290953089
 30
0.0
 11
93229.33636445565
 21
56834.39291022752
 31
0.0
1001
REVIT
1002
{
1070
     1
1000
4344133
1002
}
1002
{
1070
     2
1000
-2000051
1002
}
1002
{
1070
     3
1000
-2000079
1002
}
  0
LINE
  5
2B72
330
1F
100
AcDbEntity
  8
General
 62
   210
370
    70
100
AcDbLine
 10
93229.33636445565
 20
56834.39291022752
 30
0.0
 11
90346.33636128356
 21
61809.39290793181
 31
0.0
1001
REVIT
1002
{
1070
     1
1000
4344176
1002
}
1002
{
1070
     2
1000
-2000051
1002
}
1002
{
1070
     3
1000
-2000079
1002
}
  0
LINE
  5
2B73
330
1F
100
AcDbEntity
  8
General
 62
   210
370
    70
100
AcDbLine
 10
90346.33636128356
 20
61809.39290793181
 30
0.0
 11
86605.33635530541
 21
66371.39285382756
 31
0.0
1001
REVIT
1002
{
1070
     1
1000
4344219
1002
}
1002
{
1070
     2
1000
-2000051
1002
}
1002
{
1070
     3
1000
-2000079
1002
}
  0
LINE
  5
2B74
330
1F
100
AcDbEntity
  8
General
 62
   210
370
    70
100
AcDbLine
 10
86605.33635530541
 20
66371.39285382756
 30
0.0
 11
81706.3364213115
 21
72633.39258652448
 31
0.0
1001
REVIT
1002
{
1070
     1
1000
4344282
1002
}
1002
{
1070
     2
1000
-2000051
1002
}
1002
{
1070
     3
1000
-2000079
1002
}
  0
LINE
  5
2B75
330
1F
100
AcDbEntity
  8
General
 62
   210
370
    70
100
AcDbLine
 10
81706.3364213115
 20
72633.39258652448
 30
0.0
 11
76486.15272328084
 21
79341.57282849878
 31
0.0
1001
REVIT
1002
{
1070
     1
1000
4344323
1002
}
1002
{
1070
     2
1000
-2000051
1002
}
1002
{
1070
     3
1000
-2000079
1002
}
  0
LINE
  5
2B76
330
1F
100
AcDbEntity
  8
General
 62
   210
370
    70
100
AcDbLine
 10
76486.15272328084
 20
79341.57282849878
 30
0.0
 11
71268.33636068472
 21
87734.39290210429
 31
0.0
1001
REVIT
1002
{
1070
     1
1000
4344397
1002
}
1002
{
1070
     2
1000
-2000051
1002
}
1002
{
1070
     3
1000
-2000079
1002
}
  0
LINE
  5
2B77
330
1F
100
AcDbEntity
  8
General
 62
   210
370
    70
100
AcDbLine
 10
71268.33636068472
 20
87734.39290210429
 30
0.0
 11
67140.33636298742
 21
93753.39290800958
 31
0.0
1001
REVIT
1002
{
1070
     1
1000
4344438
1002
}
1002
{
1070
     2
1000
-2000051
1002
}
1002
{
1070
     3
1000
-2000079
1002
}
  0
LINE
  5
2B78
330
1F
100
AcDbEntity
  8
General
 62
   210
370
    70
100
AcDbLine
 10
67140.33636298742
 20
93753.39290800958
 30
0.0
 11
62035.33636160999
 21
102087.3929068801
 31
0.0
1001
REVIT
1002
{
1070
     1
1000
4344476
1002
}
1002
{
1070
     2
1000
-2000051
1002
}
1002
{
1070
     3
1000
-2000079
1002
}
  0
LINE
  5
2B79
330
1F
100
AcDbEntity
  8
General
 62
   210
370
    70
100
AcDbLine
 10
62035.33636160999
 20
102087.3929068801
 30
0.0
 11
56095.33636026982
 21
110061.3929109409
 31
0.0
1001
REVIT
1002
{
1070
     1
1000
4344506
1002
}
1002
{
1070
     2
1000
-2000051
1002
}
1002
{
1070
     3
1000
-2000079
1002
}
  0
LINE
  5
2B7A
330
1F
100
AcDbEntity
  8
General
 62
   210
370
    70
100
AcDbLine
 10
56095.33636026982
 20
110061.3929109409
 30
0.0
 11
52626.91823055142
 21
119487.9723663839
 31
0.0
1001
REVIT
1002
{
1070
     1
1000
4344564
1002
}
1002
{
1070
     2
1000
-2000051
1002
}
1002
{
1070
     3
1000
-2000079
1002
}
  0
LINE
  5
2B7B
330
1F
100
AcDbEntity
  8
General
 62
   210
370
    70
100
AcDbLine
 10
52626.91823055142
 20
119487.9723663839
 30
0.0
 11
47366.99829471776
 21
135293.6090065586
 31
0.0
1001
REVIT
1002
{
1070
     1
1000
4344634
1002
}
1002
{
1070
     2
1000
-2000051
1002
}
1002
{
1070
     3
1000
-2000079
1002
}
  0
LINE
  5
2B7C
330
1F
100
AcDbEntity
  8
General
 62
   210
370
    70
100
AcDbLine
 10
47366.99829471776
 20
135293.6090065586
 30
0.0
 11
43968.3363646042
 21
144835.3928972374
 31
0.0
1001
REVIT
1002
{
1070
     1
1000
4344661
1002
}
1002
{
1070
     2
1000
-2000051
1002
}
1002
{
1070
     3
1000
-2000079
1002
}
  0
LINE
  5
2B7D
330
1F
100
AcDbEntity
  8
General
 62
   210
370
    70
100
AcDbLine
 10
43968.3363646042
 20
144835.3928972374
 30
0.0
 11
42389.52786893457
 21
149579.5855297093
 31
0.0
1001
REVIT
1002
{
1070
     1
1000
4344710
1002
}
1002
{
1070
     2
1000
-2000051
1002
}
1002
{
1070
     3
1000
-2000079
1002
}
  0
LINE
  5
2B7E
330
1F
100
AcDbEntity
  8
General
 62
   210
370
    70
100
AcDbLine
 10
42389.52786893457
 20
149579.5855297093
 30
0.0
 11
38628.33633215832
 21
162792.39295724
 31
0.0
1001
REVIT
1002
{
1070
     1
1000
4344736
1002
}
1002
{
1070
     2
1000
-2000051
1002
}
1002
{
1070
     3
1000
-2000079
1002
}
  0
LINE
  5
2B7F
330
1F
100
AcDbEntity
  8
General
 62
   210
370
    70
100
AcDbLine
 10
38628.33633215832
 20
162792.39295724
 30
0.0
 11
36529.33636808641
 21
171116.3929190169
 31
0.0
1001
REVIT
1002
{
1070
     1
1000
4344806
1002
}
1002
{
1070
     2
1000
-2000051
1002
}
1002
{
1070
     3
1000
-2000079
1002
}
  0
LINE
  5
2B80
330
1F
100
AcDbEntity
  8
General
 62
   210
370
    70
100
AcDbLine
 10
36529.33636808641
 20
171116.3929190169
 30
0.0
 11
35434.33639163398
 21
175044.3927479797
 31
0.0
1001
REVIT
1002
{
1070
     1
1000
4344850
1002
}
1002
{
1070
     2
1000
-2000051
1002
}
1002
{
1070
     3
1000
-2000079
1002
}
  0
LINE
  5
2B81
330
1F
100
AcDbEntity
  8
General
 62
   210
370
    70
100
AcDbLine
 10
35434.33639163398
 20
175044.3927479797
 30
0.0
 11
32801.3363344503
 21
184305.3929555254
 31
0.0
1001
REVIT
1002
{
1070
     1
1000
4344880
1002
}
1002
{
1070
     2
1000
-2000051
1002
}
1002
{
1070
     3
1000
-2000079
1002
}
  0
LINE
  5
2B82
330
1F
100
AcDbEntity
  8
General
 62
   210
370
    70
100
AcDbLine
 10
32801.3363344503
 20
184305.3929555254
 30
0.0
 11
32048.33633675859
 21
186899.3930473278
 31
0.0
1001
REVIT
1002
{
1070
     1
1000
4344988
1002
}
1002
{
1070
     2
1000
-2000051
1002
}
1002
{
1070
     3
1000
-2000079
1002
}
  0
LINE
  5
2B83
330
1F
100
AcDbEntity
  8
General
 62
   210
370
    70
100
AcDbLine
 10
32048.33633675859
 20
186899.3930473278
 30
0.0
 11
29632.33636169335
 21
195435.3929136008
 31
0.0
1001
REVIT
1002
{
1070
     1
1000
4345027
1002
}
1002
{
1070
     2
1000
-2000051
1002
}
1002
{
1070
     3
1000
-2000079
1002
}
  0
LINE
  5
2B84
330
1F
100
AcDbEntity
  8
General
 62
   210
370
    70
100
AcDbLine
 10
29632.33636169335
 20
195435.3929136008
 30
0.0
 11
27993.33636964312
 21
201037.3929535846
 31
0.0
1001
REVIT
1002
{
1070
     1
1000
4345069
1002
}
1002
{
1070
     2
1000
-2000051
1002
}
1002
{
1070
     3
1000
-2000079
1002
}
  0
LINE
  5
2B85
330
1F
100
AcDbEntity
  8
General
 62
   210
370
    70
100
AcDbLine
 10
27993.33636964312
 20
201037.3929535846
 30
0.0
 11
27248.13251699194
 21
203742.5924428891
 31
0.0
1001
REVIT
1002
{
1070
     1
1000
4345107
1002
}
1002
{
1070
     2
1000
-2000051
1002
}
1002
{
1070
     3
1000
-2000079
1002
}
  0
LINE
  5
2B86
330
1F
100
AcDbEntity
  8
General
 62
   210
370
    70
100
AcDbLine
 10
27248.13251699194
 20
203742.5924428891
 30
0.0
 11
26633.33635906376
 21
205974.3928976221
 31
0.0
1001
REVIT
1002
{
1070
     1
1000
4345144
1002
}
1002
{
1070
     2
1000
-2000051
1002
}
1002
{
1070
     3
1000
-2000079
1002
}
  0
LINE
  5
2B87
330
1F
100
AcDbEntity
  8
General
 62
   210
370
    70
100
AcDbLine
 10
26633.33635906376
 20
205974.3928976221
 30
0.0
 11
25365.29572736113
 21
210235.0861766673
 31
0.0
1001
REVIT
1002
{
1070
     1
1000
4345170
1002
}
1002
{
1070
     2
1000
-2000051
1002
}
1002
{
1070
     3
1000
-2000079
1002
}
  0
LINE
  5
2B88
330
1F
100
AcDbEntity
  8
General
 62
   210
370
    70
100
AcDbLine
 10
25365.29572736113
 20
210235.0861766673
 30
0.0
 11
22088.33635163646
 21
221236.3929883571
 31
0.0
1001
REVIT
1002
{
1070
     1
1000
4345233
1002
}
1002
{
1070
     2
1000
-2000051
1002
}
1002
{
1070
     3
1000
-2000079
1002
}
  0
LINE
  5
2B89
330
1F
100
AcDbEntity
  8
General
 62
   210
370
    70
100
AcDbLine
 10
22088.33635163646
 20
221236.3929883571
 30
0.0
 11
20342.33638675757
 21
227333.3928654668
 31
0.0
1001
REVIT
1002
{
1070
     1
1000
4345268
1002
}
1002
{
1070
     2
1000
-2000051
1002
}
1002
{
1070
     3
1000
-2000079
1002
}
  0
LINE
  5
2B8A
330
1F
100
AcDbEntity
  8
General
 62
   210
370
    70
100
AcDbLine
 10
20342.33638675757
 20
227333.3928654668
 30
0.0
 11
18350.33635919507
 21
234836.3929015336
 31
0.0
1001
REVIT
1002
{
1070
     1
1000
4345324
1002
}
1002
{
1070
     2
1000
-2000051
1002
}
1002
{
1070
     3
1000
-2000079
1002
}
  0
LINE
  5
2B8B
330
1F
100
AcDbEntity
  8
General
 62
   210
370
    70
100
AcDbLine
 10
18350.33635919507
 20
234836.3929015336
 30
0.0
 11
14743.33635003831
 21
246487.3929244235
 31
0.0
1001
REVIT
1002
{
1070
     1
1000
4345373
1002
}
1002
{
1070
     2
1000
-2000051
1002
}
1002
{
1070
     3
1000
-2000079
1002
}
  0
LINE
  5
2B8C
330
1F
100
AcDbEntity
  8
General
 62
   210
370
    70
100
AcDbLine
 10
14743.33635003831
 20
246487.3929244235
 30
0.0
 11
12368.3363565571
 21
255663.3928861014
 31
0.0
1001
REVIT
1002
{
1070
     1
1000
4345418
1002
}
1002
{
1070
     2
1000
-2000051
1002
}
1002
{
1070
     3
1000
-2000079
1002
}
  0
LINE
  5
2B8D
330
1F
100
AcDbEntity
  8
General
 62
   210
370
    70
100
AcDbLine
 10
12368.3363565571
 20
255663.3928861014
 30
0.0
 11
7644.090525833554
 21
270754.8390239418
 31
0.0
1001
REVIT
1002
{
1070
     1
1000
4345442
1002
}
1002
{
1070
     2
1000
-2000051
1002
}
1002
{
1070
     3
1000
-2000079
1002
}
  0
LINE
  5
2B8E
330
1F
100
AcDbEntity
  8
General
 62
   210
370
    70
100
AcDbLine
 10
7644.090525833554
 20
270754.8390239418
 30
0.0
 11
68989.13407215023
 21
291730.6599849033
 31
0.0
1001
REVIT
1002
{
1070
     1
1000
4345568
1002
}
1002
{
1070
     2
1000
-2000051
1002
}
1002
{
1070
     3
1000
-2000079
1002
}
  0
LINE
  5
2B8F
330
1F
100
AcDbEntity
  8
General
 62
   210
370
    70
100
AcDbLine
 10
68959.87736252382
 20
291816.030597788
 30
0.0
 11
87899.93157661859
 21
298240.541981019
 31
0.0
1001
REVIT
1002
{
1070
     1
1000
4345605
1002
}
1002
{
1070
     2
1000
-2000051
1002
}
1002
{
1070
     3
1000
-2000079
1002
}
  0
ARC
  5
2B90
330
1F
100
AcDbEntity
  8
General
 62
   210
370
    70
100
AcDbCircle
 10
106325.6570987772
 20
303409.388999523
 30
0.0
 40
19136.98880489372
100
AcDbArc
 50
195.6700506635243
 51
276.6521675273899
1001
REVIT
1002
{
1070
     1
1000
4345676
1002
}
1002
{
1070
     2
1000
-2000051
1002
}
1002
{
1070
     3
1000
-2000079
1002
}
  0
ARC
  5
2B91
330
1F
100
AcDbEntity
  8
General
 62
   210
370
    70
100
AcDbCircle
 10
143681.1745601428
 20
303513.396101039
 30
0.0
 40
40000.00000243977
100
AcDbArc
 50
208.5420758108912
 51
258.3380077147644
1001
REVIT
1002
{
1070
     1
1000
4345738
1002
}
1002
{
1070
     2
1000
-2000051
1002
}
1002
{
1070
     3
1000
-2000079
1002
}
  0
LINE
  5
2B92
330
1F
100
AcDbEntity
  8
General
 62
   210
370
    70
100
AcDbLine
 10
135595.6676120405
 20
264339.1114542537
 30
0.0
 11
190751.3893637924
 21
252955.0625703043
 31
0.0
1001
REVIT
1002
{
1070
     1
1000
4345807
1002
}
1002
{
1070
     2
1000
-2000051
1002
}
1002
{
1070
     3
1000
-2000079
1002
}
  0
ARC
  5
2B93
330
1F
100
AcDbEntity
  8
General
 62
   210
370
    70
100
AcDbCircle
 10
185651.8169346774
 20
228247.6319522116
 30
0.0
 40
25228.21370425705
100
AcDbArc
 50
7.62012639895515
 51
78.33800771476444
1001
REVIT
1002
{
1070
     1
1000
4345889
1002
}
1002
{
1070
     2
1000
-2000051
1002
}
1002
{
1070
     3
1000
-2000079
1002
}
  0
ARC
  5
2B94
330
1F
100
AcDbEntity
  8
General
 62
   210
370
    70
100
AcDbCircle
 10
259697.5285997416
 20
241342.3790342055
 30
0.0
 40
50000.00054737462
100
AcDbArc
 50
191.2439882155484
 51
233.8617109047318
1001
REVIT
1002
{
1070
     1
1000
4345961
1002
}
1002
{
1070
     2
1000
-2000051
1002
}
1002
{
1070
     3
1000
-2000079
1002
}
  0
ARC
  5
2B95
330
1F
100
AcDbEntity
  8
General
 62
   210
370
    70
100
AcDbCircle
 10
259697.5285366393
 20
241342.3789474868
 30
0.0
 40
50000.00044012701
100
AcDbArc
 50
233.8617109047318
 51
239.1887375719842
1001
REVIT
1002
{
1070
     1
1000
4346174
1002
}
1002
{
1070
     2
1000
-2000051
1002
}
1002
{
1070
     3
1000
-2000079
1002
}
  0
ARC
  5
2B96
330
1F
100
AcDbEntity
  8
General
 62
   210
370
    70
100
AcDbCircle
 10
232038.0966363849
 20
194963.9801599946
 30
0.0
 40
3999.999996321523
100
AcDbArc
 50
14.53220579005247
 51
59.18873757198413
1001
REVIT
1002
{
1070
     1
1000
4346218
1002
}
1002
{
1070
     2
1000
-2000051
1002
}
1002
{
1070
     3
1000
-2000079
1002
}
  0
ARC
  5
2B97
330
1F
100
AcDbEntity
  8
General
 62
   210
370
    70
100
AcDbCircle
 10
255270.2585938542
 20
200986.1599284743
 30
0.0
 40
19999.99996996968
100
AcDbArc
 50
194.5322057900524
 51
265.0047303715641
1001
REVIT
1002
{
1070
     1
1000
4346298
1002
}
1002
{
1070
     2
1000
-2000051
1002
}
1002
{
1070
     3
1000
-2000079
1002
}
  0
LINE
  5
2B98
330
1F
100
AcDbEntity
  8
General
 62
   210
370
    70
100
AcDbLine
 10
253528.7886755785
 20
181062.1221518955
 30
0.0
 11
263652.5901438064
 21
151556.6681810768
 31
0.0
1001
REVIT
1002
{
1070
     1
1000
4346343
1002
}
1002
{
1070
     2
1000
-2000051
1002
}
1002
{
1070
     3
1000
-2000079
1002
}
  0
ARC
  5
2B99
330
1F
100
AcDbEntity
  8
General
 62
   210
370
    70
100
AcDbCircle
 10
351637.7888366502
 20
77656.09113247007
 30
0.0
 40
114902.9611333316
100
AcDbArc
 50
139.9724095651048
 51
153.5712763554851
1001
REVIT
1002
{
1070
     1
1000
4346469
1002
}
1002
{
1070
     2
1000
-2000051
1002
}
1002
{
1070
     3
1000
-2000079
1002
}
  0
LINE
  5
2B9A
330
1F
100
AcDbEntity
  8
General
 62
   210
370
    70
100
AcDbLine
 10
77879.4657596798
 20
191882.7029867287
 30
0.0
 11
55953.69153904648
 21
200881.5186365313
 31
0.0
1001
REVIT
1002
{
1070
     1
1000
4354329
1002
}
1002
{
1070
     2
1000
-2000051
1002
}
1002
{
1070
     3
1000
-2000079
1002
}
  0
LINE
  5
2B9B
330
1F
100
AcDbEntity
  8
General
 62
   210
370
    70
100
AcDbLine
 10
56591.31252662199
 20
220957.839708421
 30
0.0
 11
84898.29661507451
 21
209340.0364395128
 31
0.0
1001
REVIT
1002
{
1070
     1
1000
4354441
1002
}
1002
{
1070
     2
1000
-2000051
1002
}
1002
{
1070
     3
1000
-2000079
1002
}
  0
LINE
  5
2B9C
330
1F
100
AcDbEntity
  8
General
 62
   210
370
    70
100
AcDbLine
 10
92113.01086286235
 20
226716.9750791191
 30
0.0
 11
65321.38583985356
 21
237712.8419577339
 31
0.0
1001
REVIT
1002
{
1070
     1
1000
4354500
1002
}
1002
{
1070
     2
1000
-2000051
1002
}
1002
{
1070
     3
1000
-2000079
1002
}
  0
LINE
  5
2B9D
330
1F
100
AcDbEntity
  8
General
 62
   210
370
    70
100
AcDbLine
 10
70543.79902452057
 20
255961.5117193753
 30
0.0
 11
100160.1663255525
 21
243806.3090397829
 31
0.0
1001
REVIT
1002
{
1070
     1
1000
4354611
1002
}
1002
{
1070
     2
1000
-2000051
1002
}
1002
{
1070
     3
1000
-2000079
1002
}
  0
LINE
  5
2B9E
330
1F
100
AcDbEntity
  8
General
 62
   210
370
    70
100
AcDbLine
 10
75139.19043021522
 20
272019.1803148509
 30
0.0
 11
112382.9428199177
 21
256733.5325429955
 31
0.0
1001
REVIT
1002
{
1070
     1
1000
4354689
1002
}
1002
{
1070
     2
1000
-2000051
1002
}
1002
{
1070
     3
1000
-2000079
1002
}
  0
LINE
  5
2B9F
330
1F
100
AcDbEntity
  8
General
 62
   210
370
    70
100
AcDbLine
 10
60955.28767320014
 20
222456.3923485571
 30
0.0
 11
25365.29572736113
 21
210235.0861766668
 31
0.0
1001
REVIT
1002
{
1070
     1
1000
4365955
1002
}
1002
{
1070
     2
1000
-2000051
1002
}
1002
{
1070
     3
1000
-2000079
1002
}
  0
LINE
  5
2BA0
330
1F
100
AcDbEntity
  8
General
 62
   210
370
    70
100
AcDbLine
 10
60955.28767320014
 20
222456.3923485571
 30
0.0
 11
75384.38874703891
 21
272875.97638816
 31
0.0
1001
REVIT
1002
{
1070
     1
1000
4365996
1002
}
1002
{
1070
     2
1000
-2000051
1002
}
1002
{
1070
     3
1000
-2000079
1002
}
  0
LINE
  5
2BA1
330
1F
100
AcDbEntity
  8
General
 62
   210
370
    70
100
AcDbLine
 10
75384.38874703891
 20
272875.97638816
 30
0.0
 11
68989.13407215023
 21
291730.6599849033
 31
0.0
1001
REVIT
1002
{
1070
     1
1000
4366027
1002
}
1002
{
1070
     2
1000
-2000051
1002
}
1002
{
1070
     3
1000
-2000079
1002
}
  0
LINE
  5
2BA2
330
1F
100
AcDbEntity
  8
General
 62
   210
370
    70
100
AcDbLine
 10
237275.6862072699
 20
192257.1643721241
 30
0.0
 11
235392.9745683755
 21
190279.0384434607
 31
0.0
1001
REVIT
1002
{
1070
     1
1000
4627429
1002
}
1002
{
1070
     2
1000
-2000051
1002
}
1002
{
1070
     3
1000
-2000079
1002
}
  0
LINE
  5
2BA3
330
1F
100
AcDbEntity
  8
General
 62
   210
370
    70
100
AcDbLine
 10
235392.9745683755
 20
190279.0384434607
 30
0.0
 11
232667.727646723
 21
185525.2315549439
 31
0.0
1001
REVIT
1002
{
1070
     1
1000
4627449
1002
}
1002
{
1070
     2
1000
-2000051
1002
}
1002
{
1070
     3
1000
-2000079
1002
}
  0
LINE
  5
2BA4
330
1F
100
AcDbEntity
  8
General
 62
   210
370
    70
100
AcDbLine
 10
232667.727646723
 20
185525.2315549439
 30
0.0
 11
231673.3674908366
 21
181397.9012776984
 31
0.0
1001
REVIT
1002
{
1070
     1
1000
4627495
1002
}
1002
{
1070
     2
1000
-2000051
1002
}
1002
{
1070
     3
1000
-2000079
1002
}
  0
LINE
  5
2BA5
330
1F
100
AcDbEntity
  8
General
 62
   210
370
    70
100
AcDbLine
 10
231673.3674908366
 20
181397.9012776984
 30
0.0
 11
231177.2388702567
 21
178844.2544326446
 31
0.0
1001
REVIT
1002
{
1070
     1
1000
4627614
1002
}
1002
{
1070
     2
1000
-2000051
1002
}
1002
{
1070
     3
1000
-2000079
1002
}
  0
LINE
  5
2BA6
330
1F
100
AcDbEntity
  8
General
 62
   210
370
    70
100
AcDbLine
 10
231177.2388702567
 20
178844.2544326446
 30
0.0
 11
231304.318920083
 21
175760.0492707716
 31
0.0
1001
REVIT
1002
{
1070
     1
1000
4627661
1002
}
1002
{
1070
     2
1000
-2000051
1002
}
1002
{
1070
     3
1000
-2000079
1002
}
  0
LINE
  5
2BA7
330
1F
100
AcDbEntity
  8
General
 62
   210
370
    70
100
AcDbLine
 10
231304.318920083
 20
175760.0492707716
 30
0.0
 11
231749.2055840116
 21
172743.8181341513
 31
0.0
1001
REVIT
1002
{
1070
     1
1000
4627703
1002
}
1002
{
1070
     2
1000
-2000051
1002
}
1002
{
1070
     3
1000
-2000079
1002
}
  0
LINE
  5
2BA8
330
1F
100
AcDbEntity
  8
General
 62
   210
370
    70
100
AcDbLine
 10
231749.2055840116
 20
172743.8181341513
 30
0.0
 11
232785.1183152135
 21
169810.7635801359
 31
0.0
1001
REVIT
1002
{
1070
     1
1000
4627771
1002
}
1002
{
1070
     2
1000
-2000051
1002
}
1002
{
1070
     3
1000
-2000079
1002
}
  0
LINE
  5
2BA9
330
1F
100
AcDbEntity
  8
General
 62
   210
370
    70
100
AcDbLine
 10
232785.1183152135
 20
169810.7635801359
 30
0.0
 11
234273.4243197675
 21
166350.4865223617
 31
0.0
1001
REVIT
1002
{
1070
     1
1000
4627813
1002
}
1002
{
1070
     2
1000
-2000051
1002
}
1002
{
1070
     3
1000
-2000079
1002
}
  0
LINE
  5
2BAA
330
1F
100
AcDbEntity
  8
General
 62
   210
370
    70
100
AcDbLine
 10
234273.4243197675
 20
166350.4865223617
 30
0.0
 11
236641.8408833753
 21
162039.3037337327
 31
0.0
1001
REVIT
1002
{
1070
     1
1000
4627885
1002
}
1002
{
1070
     2
1000
-2000051
1002
}
1002
{
1070
     3
1000
-2000079
1002
}
  0
LINE
  5
2BAB
330
1F
100
AcDbEntity
  8
General
 62
   210
370
    70
100
AcDbLine
 10
236641.8408833753
 20
162039.3037337327
 30
0.0
 11
238742.9740753333
 21
158593.5730078515
 31
0.0
1001
REVIT
1002
{
1070
     1
1000
4627952
1002
}
1002
{
1070
     2
1000
-2000051
1002
}
1002
{
1070
     3
1000
-2000079
1002
}
  0
LINE
  5
2BAC
330
1F
100
AcDbEntity
  8
General
 62
   210
370
    70
100
AcDbLine
 10
238742.9740753333
 20
158593.5730078515
 30
0.0
 11
241062.7839791846
 21
156000.3338903448
 31
0.0
1001
REVIT
1002
{
1070
     1
1000
4627983
1002
}
1002
{
1070
     2
1000
-2000051
1002
}
1002
{
1070
     3
1000
-2000079
1002
}
  0
LINE
  5
2BAD
330
1F
100
AcDbEntity
  8
General
 62
   210
370
    70
100
AcDbLine
 10
260196.430702862
 20
161629.5201251454
 30
0.0
 11
257077.3995405372
 21
159852.9244264284
 31
0.0
1001
REVIT
1002
{
1070
     1
1000
4628112
1002
}
1002
{
1070
     2
1000
-2000051
1002
}
1002
{
1070
     3
1000
-2000079
1002
}
  0
LINE
  5
2BAE
330
1F
100
AcDbEntity
  8
General
 62
   210
370
    70
100
AcDbLine
 10
257077.3995405372
 20
159852.9244264284
 30
0.0
 11
254254.4867823209
 21
157051.5524553949
 31
0.0
1001
REVIT
1002
{
1070
     1
1000
4628143
1002
}
1002
{
1070
     2
1000
-2000051
1002
}
1002
{
1070
     3
1000
-2000079
1002
}
  0
LINE
  5
2BAF
330
1F
100
AcDbEntity
  8
General
 62
   210
370
    70
100
AcDbLine
 10
254254.4867823209
 20
157051.5524553949
 30
0.0
 11
252971.3349396672
 21
155534.1403591888
 31
0.0
1001
REVIT
1002
{
1070
     1
1000
4628188
1002
}
1002
{
1070
     2
1000
-2000051
1002
}
1002
{
1070
     3
1000
-2000079
1002
}
  0
LINE
  5
2BB0
330
1F
100
AcDbEntity
  8
General
 62
   210
370
    70
100
AcDbLine
 10
252971.3349396672
 20
155534.1403591888
 30
0.0
 11
250125.1037608158
 21
154203.479102373
 31
0.0
1001
REVIT
1002
{
1070
     1
1000
4628223
1002
}
1002
{
1070
     2
1000
-2000051
1002
}
1002
{
1070
     3
1000
-2000079
1002
}
  0
LINE
  5
2BB1
330
1F
100
AcDbEntity
  8
General
 62
   210
370
    70
100
AcDbLine
 10
250125.1037608158
 20
154203.479102373
 30
0.0
 11
246801.9097892876
 21
153899.3185840618
 31
0.0
1001
REVIT
1002
{
1070
     1
1000
4628251
1002
}
1002
{
1070
     2
1000
-2000051
1002
}
1002
{
1070
     3
1000
-2000079
1002
}
  0
LINE
  5
2BB2
330
1F
100
AcDbEntity
  8
General
 62
   210
370
    70
100
AcDbLine
 10
246801.9097892876
 20
153899.3185840618
 30
0.0
 11
243885.6967406656
 21
154436.2750988152
 31
0.0
1001
REVIT
1002
{
1070
     1
1000
4628304
1002
}
1002
{
1070
     2
1000
-2000051
1002
}
1002
{
1070
     3
1000
-2000079
1002
}
  0
LINE
  5
2BB3
330
1F
100
AcDbEntity
  8
General
 62
   210
370
    70
100
AcDbLine
 10
243885.6967406656
 20
154436.2750988152
 30
0.0
 11
241062.7839791846
 21
156000.3338903448
 31
0.0
1001
REVIT
1002
{
1070
     1
1000
4628325
1002
}
1002
{
1070
     2
1000
-2000051
1002
}
1002
{
1070
     3
1000
-2000079
1002
}
  0
LINE
  5
2BB4
330
1F
100
AcDbEntity
  8
General
 62
   210
370
    70
100
AcDbLine
 10
224712.9327740056
 20
205620.1435267887
 30
0.0
 11
221234.0378089981
 21
202028.7689688468
 31
0.0
1001
REVIT
1002
{
1070
     1
1000
4636844
1002
}
1002
{
1070
     2
1000
-2000051
1002
}
1002
{
1070
     3
1000
-2000079
1002
}
  0
LINE
  5
2BB5
330
1F
100
AcDbEntity
  8
General
 62
   210
370
    70
100
AcDbLine
 10
189199.892887761
 20
253275.2888526457
 30
0.0
 11
187880.5183544323
 21
248442.2155812272
 31
0.0
1001
REVIT
1002
{
1070
     1
1000
4637831
1002
}
1002
{
1070
     2
1000
-2000051
1002
}
1002
{
1070
     3
1000
-2000079
1002
}
  0
LINE
  5
2BB6
330
1F
100
AcDbEntity
  8
General
 62
   210
370
    70
100
AcDbLine
 10
124673.2112870069
 20
170795.4423331345
 30
0.0
 11
146304.2636831464
 21
217742.4744582976
 31
0.0
1001
REVIT
1002
{
1070
     1
1000
4640310
1002
}
1002
{
1070
     2
1000
-2000051
1002
}
1002
{
1070
     3
1000
-2000079
1002
}
  0
LINE
  5
2BB7
330
1F
100
AcDbEntity
  8
General
 62
   210
370
    70
100
AcDbLine
 10
180830.0063485402
 20
123581.6707173973
 30
0.0
 11
183700.856083776
 21
92657.34572895302
 31
0.0
1001
REVIT
1002
{
1070
     1
1000
4666108
1002
}
1002
{
1070
     2
1000
-2000051
1002
}
1002
{
1070
     3
1000
-2000079
1002
}
  0
LINE
  5
2BB8
330
1F
100
AcDbEntity
  8
General
 62
   210
370
    70
100
AcDbLine
 10
123540.4265982449
 20
185542.3904165715
 30
0.0
 11
139110.3402211639
 21
219334.6082733226
 31
0.0
1001
REVIT
1002
{
1070
     1
1000
4666760
1002
}
1002
{
1070
     2
1000
-2000051
1002
}
1002
{
1070
     3
1000
-2000079
1002
}
  0
LINE
  5
2BB9
330
1F
100
AcDbEntity
  8
General
 62
   210
370
    70
100
AcDbLine
 10
150953.1513373713
 20
63096.69460512313
 30
0.0
 11
145843.6823493728
 21
118135.0609688269
 31
0.0
1001
REVIT
1002
{
1070
     1
1000
4667713
1002
}
1002
{
1070
     2
1000
-2000051
1002
}
1002
{
1070
     3
1000
-2000079
1002
}
  0
LINE
  5
2BBA
330
1F
100
AcDbEntity
  8
General
 62
   210
370
    70
100
AcDbLine
 10
130079.6835884719
 20
182529.3988772916
 30
0.0
 11
92686.23924088071
 21
199758.5935109038
 31
0.0
1001
REVIT
1002
{
1070
     1
1000
4668058
1002
}
1002
{
1070
     2
1000
-2000051
1002
}
1002
{
1070
     3
1000
-2000079
1002
}
  0
LINE
  5
2BBB
330
1F
100
AcDbEntity
  8
General
 62
   210
370
    70
100
AcDbLine
 10
130487.045980468
 20
200619.010699581
 30
0.0
 11
98886.20615685605
 21
215179.2372153738
 31
0.0
1001
REVIT
1002
{
1070
     1
1000
4668078
1002
}
1002
{
1070
     2
1000
-2000051
1002
}
1002
{
1070
     3
1000
-2000079
1002
}
  0
LINE
  5
2BBC
330
1F
100
AcDbEntity
  8
General
 62
   210
370
    70
100
AcDbLine
 10
124701.8845188032
 20
169174.5983855637
 30
0.0
 11
84194.9621702704
 21
169990.9296297108
 31
0.0
1001
REVIT
1002
{
1070
     1
1000
4668101
1002
}
1002
{
1070
     2
1000
-2000051
1002
}
1002
{
1070
     3
1000
-2000079
1002
}
  0
LINE
  5
2BBD
330
1F
100
AcDbEntity
  8
General
 62
   210
370
    70
100
AcDbLine
 10
38631.13577061905
 20
162782.5587222859
 30
0.0
 11
73708.80533823477
 21
175883.1407197866
 31
0.0
1001
REVIT
1002
{
1070
     1
1000
4675602
1002
}
1002
{
1070
     2
1000
-2000051
1002
}
1002
{
1070
     3
1000
-2000079
1002
}
  0
LINE
  5
2BBE
330
1F
100
AcDbEntity
  8
General
 62
   210
370
    70
100
AcDbLine
 10
75529.48581565185
 20
154792.1587817148
 30
0.0
 11
44541.24600571081
 21
143218.8706587286
 31
0.0
1001
REVIT
1002
{
1070
     1
1000
4675603
1002
}
1002
{
1070
     2
1000
-2000051
1002
}
1002
{
1070
     3
1000
-2000079
1002
}
  0
LINE
  5
2BBF
330
1F
100
AcDbEntity
  8
General
 62
   210
370
    70
100
AcDbLine
 10
209796.875308666
 20
217554.2711024793
 30
0.0
 11
208527.875309277
 21
220391.2711024789
 31
0.0
1001
REVIT
1002
{
1070
     1
1000
4698091
1002
}
1002
{
1070
     2
1000
-2000051
1002
}
1002
{
1070
     3
1000
-2000079
1002
}
  0
LINE
  5
2BC0
330
1F
100
AcDbEntity
  8
General
 62
   210
370
    70
100
AcDbLine
 10
208527.875309277
 20
220391.2711024789
 30
0.0
 11
207573.8753093664
 21
223159.2711024607
 31
0.0
1001
REVIT
1002
{
1070
     1
1000
4698096
1002
}
1002
{
1070
     2
1000
-2000051
1002
}
1002
{
1070
     3
1000
-2000079
1002
}
  0
LINE
  5
2BC1
330
1F
100
AcDbEntity
  8
General
 62
   210
370
    70
100
AcDbLine
 10
207573.8753093664
 20
223159.2711024607
 30
0.0
 11
205908.8753093287
 21
228661.2711024975
 31
0.0
1001
REVIT
1002
{
1070
     1
1000
4698101
1002
}
1002
{
1070
     2
1000
-2000051
1002
}
1002
{
1070
     3
1000
-2000079
1002
}
  0
LINE
  5
2BC2
330
1F
100
AcDbEntity
  8
General
 62
   210
370
    70
100
AcDbLine
 10
205908.8753093287
 20
228661.2711024975
 30
0.0
 11
204690.8753089859
 21
234233.271102483
 31
0.0
1001
REVIT
1002
{
1070
     1
1000
4698106
1002
}
1002
{
1070
     2
1000
-2000051
1002
}
1002
{
1070
     3
1000
-2000079
1002
}
  0
LINE
  5
2BC3
330
1F
100
AcDbEntity
  8
General
 62
   210
370
    70
100
AcDbLine
 10
204690.8753089859
 20
234233.271102483
 30
0.0
 11
203748.8753091801
 21
236865.2711024665
 31
0.0
1001
REVIT
1002
{
1070
     1
1000
4698111
1002
}
1002
{
1070
     2
1000
-2000051
1002
}
1002
{
1070
     3
1000
-2000079
1002
}
  0
LINE
  5
2BC4
330
1F
100
AcDbEntity
  8
General
 62
   210
370
    70
100
AcDbLine
 10
203748.8753091801
 20
236865.2711024665
 30
0.0
 11
202444.8753087107
 21
239455.2711024919
 31
0.0
1001
REVIT
1002
{
1070
     1
1000
4698193
1002
}
1002
{
1070
     2
1000
-2000051
1002
}
1002
{
1070
     3
1000
-2000079
1002
}
  0
LINE
  5
2BC5
330
1F
100
AcDbEntity
  8
General
 62
   210
370
    70
100
AcDbLine
 10
186033.8753093296
 20
249459.2711024493
 30
0.0
 11
180163.8753092178
 21
251328.2711024551
 31
0.0
1001
REVIT
1002
{
1070
     1
1000
4698198
1002
}
1002
{
1070
     2
1000
-2000051
1002
}
1002
{
1070
     3
1000
-2000079
1002
}
  0
LINE
  5
2BC6
330
1F
100
AcDbEntity
  8
General
 62
   210
370
    70
100
AcDbLine
 10
194686.8753092626
 20
246554.2711024796
 30
0.0
 11
187553.8753088825
 21
249192.2711024565
 31
0.0
1001
REVIT
1002
{
1070
     1
1000
4698203
1002
}
1002
{
1070
     2
1000
-2000051
1002
}
1002
{
1070
     3
1000
-2000079
1002
}
  0
LINE
  5
2BC7
330
1F
100
AcDbEntity
  8
General
 62
   210
370
    70
100
AcDbLine
 10
180163.8753092178
 20
251328.2711024551
 30
0.0
 11
174922.8753088304
 21
252461.2711024858
 31
0.0
1001
REVIT
1002
{
1070
     1
1000
4698208
1002
}
1002
{
1070
     2
1000
-2000051
1002
}
1002
{
1070
     3
1000
-2000079
1002
}
  0
LINE
  5
2BC8
330
1F
100
AcDbEntity
  8
General
 62
   210
370
    70
100
AcDbLine
 10
174922.8753088304
 20
252461.2711024858
 30
0.0
 11
168924.8753091582
 21
253329.2711024444
 31
0.0
1001
REVIT
1002
{
1070
     1
1000
4698213
1002
}
1002
{
1070
     2
1000
-2000051
1002
}
1002
{
1070
     3
1000
-2000079
1002
}
  0
LINE
  5
2BC9
330
1F
100
AcDbEntity
  8
General
 62
   210
370
    70
100
AcDbLine
 10
168924.8753091582
 20
253329.2711024444
 30
0.0
 11
161521.8753092253
 21
254221.2711024952
 31
0.0
1001
REVIT
1002
{
1070
     1
1000
4698218
1002
}
1002
{
1070
     2
1000
-2000051
1002
}
1002
{
1070
     3
1000
-2000079
1002
}
  0
LINE
  5
2BCA
330
1F
100
AcDbEntity
  8
General
 62
   210
370
    70
100
AcDbLine
 10
161521.8753092253
 20
254221.2711024952
 30
0.0
 11
155327.8753090916
 21
255786.2711024978
 31
0.0
1001
REVIT
1002
{
1070
     1
1000
4698223
1002
}
1002
{
1070
     2
1000
-2000051
1002
}
1002
{
1070
     3
1000
-2000079
1002
}
  0
LINE
  5
2BCB
330
1F
100
AcDbEntity
  8
General
 62
   210
370
    70
100
AcDbLine
 10
155327.8753090916
 20
255786.2711024978
 30
0.0
 11
145883.8753089571
 21
257138.2711024528
 31
0.0
1001
REVIT
1002
{
1070
     1
1000
4698228
1002
}
1002
{
1070
     2
1000
-2000051
1002
}
1002
{
1070
     3
1000
-2000079
1002
}
  0
LINE
  5
2BCC
330
1F
100
AcDbEntity
  8
General
 62
   210
370
    70
100
AcDbLine
 10
145883.8753089571
 20
257138.2711024528
 30
0.0
 11
137983.8753085845
 21
258286.2711024975
 31
0.0
1001
REVIT
1002
{
1070
     1
1000
4698233
1002
}
1002
{
1070
     2
1000
-2000051
1002
}
1002
{
1070
     3
1000
-2000079
1002
}
  0
LINE
  5
2BCD
330
1F
100
AcDbEntity
  8
General
 62
   210
370
    70
100
AcDbLine
 10
137983.8753085845
 20
258286.2711024975
 30
0.0
 11
129634.875309121
 21
260109.2711024723
 31
0.0
1001
REVIT
1002
{
1070
     1
1000
4698238
1002
}
1002
{
1070
     2
1000
-2000051
1002
}
1002
{
1070
     3
1000
-2000079
1002
}
  0
LINE
  5
2BCE
330
1F
100
AcDbEntity
  8
General
 62
   210
370
    70
100
AcDbLine
 10
129634.875309121
 20
260109.2711024723
 30
0.0
 11
122236.8753090763
 21
262789.2711024653
 31
0.0
1001
REVIT
1002
{
1070
     1
1000
4698263
1002
}
1002
{
1070
     2
1000
-2000051
1002
}
1002
{
1070
     3
1000
-2000079
1002
}
  0
LINE
  5
2BCF
330
1F
100
AcDbEntity
  8
General
 62
   210
370
    70
100
AcDbLine
 10
122236.8753090763
 20
262789.2711024653
 30
0.0
 11
115975.8753091359
 21
266259.2711024958
 31
0.0
1001
REVIT
1002
{
1070
     1
1000
4698268
1002
}
1002
{
1070
     2
1000
-2000051
1002
}
1002
{
1070
     3
1000
-2000079
1002
}
  0
LINE
  5
2BD0
330
1F
100
AcDbEntity
  8
General
 62
   210
370
    70
100
AcDbLine
 10
115975.8753091359
 20
266259.2711024958
 30
0.0
 11
110050.8753093222
 21
272071.2711024719
 31
0.0
1001
REVIT
1002
{
1070
     1
1000
4698273
1002
}
1002
{
1070
     2
1000
-2000051
1002
}
1002
{
1070
     3
1000
-2000079
1002
}
  0
LINE
  5
2BD1
330
1F
100
AcDbEntity
  8
General
 62
   210
370
    70
100
AcDbLine
 10
110050.8753093222
 20
272071.2711024719
 30
0.0
 11
106086.8753087037
 21
277645.2711024942
 31
0.0
1001
REVIT
1002
{
1070
     1
1000
4698296
1002
}
1002
{
1070
     2
1000
-2000051
1002
}
1002
{
1070
     3
1000
-2000079
1002
}
  0
LINE
  5
2BD2
330
1F
100
AcDbEntity
  8
General
 62
   210
370
    70
100
AcDbLine
 10
106086.8753087037
 20
277645.2711024942
 30
0.0
 11
103016.2222404253
 21
284560.7290620915
 31
0.0
1001
REVIT
1002
{
1070
     1
1000
4698301
1002
}
1002
{
1070
     2
1000
-2000051
1002
}
1002
{
1070
     3
1000
-2000079
1002
}
  0
LINE
  5
2BD3
330
1F
100
AcDbEntity
  8
General
 62
   210
370
    70
100
AcDbLine
 10
187553.8753088825
 20
249192.2711024565
 30
0.0
 11
186033.8753093296
 21
249459.2711024493
 31
0.0
1001
REVIT
1002
{
1070
     1
1000
4698374
1002
}
1002
{
1070
     2
1000
-2000051
1002
}
1002
{
1070
     3
1000
-2000079
1002
}
  0
LINE
  5
2BD4
330
1F
100
AcDbEntity
  8
General
 62
   210
370
    70
100
AcDbLine
 10
201156.988316592
 20
241727.4431779151
 30
0.0
 11
202444.8753087107
 21
239455.2711024919
 31
0.0
1001
REVIT
1002
{
1070
     1
1000
4698589
1002
}
1002
{
1070
     2
1000
-2000051
1002
}
1002
{
1070
     3
1000
-2000079
1002
}
  0
LINE
  5
2BD5
330
1F
100
AcDbEntity
  8
General
 62
   210
370
    70
100
AcDbLine
 10
201156.988316592
 20
241727.4431779151
 30
0.0
 11
196824.8109135801
 21
245278.5507319515
 31
0.0
1001
REVIT
1002
{
1070
     1
1000
4698698
1002
}
1002
{
1070
     2
1000
-2000051
1002
}
1002
{
1070
     3
1000
-2000079
1002
}
  0
LINE
  5
2BD6
330
1F
100
AcDbEntity
  8
General
 62
   210
370
    70
100
AcDbLine
 10
194686.8753092626
 20
246554.2711024796
 30
0.0
 11
196824.8109135801
 21
245278.5507319515
 31
0.0
1001
REVIT
1002
{
1070
     1
1000
4698794
1002
}
1002
{
1070
     2
1000
-2000051
1002
}
1002
{
1070
     3
1000
-2000079
1002
}
  0
LINE
  5
2BD7
330
1F
100
AcDbEntity
  8
General
 62
   210
370
    70
100
AcDbLine
 10
209796.875308666
 20
217554.2711024793
 30
0.0
 11
211587.0289075916
 21
214689.4264858315
 31
0.0
1001
REVIT
1002
{
1070
     1
1000
4699638
1002
}
1002
{
1070
     2
1000
-2000051
1002
}
1002
{
1070
     3
1000
-2000079
1002
}
  0
ARC
  5
2BD8
330
1F
100
AcDbEntity
  8
General
 62
   210
370
    70
100
AcDbCircle
 10
259697.528600678
 20
241342.379034667
 30
0.0
 40
55000.0005480811
100
AcDbArc
 50
208.986211996804
 51
225.6262293888475
1001
REVIT
1002
{
1070
     1
1000
4699655
1002
}
1002
{
1070
     2
1000
-2000051
1002
}
1002
{
1070
     3
1000
-2000079
1002
}
  0
LINE
  5
2BD9
330
1F
100
AcDbEntity
  8
General
 62
   210
370
    70
100
AcDbLine
 10
124903.0353242449
 20
157803.9210980696
 30
0.0
 11
124673.2112870069
 21
170795.4423331345
 31
0.0
1001
REVIT
1002
{
1070
     1
1000
4723239
1002
}
1002
{
1070
     2
1000
-2000051
1002
}
1002
{
1070
     3
1000
-2000079
1002
}
  0
LINE
  5
2BDA
330
1F
100
AcDbEntity
  8
General
 62
   210
370
    70
100
AcDbLine
 10
143276.2282858203
 20
125992.5982193494
 30
0.0
 11
124903.0353242449
 21
157803.9210980696
 31
0.0
1001
REVIT
1002
{
1070
     1
1000
4723244
1002
}
1002
{
1070
     2
1000
-2000051
1002
}
1002
{
1070
     3
1000
-2000079
1002
}
  0
LINE
  5
2BDB
330
1F
100
AcDbEntity
  8
General
 62
   210
370
    70
100
AcDbLine
 10
119780.8735781169
 20
152276.4912070056
 30
0.0
 11
139740.988749493
 21
117717.5732366264
 31
0.0
1001
REVIT
1002
{
1070
     1
1000
4723314
1002
}
1002
{
1070
     2
1000
-2000051
1002
}
1002
{
1070
     3
1000
-2000079
1002
}
  0
LINE
  5
2BDC
330
1F
100
AcDbEntity
  8
General
 62
   210
370
    70
100
AcDbLine
 10
184366.4040277001
 20
85488.17185660674
 30
0.0
 11
187557.3960923479
 21
51115.32592477963
 31
0.0
1001
REVIT
1002
{
1070
     1
1000
4731997
1002
}
1002
{
1070
     2
1000
-2000051
1002
}
1002
{
1070
     3
1000
-2000079
1002
}
  0
LINE
  5
2BDD
330
1F
100
AcDbEntity
  8
General
 62
   210
370
    70
100
AcDbLine
 10
165707.3228346921
 20
83748.5328842901
 30
0.0
 11
204747.7636853937
 21
87388.3837267718
 31
0.0
1001
REVIT
1002
{
1070
     1
1000
4732071
1002
}
1002
{
1070
     2
1000
-2000051
1002
}
1002
{
1070
     3
1000
-2000079
1002
}
  0
LINE
  5
2BDE
330
1F
100
AcDbEntity
  8
General
 62
   210
370
    70
100
AcDbLine
 10
148328.5788074756
 20
91368.16171605362
 30
0.0
 11
164856.9004618997
 21
92909.14394339907
 31
0.0
1001
REVIT
1002
{
1070
     1
1000
4732111
1002
}
1002
{
1070
     2
1000
-2000051
1002
}
1002
{
1070
     3
1000
-2000079
1002
}
  0
LINE
  5
2BDF
330
1F
100
AcDbEntity
  8
General
 62
   210
370
    70
100
AcDbLine
 10
162409.5660848241
 20
119271.4305873533
 30
0.0
 11
165707.3228346916
 21
83748.5328842901
 31
0.0
1001
REVIT
1002
{
1070
     1
1000
4732207
1002
}
1002
{
1070
     2
1000
-2000051
1002
}
1002
{
1070
     3
1000
-2000079
1002
}
  0
LINE
  5
2BE0
330
1F
100
AcDbEntity
  8
General
 62
   210
370
    70
100
AcDbLine
 10
77210.59736401414
 20
133633.0395575439
 30
0.0
 11
51175.44594855806
 21
123909.5989715586
 31
0.0
1001
REVIT
1002
{
1070
     1
1000
4756926
1002
}
1002
{
1070
     2
1000
-2000051
1002
}
1002
{
1070
     3
1000
-2000079
1002
}
  0
LINE
  5
2BE1
330
1F
100
AcDbEntity
  8
General
 62
   210
370
    70
100
AcDbLine
 10
63166.16512888683
 20
100243.0809823904
 30
0.0
 11
91460.10104313786
 21
117758.8439410775
 31
0.0
1001
REVIT
1002
{
1070
     1
1000
4756931
1002
}
1002
{
1070
     2
1000
-2000051
1002
}
1002
{
1070
     3
1000
-2000079
1002
}
  0
LINE
  5
2BE2
330
1F
100
AcDbEntity
  8
General
 62
   210
370
    70
100
AcDbLine
 10
74215.05502236414
 20
83008.03141308913
 30
0.0
 11
102227.9435580262
 21
100349.8079996273
 31
0.0
1001
REVIT
1002
{
1070
     1
1000
4756936
1002
}
1002
{
1070
     2
1000
-2000051
1002
}
1002
{
1070
     3
1000
-2000079
1002
}
  0
LINE
  5
2BE3
330
1F
100
AcDbEntity
  8
General
 62
   210
370
    70
100
AcDbLine
 10
86411.08124049068
 20
66571.34131553245
 30
0.0
 11
112956.3087130763
 21
83004.54147203813
 31
0.0
1001
REVIT
1002
{
1070
     1
1000
4756988
1002
}
1002
{
1070
     2
1000
-2000051
1002
}
1002
{
1070
     3
1000
-2000079
1002
}
  0
LINE
  5
2BE4
330
1F
100
AcDbEntity
  8
General
 62
   210
370
    70
100
AcDbLine
 10
118470.2898209436
 20
62431.23642684554
 30
0.0
 11
124830.0331902812
 21
66368.32590329775
 31
0.0
1001
REVIT
1002
{
1070
     1
1000
4756993
1002
}
1002
{
1070
     2
1000
-2000051
1002
}
1002
{
1070
     3
1000
-2000079
1002
}
  0
LINE
  5
2BE5
330
1F
100
AcDbEntity
  8
General
 62
   210
370
    70
100
AcDbLine
 10
138665.3662560318
 20
56313.04825532564
 30
0.0
 11
134488.8618531615
 21
50728.632894175
 31
0.0
1001
REVIT
1002
{
1070
     1
1000
4756998
1002
}
1002
{
1070
     2
1000
-2000051
1002
}
1002
{
1070
     3
1000
-2000079
1002
}
  0
LINE
  5
2BE6
330
1F
100
AcDbEntity
  8
General
 62
   210
370
    70
100
AcDbLine
 10
154695.1146777865
 20
50355.09111777727
 30
0.0
 11
145204.0908161361
 21
23532.91326079133
 31
0.0
1001
REVIT
1002
{
1070
     1
1000
4757034
1002
}
1002
{
1070
     2
1000
-2000051
1002
}
1002
{
1070
     3
1000
-2000079
1002
}
  0
LINE
  5
2BE7
330
1F
100
AcDbEntity
  8
General
 62
   210
370
    70
100
AcDbLine
 10
172361.7282575333
 20
44103.39494699832
 30
0.0
 11
162575.745094115
 21
16447.64518376567
 31
0.0
1001
REVIT
1002
{
1070
     1
1000
4757039
1002
}
1002
{
1070
     2
1000
-2000051
1002
}
1002
{
1070
     3
1000
-2000079
1002
}
  0
LINE
  5
2BE8
330
1F
100
AcDbEntity
  8
General
 62
   210
370
    70
100
AcDbLine
 10
226933.4426562066
 20
49959.18422445409
 30
0.0
 11
230416.228616127
 21
12603.39544404891
 31
0.0
1001
REVIT
1002
{
1070
     1
1000
4757097
1002
}
1002
{
1070
     2
1000
-2000051
1002
}
1002
{
1070
     3
1000
-2000079
1002
}
  0
LINE
  5
2BE9
330
1F
100
AcDbEntity
  8
General
 62
   210
370
    70
100
AcDbLine
 10
209878.2422863195
 20
41439.15584396838
 30
0.0
 11
227573.9713634538
 21
43088.9787708161
 31
0.0
1001
REVIT
1002
{
1070
     1
1000
4757139
1002
}
1002
{
1070
     2
1000
-2000051
1002
}
1002
{
1070
     3
1000
-2000079
1002
}
  0
LINE
  5
2BEA
330
1F
100
AcDbEntity
  8
General
 62
   210
370
    70
100
AcDbLine
 10
216566.3495055191
 20
48992.63077586644
 30
0.0
 11
244992.0151850611
 21
51642.83607368718
 31
0.0
1001
REVIT
1002
{
1070
     1
1000
4757149
1002
}
1002
{
1070
     2
1000
-2000051
1002
}
1002
{
1070
     3
1000
-2000079
1002
}
  0
LINE
  5
2BEB
330
1F
100
AcDbEntity
  8
General
 62
   210
370
    70
100
AcDbLine
 10
217595.0248000879
 20
65835.85283637361
 30
0.0
 11
243311.5283441382
 21
68233.47527738206
 31
0.0
1001
REVIT
1002
{
1070
     1
1000
4757179
1002
}
1002
{
1070
     2
1000
-2000051
1002
}
1002
{
1070
     3
1000
-2000079
1002
}
  0
LINE
  5
2BEC
330
1F
100
AcDbEntity
  8
General
 62
   210
370
    70
100
AcDbLine
 10
216060.567036627
 20
82364.78148614464
 30
0.0
 11
242345.6010414386
 21
84815.40963178884
 31
0.0
1001
REVIT
1002
{
1070
     1
1000
4757184
1002
}
1002
{
1070
     2
1000
-2000051
1002
}
1002
{
1070
     3
1000
-2000079
1002
}
  0
LINE
  5
2BED
330
1F
100
AcDbEntity
  8
General
 62
   210
370
    70
100
AcDbLine
 10
214526.1092728448
 20
98893.71013588586
 30
0.0
 11
242158.2543984416
 21
101469.93326563
 31
0.0
1001
REVIT
1002
{
1070
     1
1000
4757189
1002
}
1002
{
1070
     2
1000
-2000051
1002
}
1002
{
1070
     3
1000
-2000079
1002
}
  0
LINE
  5
2BEE
330
1F
100
AcDbEntity
  8
General
 62
   210
370
    70
100
AcDbLine
 10
212991.6515092232
 20
115422.6387856422
 30
0.0
 11
244973.2282999876
 21
118404.3717448296
 31
0.0
1001
REVIT
1002
{
1070
     1
1000
4757211
1002
}
1002
{
1070
     2
1000
-2000051
1002
}
1002
{
1070
     3
1000
-2000079
1002
}
  0
LINE
  5
2BEF
330
1F
100
AcDbEntity
  8
General
 62
   210
370
    70
100
AcDbLine
 10
225963.3245264023
 20
146347.7150132604
 30
0.0
 11
236602.3058514578
 21
117623.9269429085
 31
0.0
1001
REVIT
1002
{
1070
     1
1000
4757216
1002
}
1002
{
1070
     2
1000
-2000051
1002
}
1002
{
1070
     3
1000
-2000079
1002
}
  0
LINE
  5
2BF0
330
1F
100
AcDbEntity
  8
General
 62
   210
370
    70
100
AcDbLine
 10
201156.9227440144
 20
126094.4860535176
 30
0.0
 11
197169.8232834126
 21
128443.4855430926
 31
0.0
1001
REVIT
1002
{
1070
     1
1000
4757257
1002
}
1002
{
1070
     2
1000
-2000051
1002
}
1002
{
1070
     3
1000
-2000079
1002
}
  0
LINE
  5
2BF1
330
1F
100
AcDbEntity
  8
General
 62
   210
370
    70
100
AcDbLine
 10
207203.2537479723
 20
182923.5810552939
 30
0.0
 11
212624.1067103321
 21
184288.2983009099
 31
0.0
1001
REVIT
1002
{
1070
     1
1000
4757366
1002
}
1002
{
1070
     2
1000
-2000051
1002
}
1002
{
1070
     3
1000
-2000079
1002
}
  0
LINE
  5
2BF2
330
1F
100
AcDbEntity
  8
General
 62
   210
370
    70
100
AcDbLine
 10
212048.9110772699
 20
213872.2259881884
 30
0.0
 11
191933.3570526276
 21
197580.8521193968
 31
0.0
1001
REVIT
1002
{
1070
     1
1000
4757384
1002
}
1002
{
1070
     2
1000
-2000051
1002
}
1002
{
1070
     3
1000
-2000079
1002
}
  0
LINE
  5
2BF3
330
1F
100
AcDbEntity
  8
General
 62
   210
370
    70
100
AcDbLine
 10
203428.5334396219
 20
237926.8346412677
 30
0.0
 11
186099.4452055754
 21
215189.5119248444
 31
0.0
1001
REVIT
1002
{
1070
     1
1000
4757402
1002
}
1002
{
1070
     2
1000
-2000051
1002
}
1002
{
1070
     3
1000
-2000079
1002
}
  0
LINE
  5
2BF4
330
1F
100
AcDbEntity
  8
General
 62
   210
370
    70
100
AcDbLine
 10
188254.6460665619
 20
248933.1047967445
 30
0.0
 11
167471.2456698912
 21
221663.4137673414
 31
0.0
1001
REVIT
1002
{
1070
     1
1000
4757420
1002
}
1002
{
1070
     2
1000
-2000051
1002
}
1002
{
1070
     3
1000
-2000079
1002
}
  0
LINE
  5
2BF5
330
1F
100
AcDbEntity
  8
General
 62
   210
370
    70
100
AcDbLine
 10
154477.6987024044
 20
226954.6409894816
 30
0.0
 11
164575.0070467457
 21
253853.3940918175
 31
0.0
1001
REVIT
1002
{
1070
     1
1000
4757438
1002
}
1002
{
1070
     2
1000
-2000051
1002
}
1002
{
1070
     3
1000
-2000079
1002
}
  0
LINE
  5
2BF6
330
1F
100
AcDbEntity
  8
General
 62
   210
370
    70
100
AcDbLine
 10
138149.870455158
 20
230692.7187599902
 30
0.0
 11
147965.205588339
 21
256840.3085296456
 31
0.0
1001
REVIT
1002
{
1070
     1
1000
4757456
1002
}
1002
{
1070
     2
1000
-2000051
1002
}
1002
{
1070
     3
1000
-2000079
1002
}
  0
LINE
  5
2BF7
330
1F
100
AcDbEntity
  8
General
 62
   210
370
    70
100
AcDbLine
 10
122192.4997899617
 20
235417.6780533198
 30
0.0
 11
131322.9202101139
 21
259740.687337391
 31
0.0
1001
REVIT
1002
{
1070
     1
1000
4757474
1002
}
1002
{
1070
     2
1000
-2000051
1002
}
1002
{
1070
     3
1000
-2000079
1002
}
  0
LINE
  5
2BF8
330
1F
100
AcDbEntity
  8
General
 62
   210
370
    70
100
AcDbLine
 10
115963.3470266341
 20
266271.5604489773
 30
0.0
 11
105000.6221302614
 21
237067.3784767163
 31
0.0
1001
REVIT
1002
{
1070
     1
1000
4757492
1002
}
1002
{
1070
     2
1000
-2000051
1002
}
1002
{
1070
     3
1000
-2000079
1002
}
  0
LINE
  5
2BF9
330
1F
100
AcDbEntity
  8
General
 62
   210
370
    70
100
AcDbLine
 10
105996.7085797597
 20
259354.5822740266
 30
0.0
 11
95430.86558136636
 21
231207.6749556176
 31
0.0
1001
REVIT
1002
{
1070
     1
1000
4757514
1002
}
1002
{
1070
     2
1000
-2000051
1002
}
1002
{
1070
     3
1000
-2000079
1002
}
  0
LINE
  5
2BFA
330
1F
100
AcDbEntity
  8
General
 62
   210
370
    70
100
AcDbLine
 10
59015.26426808223
 20
192166.4496334429
 30
0.0
 11
33317.344102841
 21
182568.9560017377
 31
0.0
1001
REVIT
1002
{
1070
     1
1000
4757536
1002
}
1002
{
1070
     2
1000
-2000051
1002
}
1002
{
1070
     3
1000
-2000079
1002
}
  0
LINE
  5
2BFB
330
1F
100
AcDbEntity
  8
General
 62
   210
370
    70
100
AcDbLine
 10
58986.76567454836
 20
192097.0131203037
 30
0.0
 11
61635.10632560275
 21
198549.7421720008
 31
0.0
1001
REVIT
1002
{
1070
     1
1000
4757603
1002
}
1002
{
1070
     2
1000
-2000051
1002
}
1002
{
1070
     3
1000
-2000079
1002
}
  0
LINE
  5
2BFC
330
1F
100
AcDbEntity
  8
General
 62
   210
370
    70
100
AcDbLine
 10
117771.2122875849
 20
236945.8162900667
 30
0.0
 11
118642.5051990101
 21
236650.4132652021
 31
0.0
1001
REVIT
1002
{
1070
     1
1000
5327006
1002
}
1002
{
1070
     2
1000
-2000051
1002
}
1002
{
1070
     3
1000
-2000079
1002
}
  0
LINE
  5
2BFD
330
1F
100
AcDbEntity
  8
General
 62
   210
370
    70
100
AcDbLine
 10
117033.9541969296
 20
237154.860299982
 30
0.0
 11
117771.2122875854
 21
236945.8162900665
 31
0.0
1001
REVIT
1002
{
1070
     1
1000
5327011
1002
}
1002
{
1070
     2
1000
-2000051
1002
}
1002
{
1070
     3
1000
-2000079
1002
}
  0
LINE
  5
2BFE
330
1F
100
AcDbEntity
  8
General
 62
   210
370
    70
100
AcDbLine
 10
116530.4454335544
 20
237297.6264388106
 30
0.0
 11
117033.9541969473
 21
237154.8602999767
 31
0.0
1001
REVIT
1002
{
1070
     1
1000
5327016
1002
}
1002
{
1070
     2
1000
-2000051
1002
}
1002
{
1070
     3
1000
-2000079
1002
}
  0
LINE
  5
2BFF
330
1F
100
AcDbEntity
  8
General
 62
   210
370
    70
100
AcDbLine
 10
115258.4301888483
 20
237578.1064309693
 30
0.0
 11
116530.4454335539
 21
237297.6264388106
 31
0.0
1001
REVIT
1002
{
1070
     1
1000
5327021
1002
}
1002
{
1070
     2
1000
-2000051
1002
}
1002
{
1070
     3
1000
-2000079
1002
}
  0
LINE
  5
2C00
330
1F
100
AcDbEntity
  8
General
 62
   210
370
    70
100
AcDbLine
 10
114997.5889490513
 20
237611.6738731851
 30
0.0
 11
115258.4301888478
 21
237578.1064309696
 31
0.0
1001
REVIT
1002
{
1070
     1
1000
5327026
1002
}
1002
{
1070
     2
1000
-2000051
1002
}
1002
{
1070
     3
1000
-2000079
1002
}
  0
LINE
  5
2C01
330
1F
100
AcDbEntity
  8
General
 62
   210
370
    70
100
AcDbLine
 10
112688.5102664522
 20
237908.827288455
 30
0.0
 11
114997.5889490518
 21
237611.6738731846
 31
0.0
1001
REVIT
1002
{
1070
     1
1000
5327031
1002
}
1002
{
1070
     2
1000
-2000051
1002
}
1002
{
1070
     3
1000
-2000079
1002
}
  0
LINE
  5
2C02
330
1F
100
AcDbEntity
  8
General
 62
   210
370
    70
100
AcDbLine
 10
110097.5135642356
 20
237933.3381966871
 30
0.0
 11
112688.5102664513
 21
237908.827288455
 31
0.0
1001
REVIT
1002
{
1070
     1
1000
5327036
1002
}
1002
{
1070
     2
1000
-2000051
1002
}
1002
{
1070
     3
1000
-2000079
1002
}
  0
LINE
  5
2C03
330
1F
100
AcDbEntity
  8
General
 62
   210
370
    70
100
AcDbLine
 10
108073.0290307269
 20
237711.655568174
 30
0.0
 11
110097.5135642366
 21
237933.3381966871
 31
0.0
1001
REVIT
1002
{
1070
     1
1000
5327041
1002
}
1002
{
1070
     2
1000
-2000051
1002
}
1002
{
1070
     3
1000
-2000079
1002
}
  0
LINE
  5
2C04
330
1F
100
AcDbEntity
  8
General
 62
   210
370
    70
100
AcDbLine
 10
107521.7968759212
 20
237651.2952191687
 30
0.0
 11
108073.0290307259
 21
237711.6555681735
 31
0.0
1001
REVIT
1002
{
1070
     1
1000
5327046
1002
}
1002
{
1070
     2
1000
-2000051
1002
}
1002
{
1070
     3
1000
-2000079
1002
}
  0
LINE
  5
2C05
330
1F
100
AcDbEntity
  8
General
 62
   210
370
    70
100
AcDbLine
 10
105000.6221302614
 20
237067.3784767163
 30
0.0
 11
107521.7968759207
 21
237651.2952191691
 31
0.0
1001
REVIT
1002
{
1070
     1
1000
5327051
1002
}
1002
{
1070
     2
1000
-2000051
1002
}
1002
{
1070
     3
1000
-2000079
1002
}
  0
LINE
  5
2C06
330
1F
100
AcDbEntity
  8
General
 62
   210
370
    70
100
AcDbLine
 10
95026.45798816219
 20
230774.0726685928
 30
0.0
 11
95430.86558136403
 21
231207.6749556156
 31
0.0
1001
REVIT
1002
{
1070
     1
1000
5327226
1002
}
1002
{
1070
     2
1000
-2000051
1002
}
1002
{
1070
     3
1000
-2000079
1002
}
  0
LINE
  5
2C07
330
1F
100
AcDbEntity
  8
General
 62
   210
370
    70
100
AcDbLine
 10
94334.54056478119
 20
230032.2048544066
 30
0.0
 11
95026.45798816265
 21
230774.072668593
 31
0.0
1001
REVIT
1002
{
1070
     1
1000
5327231
1002
}
1002
{
1070
     2
1000
-2000051
1002
}
1002
{
1070
     3
1000
-2000079
1002
}
  0
LINE
  5
2C08
330
1F
100
AcDbEntity
  8
General
 62
   210
370
    70
100
AcDbLine
 10
93616.0927405964
 20
229051.0623619052
 30
0.0
 11
94334.54056478211
 21
230032.2048544074
 31
0.0
1001
REVIT
1002
{
1070
     1
1000
5327236
1002
}
1002
{
1070
     2
1000
-2000051
1002
}
1002
{
1070
     3
1000
-2000079
1002
}
  0
LINE
  5
2C09
330
1F
100
AcDbEntity
  8
General
 62
   210
370
    70
100
AcDbLine
 10
92803.7151985058
 20
227941.6455056387
 30
0.0
 11
93615.47388354422
 21
229050.2172247506
 31
0.0
1001
REVIT
1002
{
1070
     1
1000
5327241
1002
}
1002
{
1070
     2
1000
-2000051
1002
}
1002
{
1070
     3
1000
-2000079
1002
}
  0
LINE
  5
2C0A
330
1F
100
AcDbEntity
  8
General
 62
   210
370
    70
100
AcDbLine
 10
92112.75356691949
 20
226716.5188741764
 30
0.0
 11
92803.7151985058
 21
227941.6455056387
 31
0.0
1001
REVIT
1002
{
1070
     1
1000
5327246
1002
}
1002
{
1070
     2
1000
-2000051
1002
}
1002
{
1070
     3
1000
-2000079
1002
}
  0
LINE
  5
2C0B
330
1F
100
AcDbEntity
  8
General
 62
   210
370
    70
100
AcDbLine
 10
91530.83594628903
 20
225684.7354266442
 30
0.0
 11
92112.75356691949
 21
226716.5188741764
 31
0.0
1001
REVIT
1002
{
1070
     1
1000
5327253
1002
}
1002
{
1070
     2
1000
-2000051
1002
}
1002
{
1070
     3
1000
-2000079
1002
}
  0
LINE
  5
2C0C
330
1F
100
AcDbEntity
  8
General
 62
   210
370
    70
100
AcDbLine
 10
90838.82697651409
 20
224127.9001749394
 30
0.0
 11
91530.83594628856
 21
225684.7354266438
 31
0.0
1001
REVIT
1002
{
1070
     1
1000
5327258
1002
}
1002
{
1070
     2
1000
-2000051
1002
}
1002
{
1070
     3
1000
-2000079
1002
}
  0
LINE
  5
2C0D
330
1F
100
AcDbEntity
  8
General
 62
   210
370
    70
100
AcDbLine
 10
90598.46092966026
 20
223517.5641803743
 30
0.0
 11
90843.13884673747
 21
224126.1304894154
 31
0.0
1001
REVIT
1002
{
1070
     1
1000
5327263
1002
}
1002
{
1070
     2
1000
-2000051
1002
}
1002
{
1070
     3
1000
-2000079
1002
}
  0
LINE
  5
2C0E
330
1F
100
AcDbEntity
  8
General
 62
   210
370
    70
100
AcDbLine
 10
90394.78546400149
 20
223010.9797384416
 30
0.0
 11
90598.46092966026
 21
223517.564180374
 31
0.0
1001
REVIT
1002
{
1070
     1
1000
5327268
1002
}
1002
{
1070
     2
1000
-2000051
1002
}
1002
{
1070
     3
1000
-2000079
1002
}
  0
LINE
  5
2C0F
330
1F
100
AcDbEntity
  8
General
 62
   210
370
    70
100
AcDbLine
 10
90394.78546400149
 20
223010.9797384416
 30
0.0
 11
90598.46092966026
 21
223517.564180374
 31
0.0
1001
REVIT
1002
{
1070
     1
1000
5327275
1002
}
1002
{
1070
     2
1000
-2000051
1002
}
1002
{
1070
     3
1000
-2000079
1002
}
  0
LINE
  5
2C10
330
1F
100
AcDbEntity
  8
General
 62
   210
370
    70
100
AcDbLine
 10
90394.78546400149
 20
223010.9797384415
 30
0.0
 11
89852.39131301794
 21
221661.9294835817
 31
0.0
1001
REVIT
1002
{
1070
     1
1000
5327789
1002
}
1002
{
1070
     2
1000
-2000051
1002
}
1002
{
1070
     3
1000
-2000079
1002
}
  0
LINE
  5
2C11
330
1F
100
AcDbEntity
  8
General
 62
   210
370
    70
100
AcDbLine
 10
89852.39131301888
 20
221661.9294835817
 30
0.0
 11
89106.32169730789
 21
219806.2947867319
 31
0.0
1001
REVIT
1002
{
1070
     1
1000
5327794
1002
}
1002
{
1070
     2
1000
-2000051
1002
}
1002
{
1070
     3
1000
-2000079
1002
}
  0
LINE
  5
2C12
330
1F
100
AcDbEntity
  8
General
 62
   210
370
    70
100
AcDbLine
 10
89106.32169730694
 20
219806.2947867321
 30
0.0
 11
88360.25208066464
 21
217950.6600899407
 31
0.0
1001
REVIT
1002
{
1070
     1
1000
5327799
1002
}
1002
{
1070
     2
1000
-2000051
1002
}
1002
{
1070
     3
1000
-2000079
1002
}
  0
LINE
  5
2C13
330
1F
100
AcDbEntity
  8
General
 62
   210
370
    70
100
AcDbLine
 10
88360.25208066464
 20
217950.6600899399
 30
0.0
 11
87614.18246495457
 21
216095.0253931483
 31
0.0
1001
REVIT
1002
{
1070
     1
1000
5327804
1002
}
1002
{
1070
     2
1000
-2000051
1002
}
1002
{
1070
     3
1000
-2000079
1002
}
  0
LINE
  5
2C14
330
1F
100
AcDbEntity
  8
General
 62
   210
370
    70
100
AcDbLine
 10
87614.18246495457
 20
216095.0253931485
 30
0.0
 11
86868.11284924266
 21
214239.3906963564
 31
0.0
1001
REVIT
1002
{
1070
     1
1000
5327809
1002
}
1002
{
1070
     2
1000
-2000051
1002
}
1002
{
1070
     3
1000
-2000079
1002
}
  0
LINE
  5
2C15
330
1F
100
AcDbEntity
  8
General
 62
   210
370
    70
100
AcDbLine
 10
86868.11284924266
 20
214239.3906963564
 30
0.0
 11
86122.04323260126
 21
212383.7559995066
 31
0.0
1001
REVIT
1002
{
1070
     1
1000
5327814
1002
}
1002
{
1070
     2
1000
-2000051
1002
}
1002
{
1070
     3
1000
-2000079
1002
}
  0
LINE
  5
2C16
330
1F
100
AcDbEntity
  8
General
 62
   210
370
    70
100
AcDbLine
 10
86122.04323260126
 20
212383.7559995061
 30
0.0
 11
85375.9736168898
 21
210528.1213027145
 31
0.0
1001
REVIT
1002
{
1070
     1
1000
5327819
1002
}
1002
{
1070
     2
1000
-2000051
1002
}
1002
{
1070
     3
1000
-2000079
1002
}
  0
LINE
  5
2C17
330
1F
100
AcDbEntity
  8
General
 62
   210
370
    70
100
AcDbLine
 10
85375.97361689027
 20
210528.1213027147
 30
0.0
 11
84629.90400024702
 21
208672.4866059233
 31
0.0
1001
REVIT
1002
{
1070
     1
1000
5327824
1002
}
1002
{
1070
     2
1000
-2000051
1002
}
1002
{
1070
     3
1000
-2000079
1002
}
  0
LINE
  5
2C18
330
1F
100
AcDbEntity
  8
General
 62
   210
370
    70
100
AcDbLine
 10
84629.90400024702
 20
208672.4866059231
 30
0.0
 11
83883.83438453603
 21
206816.8519090725
 31
0.0
1001
REVIT
1002
{
1070
     1
1000
5327831
1002
}
1002
{
1070
     2
1000
-2000051
1002
}
1002
{
1070
     3
1000
-2000079
1002
}
  0
LINE
  5
2C19
330
1F
100
AcDbEntity
  8
General
 62
   210
370
    70
100
AcDbLine
 10
83883.83438453603
 20
206816.8519090723
 30
0.0
 11
83137.76476882503
 21
204961.2172122804
 31
0.0
1001
REVIT
1002
{
1070
     1
1000
5327836
1002
}
1002
{
1070
     2
1000
-2000051
1002
}
1002
{
1070
     3
1000
-2000079
1002
}
  0
LINE
  5
2C1A
330
1F
100
AcDbEntity
  8
General
 62
   210
370
    70
100
AcDbLine
 10
83137.76476882503
 20
204961.2172122804
 30
0.0
 11
82391.69515218319
 21
203105.5825154887
 31
0.0
1001
REVIT
1002
{
1070
     1
1000
5327841
1002
}
1002
{
1070
     2
1000
-2000051
1002
}
1002
{
1070
     3
1000
-2000079
1002
}
  0
LINE
  5
2C1B
330
1F
100
AcDbEntity
  8
General
 62
   210
370
    70
100
AcDbLine
 10
82391.69515218319
 20
203105.5825154883
 30
0.0
 11
81645.6255364722
 21
201249.9478186969
 31
0.0
1001
REVIT
1002
{
1070
     1
1000
5327846
1002
}
1002
{
1070
     2
1000
-2000051
1002
}
1002
{
1070
     3
1000
-2000079
1002
}
  0
LINE
  5
2C1C
330
1F
100
AcDbEntity
  8
General
 62
   210
370
    70
100
AcDbLine
 10
81645.6255364722
 20
201249.9478186973
 30
0.0
 11
81160.18830160577
 21
200042.5615953241
 31
0.0
1001
REVIT
1002
{
1070
     1
1000
5327851
1002
}
1002
{
1070
     2
1000
-2000051
1002
}
1002
{
1070
     3
1000
-2000079
1002
}
  0
LINE
  5
2C1D
330
1F
100
AcDbEntity
  8
General
 62
   210
370
    70
100
AcDbLine
 10
81160.1883016053
 20
200042.5615953243
 30
0.0
 11
80899.55591982988
 21
199394.3131218472
 31
0.0
1001
REVIT
1002
{
1070
     1
1000
5327856
1002
}
1002
{
1070
     2
1000
-2000051
1002
}
1002
{
1070
     3
1000
-2000079
1002
}
  0
LINE
  5
2C1E
330
1F
100
AcDbEntity
  8
General
 62
   210
370
    70
100
AcDbLine
 10
80899.55591983034
 20
199394.313121846
 30
0.0
 11
80153.48630411937
 21
197538.6784250542
 31
0.0
1001
REVIT
1002
{
1070
     1
1000
5327861
1002
}
1002
{
1070
     2
1000
-2000051
1002
}
1002
{
1070
     3
1000
-2000079
1002
}
  0
LINE
  5
2C1F
330
1F
100
AcDbEntity
  8
General
 62
   210
370
    70
100
AcDbLine
 10
80153.48630411937
 20
197538.6784250542
 30
0.0
 11
79407.41668840836
 21
195683.0437282625
 31
0.0
1001
REVIT
1002
{
1070
     1
1000
5327866
1002
}
1002
{
1070
     2
1000
-2000051
1002
}
1002
{
1070
     3
1000
-2000079
1002
}
  0
LINE
  5
2C20
330
1F
100
AcDbEntity
  8
General
 62
   210
370
    70
100
AcDbLine
 10
79407.41668840836
 20
195683.0437282625
 30
0.0
 11
78661.34707176558
 21
193827.4090314122
 31
0.0
1001
REVIT
1002
{
1070
     1
1000
5327871
1002
}
1002
{
1070
     2
1000
-2000051
1002
}
1002
{
1070
     3
1000
-2000079
1002
}
  0
LINE
  5
2C21
330
1F
100
AcDbEntity
  8
General
 62
   210
370
    70
100
AcDbLine
 10
78661.34707176652
 20
193827.4090314122
 30
0.0
 11
77915.27745605599
 21
191971.7743346208
 31
0.0
1001
REVIT
1002
{
1070
     1
1000
5327876
1002
}
1002
{
1070
     2
1000
-2000051
1002
}
1002
{
1070
     3
1000
-2000079
1002
}
  0
LINE
  5
2C22
330
1F
100
AcDbEntity
  8
General
 62
   210
370
    70
100
AcDbLine
 10
77915.27745605552
 20
191971.774334621
 30
0.0
 11
77879.46575969284
 21
191882.702986762
 31
0.0
1001
REVIT
1002
{
1070
     1
1000
5327888
1002
}
1002
{
1070
     2
1000
-2000051
1002
}
1002
{
1070
     3
1000
-2000079
1002
}
  0
LINE
  5
2C23
330
1F
100
AcDbEntity
  8
General
 62
   210
370
    70
100
AcDbLine
 10
75551.74637531828
 20
185298.5255842115
 30
0.0
 11
75130.8719293374
 21
183788.2897940945
 31
0.0
1001
REVIT
1002
{
1070
     1
1000
5327908
1002
}
1002
{
1070
     2
1000
-2000051
1002
}
1002
{
1070
     3
1000
-2000079
1002
}
  0
LINE
  5
2C24
330
1F
100
AcDbEntity
  8
General
 62
   210
370
    70
100
AcDbLine
 10
75130.8719293374
 20
183788.2897940945
 30
0.0
 11
74625.29454669509
 21
181648.5445686773
 31
0.0
1001
REVIT
1002
{
1070
     1
1000
5327913
1002
}
1002
{
1070
     2
1000
-2000051
1002
}
1002
{
1070
     3
1000
-2000079
1002
}
  0
LINE
  5
2C25
330
1F
100
AcDbEntity
  8
General
 62
   210
370
    70
100
AcDbLine
 10
74625.29454669556
 20
181648.5445686775
 30
0.0
 11
74205.17388927531
 21
179490.3933336591
 31
0.0
1001
REVIT
1002
{
1070
     1
1000
5327918
1002
}
1002
{
1070
     2
1000
-2000051
1002
}
1002
{
1070
     3
1000
-2000079
1002
}
  0
LINE
  5
2C26
330
1F
100
AcDbEntity
  8
General
 62
   210
370
    70
100
AcDbLine
 10
74205.17388927577
 20
179490.3933336591
 30
0.0
 11
73871.17407387741
 21
177317.2476315975
 31
0.0
1001
REVIT
1002
{
1070
     1
1000
5327923
1002
}
1002
{
1070
     2
1000
-2000051
1002
}
1002
{
1070
     3
1000
-2000079
1002
}
  0
LINE
  5
2C27
330
1F
100
AcDbEntity
  8
General
 62
   210
370
    70
100
AcDbLine
 10
73871.17407387695
 20
177317.247631597
 30
0.0
 11
73708.80533823477
 21
175883.1407197866
 31
0.0
1001
REVIT
1002
{
1070
     1
1000
5327928
1002
}
1002
{
1070
     2
1000
-2000051
1002
}
1002
{
1070
     3
1000
-2000079
1002
}
  0
LINE
  5
2C28
330
1F
100
AcDbEntity
  8
General
 62
   210
370
    70
100
AcDbLine
 10
73623.82307565178
 20
175132.5427079856
 30
0.0
 11
73571.4078798002
 21
174534.5685280451
 31
0.0
1001
REVIT
1002
{
1070
     1
1000
5327946
1002
}
1002
{
1070
     2
1000
-2000051
1002
}
1002
{
1070
     3
1000
-2000079
1002
}
  0
LINE
  5
2C29
330
1F
100
AcDbEntity
  8
General
 62
   210
370
    70
100
AcDbLine
 10
73571.4078798002
 20
174534.5685280444
 30
0.0
 11
73463.5119001415
 21
172939.7320808788
 31
0.0
1001
REVIT
1002
{
1070
     1
1000
5327951
1002
}
1002
{
1070
     2
1000
-2000051
1002
}
1002
{
1070
     3
1000
-2000079
1002
}
  0
LINE
  5
2C2A
330
1F
100
AcDbEntity
  8
General
 62
   210
370
    70
100
AcDbLine
 10
73463.5119001415
 20
172939.732080879
 30
0.0
 11
73418.80044350646
 21
171921.4672833396
 31
0.0
1001
REVIT
1002
{
1070
     1
1000
5327956
1002
}
1002
{
1070
     2
1000
-2000051
1002
}
1002
{
1070
     3
1000
-2000079
1002
}
  0
LINE
  5
2C2B
330
1F
100
AcDbEntity
  8
General
 62
   210
370
    70
100
AcDbLine
 10
73418.80044350646
 20
171921.4672833396
 30
0.0
 11
73390.49396394113
 21
170742.2820813582
 31
0.0
1001
REVIT
1002
{
1070
     1
1000
5327961
1002
}
1002
{
1070
     2
1000
-2000051
1002
}
1002
{
1070
     3
1000
-2000079
1002
}
  0
LINE
  5
2C2C
330
1F
100
AcDbEntity
  8
General
 62
   210
370
    70
100
AcDbLine
 10
73390.49396394113
 20
170742.2820813582
 30
0.0
 11
73404.88469051489
 21
168543.6663744579
 31
0.0
1001
REVIT
1002
{
1070
     1
1000
5327966
1002
}
1002
{
1070
     2
1000
-2000051
1002
}
1002
{
1070
     3
1000
-2000079
1002
}
  0
LINE
  5
2C2D
330
1F
100
AcDbEntity
  8
General
 62
   210
370
    70
100
AcDbLine
 10
73404.88469051489
 20
168543.6663744579
 30
0.0
 11
73506.66133137758
 21
166347.3604679837
 31
0.0
1001
REVIT
1002
{
1070
     1
1000
5327971
1002
}
1002
{
1070
     2
1000
-2000051
1002
}
1002
{
1070
     3
1000
-2000079
1002
}
  0
LINE
  5
2C2E
330
1F
100
AcDbEntity
  8
General
 62
   210
370
    70
100
AcDbLine
 10
73506.66133137852
 20
166347.3604679837
 30
0.0
 11
73695.66299962452
 21
164156.8362182857
 31
0.0
1001
REVIT
1002
{
1070
     1
1000
5327976
1002
}
1002
{
1070
     2
1000
-2000051
1002
}
1002
{
1070
     3
1000
-2000079
1002
}
  0
LINE
  5
2C2F
330
1F
100
AcDbEntity
  8
General
 62
   210
370
    70
100
AcDbLine
 10
73695.66299962312
 20
164156.8362182857
 30
0.0
 11
73971.59093069345
 21
161975.5563424261
 31
0.0
1001
REVIT
1002
{
1070
     1
1000
5327981
1002
}
1002
{
1070
     2
1000
-2000051
1002
}
1002
{
1070
     3
1000
-2000079
1002
}
  0
LINE
  5
2C30
330
1F
100
AcDbEntity
  8
General
 62
   210
370
    70
100
AcDbLine
 10
73971.59093069438
 20
161975.5563424268
 30
0.0
 11
74319.53569977744
 21
159884.4109941175
 31
0.0
1001
REVIT
1002
{
1070
     1
1000
5327986
1002
}
1002
{
1070
     2
1000
-2000051
1002
}
1002
{
1070
     3
1000
-2000079
1002
}
  0
LINE
  5
2C31
330
1F
100
AcDbEntity
  8
General
 62
   210
370
    70
100
AcDbLine
 10
74319.53569977697
 20
159884.4109941173
 30
0.0
 11
74334.00894245845
 21
159806.9689441562
 31
0.0
1001
REVIT
1002
{
1070
     1
1000
5327991
1002
}
1002
{
1070
     2
1000
-2000051
1002
}
1002
{
1070
     3
1000
-2000079
1002
}
  0
LINE
  5
2C32
330
1F
100
AcDbEntity
  8
General
 62
   210
370
    70
100
AcDbLine
 10
74334.00894245845
 20
159806.9689441564
 30
0.0
 11
74782.3441364869
 21
157654.502063298
 31
0.0
1001
REVIT
1002
{
1070
     1
1000
5327996
1002
}
1002
{
1070
     2
1000
-2000051
1002
}
1002
{
1070
     3
1000
-2000079
1002
}
  0
LINE
  5
2C33
330
1F
100
AcDbEntity
  8
General
 62
   210
370
    70
100
AcDbLine
 10
74782.34413648736
 20
157654.5020632978
 30
0.0
 11
75315.88779681608
 21
155521.5582566789
 31
0.0
1001
REVIT
1002
{
1070
     1
1000
5328001
1002
}
1002
{
1070
     2
1000
-2000051
1002
}
1002
{
1070
     3
1000
-2000079
1002
}
  0
LINE
  5
2C34
330
1F
100
AcDbEntity
  8
General
 62
   210
370
    70
100
AcDbLine
 10
75315.88779681747
 20
155521.5582566791
 30
0.0
 11
75933.79651393149
 21
153411.5092201805
 31
0.0
1001
REVIT
1002
{
1070
     1
1000
5328006
1002
}
1002
{
1070
     2
1000
-2000051
1002
}
1002
{
1070
     3
1000
-2000079
1002
}
  0
LINE
  5
2C35
330
1F
100
AcDbEntity
  8
General
 62
   210
370
    70
100
AcDbLine
 10
75933.79651393149
 20
153411.5092201802
 30
0.0
 11
76071.47142674601
 21
152980.010461964
 31
0.0
1001
REVIT
1002
{
1070
     1
1000
5328191
1002
}
1002
{
1070
     2
1000
-2000051
1002
}
1002
{
1070
     3
1000
-2000079
1002
}
  0
LINE
  5
2C36
330
1F
100
AcDbEntity
  8
General
 62
   210
370
    70
100
AcDbLine
 10
76071.47142674601
 20
152980.0104619643
 30
0.0
 11
76505.29716733903
 21
151534.5116431898
 31
0.0
1001
REVIT
1002
{
1070
     1
1000
5328196
1002
}
1002
{
1070
     2
1000
-2000051
1002
}
1002
{
1070
     3
1000
-2000079
1002
}
  0
LINE
  5
2C37
330
1F
100
AcDbEntity
  8
General
 62
   210
370
    70
100
AcDbLine
 10
76505.29716733903
 20
151534.51164319
 30
0.0
 11
77121.44270737855
 21
149566.461315073
 31
0.0
1001
REVIT
1002
{
1070
     1
1000
5328201
1002
}
1002
{
1070
     2
1000
-2000051
1002
}
1002
{
1070
     3
1000
-2000079
1002
}
  0
LINE
  5
2C38
330
1F
100
AcDbEntity
  8
General
 62
   210
370
    70
100
AcDbLine
 10
77121.44270737855
 20
149566.4613150727
 30
0.0
 11
77762.04563409103
 21
147606.2354841454
 31
0.0
1001
REVIT
1002
{
1070
     1
1000
5328206
1002
}
1002
{
1070
     2
1000
-2000051
1002
}
1002
{
1070
     3
1000
-2000079
1002
}
  0
LINE
  5
2C39
330
1F
100
AcDbEntity
  8
General
 62
   210
370
    70
100
AcDbLine
 10
77762.0456340915
 20
147606.235484145
 30
0.0
 11
78427.00662755514
 21
145654.1380744778
 31
0.0
1001
REVIT
1002
{
1070
     1
1000
5328211
1002
}
1002
{
1070
     2
1000
-2000051
1002
}
1002
{
1070
     3
1000
-2000079
1002
}
  0
LINE
  5
2C3A
330
1F
100
AcDbEntity
  8
General
 62
   210
370
    70
100
AcDbLine
 10
78427.0066275556
 20
145654.1380744778
 30
0.0
 11
79116.22258753994
 21
143710.4717501009
 31
0.0
1001
REVIT
1002
{
1070
     1
1000
5328216
1002
}
1002
{
1070
     2
1000
-2000051
1002
}
1002
{
1070
     3
1000
-2000079
1002
}
  0
LINE
  5
2C3B
330
1F
100
AcDbEntity
  8
General
 62
   210
370
    70
100
AcDbLine
 10
79116.22258753948
 20
143710.4717501012
 30
0.0
 11
79829.58665410302
 21
141775.5378679897
 31
0.0
1001
REVIT
1002
{
1070
     1
1000
5328221
1002
}
1002
{
1070
     2
1000
-2000051
1002
}
1002
{
1070
     3
1000
-2000079
1002
}
  0
LINE
  5
2C3C
330
1F
100
AcDbEntity
  8
General
 62
   210
370
    70
100
AcDbLine
 10
79829.58665410302
 20
141775.537867989
 30
0.0
 11
80566.98822243012
 21
139849.6364308799
 31
0.0
1001
REVIT
1002
{
1070
     1
1000
5328226
1002
}
1002
{
1070
     2
1000
-2000051
1002
}
1002
{
1070
     3
1000
-2000079
1002
}
  0
LINE
  5
2C3D
330
1F
100
AcDbEntity
  8
General
 62
   210
370
    70
100
AcDbLine
 10
80566.9882224306
 20
139849.6364308797
 30
0.0
 11
81328.31296338666
 21
137933.0660412103
 31
0.0
1001
REVIT
1002
{
1070
     1
1000
5328231
1002
}
1002
{
1070
     2
1000
-2000051
1002
}
1002
{
1070
     3
1000
-2000079
1002
}
  0
LINE
  5
2C3E
330
1F
100
AcDbEntity
  8
General
 62
   210
370
    70
100
AcDbLine
 10
81328.31296338666
 20
137933.0660412105
 30
0.0
 11
81443.71404141201
 21
137648.5032894193
 31
0.0
1001
REVIT
1002
{
1070
     1
1000
5328236
1002
}
1002
{
1070
     2
1000
-2000051
1002
}
1002
{
1070
     3
1000
-2000079
1002
}
  0
LINE
  5
2C3F
330
1F
100
AcDbEntity
  8
General
 62
   210
370
    70
100
AcDbLine
 10
81443.71404141201
 20
137648.5032894189
 30
0.0
 11
82113.44283553691
 21
136026.1238546829
 31
0.0
1001
REVIT
1002
{
1070
     1
1000
5328241
1002
}
1002
{
1070
     2
1000
-2000051
1002
}
1002
{
1070
     3
1000
-2000079
1002
}
  0
LINE
  5
2C40
330
1F
100
AcDbEntity
  8
General
 62
   210
370
    70
100
AcDbLine
 10
82113.44283553739
 20
136026.1238546829
 30
0.0
 11
82922.25611038938
 21
134129.1055342563
 31
0.0
1001
REVIT
1002
{
1070
     1
1000
5328246
1002
}
1002
{
1070
     2
1000
-2000051
1002
}
1002
{
1070
     3
1000
-2000079
1002
}
  0
LINE
  5
2C41
330
1F
100
AcDbEntity
  8
General
 62
   210
370
    70
100
AcDbLine
 10
82922.25611038938
 20
134129.1055342563
 30
0.0
 11
83754.627380659
 21
132242.3052040996
 31
0.0
1001
REVIT
1002
{
1070
     1
1000
5328289
1002
}
1002
{
1070
     2
1000
-2000051
1002
}
1002
{
1070
     3
1000
-2000079
1002
}
  0
LINE
  5
2C42
330
1F
100
AcDbEntity
  8
General
 62
   210
370
    70
100
AcDbLine
 10
83754.627380659
 20
132242.3052040996
 30
0.0
 11
84610.42759583671
 21
130366.0154042389
 31
0.0
1001
REVIT
1002
{
1070
     1
1000
5328294
1002
}
1002
{
1070
     2
1000
-2000051
1002
}
1002
{
1070
     3
1000
-2000079
1002
}
  0
LINE
  5
2C43
330
1F
100
AcDbEntity
  8
General
 62
   210
370
    70
100
AcDbLine
 10
84610.42759583671
 20
130366.0154042389
 30
0.0
 11
85489.52406383039
 21
128500.5270450284
 31
0.0
1001
REVIT
1002
{
1070
     1
1000
5328299
1002
}
1002
{
1070
     2
1000
-2000051
1002
}
1002
{
1070
     3
1000
-2000079
1002
}
  0
LINE
  5
2C44
330
1F
100
AcDbEntity
  8
General
 62
   210
370
    70
100
AcDbLine
 10
85489.52406383087
 20
128500.5270450286
 30
0.0
 11
86391.78048650048
 21
126646.1293622193
 31
0.0
1001
REVIT
1002
{
1070
     1
1000
5328304
1002
}
1002
{
1070
     2
1000
-2000051
1002
}
1002
{
1070
     3
1000
-2000079
1002
}
  0
LINE
  5
2C45
330
1F
100
AcDbEntity
  8
General
 62
   210
370
    70
100
AcDbLine
 10
86391.78048650048
 20
126646.1293622191
 30
0.0
 11
87317.05697364141
 21
124803.1098717254
 31
0.0
1001
REVIT
1002
{
1070
     1
1000
5328309
1002
}
1002
{
1070
     2
1000
-2000051
1002
}
1002
{
1070
     3
1000
-2000079
1002
}
  0
LINE
  5
2C46
330
1F
100
AcDbEntity
  8
General
 62
   210
370
    70
100
AcDbLine
 10
87317.05697364141
 20
124803.1098717254
 30
0.0
 11
88265.21006428091
 21
122971.7543256356
 31
0.0
1001
REVIT
1002
{
1070
     1
1000
5328314
1002
}
1002
{
1070
     2
1000
-2000051
1002
}
1002
{
1070
     3
1000
-2000079
1002
}
  0
LINE
  5
2C47
330
1F
100
AcDbEntity
  8
General
 62
   210
370
    70
100
AcDbLine
 10
88265.21006428091
 20
122971.7543256351
 30
0.0
 11
88353.40375284957
 21
122804.2077433503
 31
0.0
1001
REVIT
1002
{
1070
     1
1000
5328319
1002
}
1002
{
1070
     2
1000
-2000051
1002
}
1002
{
1070
     3
1000
-2000079
1002
}
  0
LINE
  5
2C48
330
1F
100
AcDbEntity
  8
General
 62
   210
370
    70
100
AcDbLine
 10
88353.40375284957
 20
122804.2077433501
 30
0.0
 11
89479.67370803947
 21
120960.7897425577
 31
0.0
1001
REVIT
1002
{
1070
     1
1000
5328324
1002
}
1002
{
1070
     2
1000
-2000051
1002
}
1002
{
1070
     3
1000
-2000079
1002
}
  0
LINE
  5
2C49
330
1F
100
AcDbEntity
  8
General
 62
   210
370
    70
100
AcDbLine
 10
89479.67370803853
 20
120960.7897425579
 30
0.0
 11
90531.73198849162
 21
119259.8566533566
 31
0.0
1001
REVIT
1002
{
1070
     1
1000
5328341
1002
}
1002
{
1070
     2
1000
-2000051
1002
}
1002
{
1070
     3
1000
-2000079
1002
}
  0
LINE
  5
2C4A
330
1F
100
AcDbEntity
  8
General
 62
   210
370
    70
100
AcDbLine
 10
90531.73198849302
 20
119259.8566533566
 30
0.0
 11
90969.3968661182
 21
118552.2545322416
 31
0.0
1001
REVIT
1002
{
1070
     1
1000
5328346
1002
}
1002
{
1070
     2
1000
-2000051
1002
}
1002
{
1070
     3
1000
-2000079
1002
}
  0
LINE
  5
2C4B
330
1F
100
AcDbEntity
  8
General
 62
   210
370
    70
100
AcDbLine
 10
90969.3968661182
 20
118552.2545322414
 30
0.0
 11
91583.79026987557
 21
117558.9235642158
 31
0.0
1001
REVIT
1002
{
1070
     1
1000
5328351
1002
}
1002
{
1070
     2
1000
-2000051
1002
}
1002
{
1070
     3
1000
-2000079
1002
}
  0
LINE
  5
2C4C
330
1F
100
AcDbEntity
  8
General
 62
   210
370
    70
100
AcDbLine
 10
91583.79026987557
 20
117558.9235642164
 30
0.0
 11
92635.84855032679
 21
115857.9904750184
 31
0.0
1001
REVIT
1002
{
1070
     1
1000
5328412
1002
}
1002
{
1070
     2
1000
-2000051
1002
}
1002
{
1070
     3
1000
-2000079
1002
}
  0
LINE
  5
2C4D
330
1F
100
AcDbEntity
  8
General
 62
   210
370
    70
100
AcDbLine
 10
92635.84855032679
 20
115857.9904750184
 30
0.0
 11
93687.90683077801
 21
114157.0573858203
 31
0.0
1001
REVIT
1002
{
1070
     1
1000
5328417
1002
}
1002
{
1070
     2
1000
-2000051
1002
}
1002
{
1070
     3
1000
-2000079
1002
}
  0
LINE
  5
2C4E
330
1F
100
AcDbEntity
  8
General
 62
   210
370
    70
100
AcDbLine
 10
93687.90683077801
 20
114157.0573858201
 30
0.0
 11
94739.96511216149
 21
112456.12429668
 31
0.0
1001
REVIT
1002
{
1070
     1
1000
5328422
1002
}
1002
{
1070
     2
1000
-2000051
1002
}
1002
{
1070
     3
1000
-2000079
1002
}
  0
LINE
  5
2C4F
330
1F
100
AcDbEntity
  8
General
 62
   210
370
    70
100
AcDbLine
 10
94739.96511216055
 20
112456.1242966804
 30
0.0
 11
95792.02339261318
 21
110755.1912074819
 31
0.0
1001
REVIT
1002
{
1070
     1
1000
5328427
1002
}
1002
{
1070
     2
1000
-2000051
1002
}
1002
{
1070
     3
1000
-2000079
1002
}
  0
LINE
  5
2C50
330
1F
100
AcDbEntity
  8
General
 62
   210
370
    70
100
AcDbLine
 10
95792.02339261364
 20
110755.1912074819
 30
0.0
 11
96844.08167399572
 21
109054.258118284
 31
0.0
1001
REVIT
1002
{
1070
     1
1000
5328432
1002
}
1002
{
1070
     2
1000
-2000051
1002
}
1002
{
1070
     3
1000
-2000079
1002
}
  0
LINE
  5
2C51
330
1F
100
AcDbEntity
  8
General
 62
   210
370
    70
100
AcDbLine
 10
96844.0816739948
 20
109054.258118284
 30
0.0
 11
97896.13995444694
 21
107353.3250291437
 31
0.0
1001
REVIT
1002
{
1070
     1
1000
5328437
1002
}
1002
{
1070
     2
1000
-2000051
1002
}
1002
{
1070
     3
1000
-2000079
1002
}
  0
LINE
  5
2C52
330
1F
100
AcDbEntity
  8
General
 62
   210
370
    70
100
AcDbLine
 10
97896.13995444694
 20
107353.3250291439
 30
0.0
 11
98948.19823489816
 21
105652.3919399461
 31
0.0
1001
REVIT
1002
{
1070
     1
1000
5328442
1002
}
1002
{
1070
     2
1000
-2000051
1002
}
1002
{
1070
     3
1000
-2000079
1002
}
  0
LINE
  5
2C53
330
1F
100
AcDbEntity
  8
General
 62
   210
370
    70
100
AcDbLine
 10
98948.19823489816
 20
105652.3919399459
 30
0.0
 11
99962.56144368894
 21
104012.4029986794
 31
0.0
1001
REVIT
1002
{
1070
     1
1000
5328447
1002
}
1002
{
1070
     2
1000
-2000051
1002
}
1002
{
1070
     3
1000
-2000079
1002
}
  0
LINE
  5
2C54
330
1F
100
AcDbEntity
  8
General
 62
   210
370
    70
100
AcDbLine
 10
99962.56144368894
 20
104012.4029986794
 30
0.0
 11
100000.2565162807
 21
103951.4588508055
 31
0.0
1001
REVIT
1002
{
1070
     1
1000
5328452
1002
}
1002
{
1070
     2
1000
-2000051
1002
}
1002
{
1070
     3
1000
-2000079
1002
}
  0
LINE
  5
2C55
330
1F
100
AcDbEntity
  8
General
 62
   210
370
    70
100
AcDbLine
 10
100000.2565162807
 20
103951.4588508053
 30
0.0
 11
100972.7916533734
 21
102379.0961540447
 31
0.0
1001
REVIT
1002
{
1070
     1
1000
5328457
1002
}
1002
{
1070
     2
1000
-2000051
1002
}
1002
{
1070
     3
1000
-2000079
1002
}
  0
LINE
  5
2C56
330
1F
100
AcDbEntity
  8
General
 62
   210
370
    70
100
AcDbLine
 10
100972.7916533739
 20
102379.0961540452
 30
0.0
 11
102024.8499338251
 21
100678.1630648471
 31
0.0
1001
REVIT
1002
{
1070
     1
1000
5328462
1002
}
1002
{
1070
     2
1000
-2000051
1002
}
1002
{
1070
     3
1000
-2000079
1002
}
  0
LINE
  5
2C57
330
1F
100
AcDbEntity
  8
General
 62
   210
370
    70
100
AcDbLine
 10
102024.8499338246
 20
100678.1630648464
 30
0.0
 11
103076.9082152067
 21
98977.22997570632
 31
0.0
1001
REVIT
1002
{
1070
     1
1000
5328467
1002
}
1002
{
1070
     2
1000
-2000051
1002
}
1002
{
1070
     3
1000
-2000079
1002
}
  0
LINE
  5
2C58
330
1F
100
AcDbEntity
  8
General
 62
   210
370
    70
100
AcDbLine
 10
103076.9082152067
 20
98977.22997570678
 30
0.0
 11
104128.9664956584
 21
97276.29688656691
 31
0.0
1001
REVIT
1002
{
1070
     1
1000
5328523
1002
}
1002
{
1070
     2
1000
-2000051
1002
}
1002
{
1070
     3
1000
-2000079
1002
}
  0
LINE
  5
2C59
330
1F
100
AcDbEntity
  8
General
 62
   210
370
    70
100
AcDbLine
 10
104128.9664956584
 20
97276.29688656691
 30
0.0
 11
105181.0247770423
 21
95575.36379742703
 31
0.0
1001
REVIT
1002
{
1070
     1
1000
5328528
1002
}
1002
{
1070
     2
1000
-2000051
1002
}
1002
{
1070
     3
1000
-2000079
1002
}
  0
LINE
  5
2C5A
330
1F
100
AcDbEntity
  8
General
 62
   210
370
    70
100
AcDbLine
 10
106233.0830574936
 20
93874.430708286
 30
0.0
 11
107285.1413388756
 21
92173.49761914682
 31
0.0
1001
REVIT
1002
{
1070
     1
1000
5328533
1002
}
1002
{
1070
     2
1000
-2000051
1002
}
1002
{
1070
     3
1000
-2000079
1002
}
  0
LINE
  5
2C5B
330
1F
100
AcDbEntity
  8
General
 62
   210
370
    70
100
AcDbLine
 10
105181.0247770418
 20
95575.3637974268
 30
0.0
 11
106233.0830574936
 21
93874.43070828577
 31
0.0
1001
REVIT
1002
{
1070
     1
1000
5328538
1002
}
1002
{
1070
     2
1000
-2000051
1002
}
1002
{
1070
     3
1000
-2000079
1002
}
  0
LINE
  5
2C5C
330
1F
100
AcDbEntity
  8
General
 62
   210
370
    70
100
AcDbLine
 10
107285.1413388756
 20
92173.49761914682
 30
0.0
 11
108337.1996193269
 21
90472.56453000672
 31
0.0
1001
REVIT
1002
{
1070
     1
1000
5328543
1002
}
1002
{
1070
     2
1000
-2000051
1002
}
1002
{
1070
     3
1000
-2000079
1002
}
  0
LINE
  5
2C5D
330
1F
100
AcDbEntity
  8
General
 62
   210
370
    70
100
AcDbLine
 10
108337.1996193269
 20
90472.5645300072
 30
0.0
 11
109389.257899779
 21
88771.63144086662
 31
0.0
1001
REVIT
1002
{
1070
     1
1000
5328548
1002
}
1002
{
1070
     2
1000
-2000051
1002
}
1002
{
1070
     3
1000
-2000079
1002
}
  0
LINE
  5
2C5E
330
1F
100
AcDbEntity
  8
General
 62
   210
370
    70
100
AcDbLine
 10
109389.257899779
 20
88771.63144086638
 30
0.0
 11
110441.3161811615
 21
87070.69835172674
 31
0.0
1001
REVIT
1002
{
1070
     1
1000
5328553
1002
}
1002
{
1070
     2
1000
-2000051
1002
}
1002
{
1070
     3
1000
-2000079
1002
}
  0
LINE
  5
2C5F
330
1F
100
AcDbEntity
  8
General
 62
   210
370
    70
100
AcDbLine
 10
110441.3161811606
 20
87070.69835172722
 30
0.0
 11
111493.3744616417
 21
85369.76526253962
 31
0.0
1001
REVIT
1002
{
1070
     1
1000
5328558
1002
}
1002
{
1070
     2
1000
-2000051
1002
}
1002
{
1070
     3
1000
-2000079
1002
}
  0
LINE
  5
2C60
330
1F
100
AcDbEntity
  8
General
 62
   210
370
    70
100
AcDbLine
 10
111493.3744616426
 20
85369.76526253939
 30
0.0
 11
112545.4327429953
 21
83668.83217344701
 31
0.0
1001
REVIT
1002
{
1070
     1
1000
5328563
1002
}
1002
{
1070
     2
1000
-2000051
1002
}
1002
{
1070
     3
1000
-2000079
1002
}
  0
LINE
  5
2C61
330
1F
100
AcDbEntity
  8
General
 62
   210
370
    70
100
AcDbLine
 10
112545.4327429953
 20
83668.83217344701
 30
0.0
 11
113597.4910234465
 21
81967.89908430714
 31
0.0
1001
REVIT
1002
{
1070
     1
1000
5328568
1002
}
1002
{
1070
     2
1000
-2000051
1002
}
1002
{
1070
     3
1000
-2000079
1002
}
  0
LINE
  5
2C62
330
1F
100
AcDbEntity
  8
General
 62
   210
370
    70
100
AcDbLine
 10
113597.4910234465
 20
81967.89908430691
 30
0.0
 11
114649.54930483
 21
80266.96599516727
 31
0.0
1001
REVIT
1002
{
1070
     1
1000
5328611
1002
}
1002
{
1070
     2
1000
-2000051
1002
}
1002
{
1070
     3
1000
-2000079
1002
}
  0
LINE
  5
2C63
330
1F
100
AcDbEntity
  8
General
 62
   210
370
    70
100
AcDbLine
 10
114649.5493048296
 20
80266.96599516727
 30
0.0
 11
115701.6075852808
 21
78566.03290602692
 31
0.0
1001
REVIT
1002
{
1070
     1
1000
5328616
1002
}
1002
{
1070
     2
1000
-2000051
1002
}
1002
{
1070
     3
1000
-2000079
1002
}
  0
LINE
  5
2C64
330
1F
100
AcDbEntity
  8
General
 62
   210
370
    70
100
AcDbLine
 10
115701.6075852808
 20
78566.03290602669
 30
0.0
 11
116753.6658666638
 21
76865.0998169448
 31
0.0
1001
REVIT
1002
{
1070
     1
1000
5328621
1002
}
1002
{
1070
     2
1000
-2000051
1002
}
1002
{
1070
     3
1000
-2000079
1002
}
  0
LINE
  5
2C65
330
1F
100
AcDbEntity
  8
General
 62
   210
370
    70
100
AcDbLine
 10
116753.6658666638
 20
76865.09981694526
 30
0.0
 11
117515.9822100137
 21
75632.61192425305
 31
0.0
1001
REVIT
1002
{
1070
     1
1000
5328626
1002
}
1002
{
1070
     2
1000
-2000051
1002
}
1002
{
1070
     3
1000
-2000079
1002
}
  0
LINE
  5
2C66
330
1F
100
AcDbEntity
  8
General
 62
   210
370
    70
100
AcDbLine
 10
117515.9822100132
 20
75632.61192425305
 30
0.0
 11
117839.7016351774
 21
75116.04852554703
 31
0.0
1001
REVIT
1002
{
1070
     1
1000
5328631
1002
}
1002
{
1070
     2
1000
-2000051
1002
}
1002
{
1070
     3
1000
-2000079
1002
}
  0
LINE
  5
2C67
330
1F
100
AcDbEntity
  8
General
 62
   210
370
    70
100
AcDbLine
 10
117839.7016351769
 20
75116.04852554703
 30
0.0
 11
119065.6879650169
 21
73273.23138910963
 31
0.0
1001
REVIT
1002
{
1070
     1
1000
5328636
1002
}
1002
{
1070
     2
1000
-2000051
1002
}
1002
{
1070
     3
1000
-2000079
1002
}
  0
LINE
  5
2C68
330
1F
100
AcDbEntity
  8
General
 62
   210
370
    70
100
AcDbLine
 10
119065.6879650169
 20
73273.23138910963
 30
0.0
 11
120369.2357236348
 21
71484.43829883181
 31
0.0
1001
REVIT
1002
{
1070
     1
1000
5328641
1002
}
1002
{
1070
     2
1000
-2000051
1002
}
1002
{
1070
     3
1000
-2000079
1002
}
  0
LINE
  5
2C69
330
1F
100
AcDbEntity
  8
General
 62
   210
370
    70
100
AcDbLine
 10
120369.2357236348
 20
71484.43829883181
 30
0.0
 11
121747.9676216693
 21
69752.93148935295
 31
0.0
1001
REVIT
1002
{
1070
     1
1000
5328646
1002
}
1002
{
1070
     2
1000
-2000051
1002
}
1002
{
1070
     3
1000
-2000079
1002
}
  0
LINE
  5
2C6A
330
1F
100
AcDbEntity
  8
General
 62
   210
370
    70
100
AcDbLine
 10
121747.9676216693
 20
69752.93148935295
 30
0.0
 11
123199.369257683
 21
68081.86872177908
 31
0.0
1001
REVIT
1002
{
1070
     1
1000
5328651
1002
}
1002
{
1070
     2
1000
-2000051
1002
}
1002
{
1070
     3
1000
-2000079
1002
}
  0
LINE
  5
2C6B
330
1F
100
AcDbEntity
  8
General
 62
   210
370
    70
100
AcDbLine
 10
123199.3692576821
 20
68081.86872177908
 30
0.0
 11
124720.7936974309
 21
66474.29752525629
 31
0.0
1001
REVIT
1002
{
1070
     1
1000
5328656
1002
}
1002
{
1070
     2
1000
-2000051
1002
}
1002
{
1070
     3
1000
-2000079
1002
}
  0
LINE
  5
2C6C
330
1F
100
AcDbEntity
  8
General
 62
   210
370
    70
100
AcDbLine
 10
124720.7936974304
 20
66474.29752525722
 30
0.0
 11
126309.4663102335
 21
64933.14963864709
 31
0.0
1001
REVIT
1002
{
1070
     1
1000
5328699
1002
}
1002
{
1070
     2
1000
-2000051
1002
}
1002
{
1070
     3
1000
-2000079
1002
}
  0
LINE
  5
2C6D
330
1F
100
AcDbEntity
  8
General
 62
   210
370
    70
100
AcDbLine
 10
126309.4663102335
 20
64933.14963864755
 30
0.0
 11
127962.489822345
 21
63461.23566437268
 31
0.0
1001
REVIT
1002
{
1070
     1
1000
5328704
1002
}
1002
{
1070
     2
1000
-2000051
1002
}
1002
{
1070
     3
1000
-2000079
1002
}
  0
LINE
  5
2C6E
330
1F
100
AcDbEntity
  8
General
 62
   210
370
    70
100
AcDbLine
 10
127962.4898223455
 20
63461.23566437221
 30
0.0
 11
129058.2984699226
 21
62552.36173344577
 31
0.0
1001
REVIT
1002
{
1070
     1
1000
5328709
1002
}
1002
{
1070
     2
1000
-2000051
1002
}
1002
{
1070
     3
1000
-2000079
1002
}
  0
LINE
  5
2C6F
330
1F
100
AcDbEntity
  8
General
 62
   210
370
    70
100
AcDbLine
 10
129058.2984699231
 20
62552.3617334453
 30
0.0
 11
129676.8496021937
 21
62061.23994214122
 31
0.0
1001
REVIT
1002
{
1070
     1
1000
5328714
1002
}
1002
{
1070
     2
1000
-2000051
1002
}
1002
{
1070
     3
1000
-2000079
1002
}
  0
LINE
  5
2C70
330
1F
100
AcDbEntity
  8
General
 62
   210
370
    70
100
AcDbLine
 10
129676.8496021932
 20
62061.23994214122
 30
0.0
 11
131449.4191626437
 21
60735.71565414068
 31
0.0
1001
REVIT
1002
{
1070
     1
1000
5328719
1002
}
1002
{
1070
     2
1000
-2000051
1002
}
1002
{
1070
     3
1000
-2000079
1002
}
  0
LINE
  5
2C71
330
1F
100
AcDbEntity
  8
General
 62
   210
370
    70
100
AcDbLine
 10
131449.4191626437
 20
60735.71565414114
 30
0.0
 11
133276.965851388
 21
59487.08016847806
 31
0.0
1001
REVIT
1002
{
1070
     1
1000
5328724
1002
}
1002
{
1070
     2
1000
-2000051
1002
}
1002
{
1070
     3
1000
-2000079
1002
}
  0
LINE
  5
2C72
330
1F
100
AcDbEntity
  8
General
 62
   210
370
    70
100
AcDbLine
 10
133276.965851389
 20
59487.08016847714
 30
0.0
 11
135156.1567620114
 21
58317.61063049768
 31
0.0
1001
REVIT
1002
{
1070
     1
1000
5328729
1002
}
1002
{
1070
     2
1000
-2000051
1002
}
1002
{
1070
     3
1000
-2000079
1002
}
  0
LINE
  5
2C73
330
1F
100
AcDbEntity
  8
General
 62
   210
370
    70
100
AcDbLine
 10
135156.1567620114
 20
58317.61063049814
 30
0.0
 11
137083.5647997201
 21
57229.4398099993
 31
0.0
1001
REVIT
1002
{
1070
     1
1000
5328734
1002
}
1002
{
1070
     2
1000
-2000051
1002
}
1002
{
1070
     3
1000
-2000079
1002
}
  0
LINE
  5
2C74
330
1F
100
AcDbEntity
  8
General
 62
   210
370
    70
100
AcDbLine
 10
137083.5647997201
 20
57229.4398099993
 30
0.0
 11
139055.6749370788
 21
56224.55221183166
 31
0.0
1001
REVIT
1002
{
1070
     1
1000
5328739
1002
}
1002
{
1070
     2
1000
-2000051
1002
}
1002
{
1070
     3
1000
-2000079
1002
}
  0
LINE
  5
2C75
330
1F
100
AcDbEntity
  8
General
 62
   210
370
    70
100
AcDbLine
 10
139055.6749370779
 20
56224.55221183259
 30
0.0
 11
141068.8906242187
 21
55304.78045659546
 31
0.0
1001
REVIT
1002
{
1070
     1
1000
5328752
1002
}
1002
{
1070
     2
1000
-2000051
1002
}
1002
{
1070
     3
1000
-2000079
1002
}
  0
LINE
  5
2C76
330
1F
100
AcDbEntity
  8
General
 62
   210
370
    70
100
AcDbLine
 10
141068.8906242187
 20
55304.78045659499
 30
0.0
 11
143119.54034168
 21
54471.80193860909
 31
0.0
1001
REVIT
1002
{
1070
     1
1000
5328757
1002
}
1002
{
1070
     2
1000
-2000051
1002
}
1002
{
1070
     3
1000
-2000079
1002
}
  0
LINE
  5
2C77
330
1F
100
AcDbEntity
  8
General
 62
   210
370
    70
100
AcDbLine
 10
143119.5403416805
 20
54471.80193860909
 30
0.0
 11
144286.5725322814
 21
54042.50399087636
 31
0.0
1001
REVIT
1002
{
1070
     1
1000
5328762
1002
}
1002
{
1070
     2
1000
-2000051
1002
}
1002
{
1070
     3
1000
-2000079
1002
}
  0
LINE
  5
2C78
330
1F
100
AcDbEntity
  8
General
 62
   210
370
    70
100
AcDbLine
 10
144286.5725322804
 20
54042.50399087636
 30
0.0
 11
145112.700427441
 21
53749.8117654476
 31
0.0
1001
REVIT
1002
{
1070
     1
1000
5328767
1002
}
1002
{
1070
     2
1000
-2000051
1002
}
1002
{
1070
     3
1000
-2000079
1002
}
  0
LINE
  5
2C79
330
1F
100
AcDbEntity
  8
General
 62
   210
370
    70
100
AcDbLine
 10
145112.7004274406
 20
53749.8117654476
 30
0.0
 11
146997.8792746892
 21
53081.90405321947
 31
0.0
1001
REVIT
1002
{
1070
     1
1000
5328772
1002
}
1002
{
1070
     2
1000
-2000051
1002
}
1002
{
1070
     3
1000
-2000079
1002
}
  0
LINE
  5
2C7A
330
1F
100
AcDbEntity
  8
General
 62
   210
370
    70
100
AcDbLine
 10
146997.8792746897
 20
53081.90405321947
 30
0.0
 11
148883.0581228692
 21
52413.9963409918
 31
0.0
1001
REVIT
1002
{
1070
     1
1000
5328777
1002
}
1002
{
1070
     2
1000
-2000051
1002
}
1002
{
1070
     3
1000
-2000079
1002
}
  0
LINE
  5
2C7B
330
1F
100
AcDbEntity
  8
General
 62
   210
370
    70
100
AcDbLine
 10
148883.0581228692
 20
52413.9963409918
 30
0.0
 11
150768.2369701184
 21
51746.08862876367
 31
0.0
1001
REVIT
1002
{
1070
     1
1000
5328782
1002
}
1002
{
1070
     2
1000
-2000051
1002
}
1002
{
1070
     3
1000
-2000079
1002
}
  0
LINE
  5
2C7C
330
1F
100
AcDbEntity
  8
General
 62
   210
370
    70
100
AcDbLine
 10
150768.2369701184
 20
51746.08862876367
 30
0.0
 11
152653.4158182988
 21
51078.18091653554
 31
0.0
1001
REVIT
1002
{
1070
     1
1000
5328787
1002
}
1002
{
1070
     2
1000
-2000051
1002
}
1002
{
1070
     3
1000
-2000079
1002
}
  0
LINE
  5
2C7D
330
1F
100
AcDbEntity
  8
General
 62
   210
370
    70
100
AcDbLine
 10
152653.4158182988
 20
51078.18091653554
 30
0.0
 11
154538.5946655484
 21
50410.27320430648
 31
0.0
1001
REVIT
1002
{
1070
     1
1000
5328792
1002
}
1002
{
1070
     2
1000
-2000051
1002
}
1002
{
1070
     3
1000
-2000079
1002
}
  0
LINE
  5
2C7E
330
1F
100
AcDbEntity
  8
General
 62
   210
370
    70
100
AcDbLine
 10
154538.5946655484
 20
50410.27320430695
 30
0.0
 11
156423.7735137279
 21
49742.36549207882
 31
0.0
1001
REVIT
1002
{
1070
     1
1000
5328835
1002
}
1002
{
1070
     2
1000
-2000051
1002
}
1002
{
1070
     3
1000
-2000079
1002
}
  0
LINE
  5
2C7F
330
1F
100
AcDbEntity
  8
General
 62
   210
370
    70
100
AcDbLine
 10
156423.7735137279
 20
49742.36549207882
 30
0.0
 11
158308.9523609766
 21
49074.45777985069
 31
0.0
1001
REVIT
1002
{
1070
     1
1000
5328840
1002
}
1002
{
1070
     2
1000
-2000051
1002
}
1002
{
1070
     3
1000
-2000079
1002
}
  0
LINE
  5
2C80
330
1F
100
AcDbEntity
  8
General
 62
   210
370
    70
100
AcDbLine
 10
158308.9523609766
 20
49074.45777985069
 30
0.0
 11
160194.1312091571
 21
48406.55006762255
 31
0.0
1001
REVIT
1002
{
1070
     1
1000
5328845
1002
}
1002
{
1070
     2
1000
-2000051
1002
}
1002
{
1070
     3
1000
-2000079
1002
}
  0
LINE
  5
2C81
330
1F
100
AcDbEntity
  8
General
 62
   210
370
    70
100
AcDbLine
 10
160194.1312091571
 20
48406.55006762255
 30
0.0
 11
162079.3100564053
 21
47738.64235539442
 31
0.0
1001
REVIT
1002
{
1070
     1
1000
5328850
1002
}
1002
{
1070
     2
1000
-2000051
1002
}
1002
{
1070
     3
1000
-2000079
1002
}
  0
LINE
  5
2C82
330
1F
100
AcDbEntity
  8
General
 62
   210
370
    70
100
AcDbLine
 10
162079.3100564053
 20
47738.64235539396
 30
0.0
 11
163964.4889045852
 21
47070.73464316629
 31
0.0
1001
REVIT
1002
{
1070
     1
1000
5328855
1002
}
1002
{
1070
     2
1000
-2000051
1002
}
1002
{
1070
     3
1000
-2000079
1002
}
  0
LINE
  5
2C83
330
1F
100
AcDbEntity
  8
General
 62
   210
370
    70
100
AcDbLine
 10
163964.4889045848
 20
47070.73464316723
 30
0.0
 11
165133.9959862117
 21
46656.38520343589
 31
0.0
1001
REVIT
1002
{
1070
     1
1000
5328860
1002
}
1002
{
1070
     2
1000
-2000051
1002
}
1002
{
1070
     3
1000
-2000079
1002
}
  0
LINE
  5
2C84
330
1F
100
AcDbEntity
  8
General
 62
   210
370
    70
100
AcDbLine
 10
165133.9959862121
 20
46656.38520343542
 30
0.0
 11
165849.6677527657
 21
46402.82693088042
 31
0.0
1001
REVIT
1002
{
1070
     1
1000
5328865
1002
}
1002
{
1070
     2
1000
-2000051
1002
}
1002
{
1070
     3
1000
-2000079
1002
}
  0
LINE
  5
2C85
330
1F
100
AcDbEntity
  8
General
 62
   210
370
    70
100
AcDbLine
 10
165849.6677527652
 20
46402.82693088042
 30
0.0
 11
167734.8466000139
 21
45734.91921865183
 31
0.0
1001
REVIT
1002
{
1070
     1
1000
5328870
1002
}
1002
{
1070
     2
1000
-2000051
1002
}
1002
{
1070
     3
1000
-2000079
1002
}
  0
LINE
  5
2C86
330
1F
100
AcDbEntity
  8
General
 62
   210
370
    70
100
AcDbLine
 10
167734.8466000139
 20
45734.91921865183
 30
0.0
 11
169620.0254481948
 21
45067.0115064237
 31
0.0
1001
REVIT
1002
{
1070
     1
1000
5328875
1002
}
1002
{
1070
     2
1000
-2000051
1002
}
1002
{
1070
     3
1000
-2000079
1002
}
  0
LINE
  5
2C87
330
1F
100
AcDbEntity
  8
General
 62
   210
370
    70
100
AcDbLine
 10
169620.0254481944
 20
45067.0115064237
 30
0.0
 11
170200.2874777844
 21
44861.42810229758
 31
0.0
1001
REVIT
1002
{
1070
     1
1000
5328880
1002
}
1002
{
1070
     2
1000
-2000051
1002
}
1002
{
1070
     3
1000
-2000079
1002
}
  0
LINE
  5
2C88
330
1F
100
AcDbEntity
  8
General
 62
   210
370
    70
100
AcDbLine
 10
170200.2874777839
 20
44861.42810229711
 30
0.0
 11
171520.1670040285
 21
44388.92536721366
 31
0.0
1001
REVIT
1002
{
1070
     1
1000
5328885
1002
}
1002
{
1070
     2
1000
-2000051
1002
}
1002
{
1070
     3
1000
-2000079
1002
}
  0
LINE
  5
2C89
330
1F
100
AcDbEntity
  8
General
 62
   210
370
    70
100
AcDbLine
 10
171520.167004028
 20
44388.92536721413
 30
0.0
 11
173507.7667643196
 21
43714.55948782933
 31
0.0
1001
REVIT
1002
{
1070
     1
1000
5328921
1002
}
1002
{
1070
     2
1000
-2000051
1002
}
1002
{
1070
     3
1000
-2000079
1002
}
  0
LINE
  5
2C8A
330
1F
100
AcDbEntity
  8
General
 62
   210
370
    70
100
AcDbLine
 10
173507.7667643205
 20
43714.55948782886
 30
0.0
 11
175508.3183615437
 21
43079.64575226872
 31
0.0
1001
REVIT
1002
{
1070
     1
1000
5328928
1002
}
1002
{
1070
     2
1000
-2000051
1002
}
1002
{
1070
     3
1000
-2000079
1002
}
  0
LINE
  5
2C8B
330
1F
100
AcDbEntity
  8
General
 62
   210
370
    70
100
AcDbLine
 10
175508.3183615437
 20
43079.64575226825
 30
0.0
 11
177521.0387909013
 21
42484.43266271694
 31
0.0
1001
REVIT
1002
{
1070
     1
1000
5328933
1002
}
1002
{
1070
     2
1000
-2000051
1002
}
1002
{
1070
     3
1000
-2000079
1002
}
  0
LINE
  5
2C8C
330
1F
100
AcDbEntity
  8
General
 62
   210
370
    70
100
AcDbLine
 10
177521.0387909018
 20
42484.43266271694
 30
0.0
 11
178956.6558997469
 21
42086.15978259302
 31
0.0
1001
REVIT
1002
{
1070
     1
1000
5328938
1002
}
1002
{
1070
     2
1000
-2000051
1002
}
1002
{
1070
     3
1000
-2000079
1002
}
  0
LINE
  5
2C8D
330
1F
100
AcDbEntity
  8
General
 62
   210
370
    70
100
AcDbLine
 10
178956.6558997465
 20
42086.15978259302
 30
0.0
 11
179545.1402810515
 21
41929.15318277419
 31
0.0
1001
REVIT
1002
{
1070
     1
1000
5328943
1002
}
1002
{
1070
     2
1000
-2000051
1002
}
1002
{
1070
     3
1000
-2000079
1002
}
  0
LINE
  5
2C8E
330
1F
100
AcDbEntity
  8
General
 62
   210
370
    70
100
AcDbLine
 10
179545.140281051
 20
41929.15318277419
 30
0.0
 11
181579.830609975
 21
41414.02464591327
 31
0.0
1001
REVIT
1002
{
1070
     1
1000
5328948
1002
}
1002
{
1070
     2
1000
-2000051
1002
}
1002
{
1070
     3
1000
-2000079
1002
}
  0
LINE
  5
2C8F
330
1F
100
AcDbEntity
  8
General
 62
   210
370
    70
100
AcDbLine
 10
181579.8306099746
 20
41414.02464591327
 30
0.0
 11
183624.3134101463
 21
40939.24867115949
 31
0.0
1001
REVIT
1002
{
1070
     1
1000
5328953
1002
}
1002
{
1070
     2
1000
-2000051
1002
}
1002
{
1070
     3
1000
-2000079
1002
}
  0
LINE
  5
2C90
330
1F
100
AcDbEntity
  8
General
 62
   210
370
    70
100
AcDbLine
 10
183624.3134101468
 20
40939.24867115949
 30
0.0
 11
184332.4410950202
 21
40784.70700355467
 31
0.0
1001
REVIT
1002
{
1070
     1
1000
5328958
1002
}
1002
{
1070
     2
1000
-2000051
1002
}
1002
{
1070
     3
1000
-2000079
1002
}
  0
LINE
  5
2C91
330
1F
100
AcDbEntity
  8
General
 62
   210
370
    70
100
AcDbLine
 10
184332.4410950193
 20
40784.70700355467
 30
0.0
 11
185677.7884799588
 21
40505.01108342862
 31
0.0
1001
REVIT
1002
{
1070
     1
1000
5328963
1002
}
1002
{
1070
     2
1000
-2000051
1002
}
1002
{
1070
     3
1000
-2000079
1002
}
  0
LINE
  5
2C92
330
1F
100
AcDbEntity
  8
General
 62
   210
370
    70
100
AcDbLine
 10
185677.7884799592
 20
40505.01108342816
 30
0.0
 11
187739.4521001569
 21
40111.48184128606
 31
0.0
1001
REVIT
1002
{
1070
     1
1000
5328968
1002
}
1002
{
1070
     2
1000
-2000051
1002
}
1002
{
1070
     3
1000
-2000079
1002
}
  0
LINE
  5
2C93
330
1F
100
AcDbEntity
  8
General
 62
   210
370
    70
100
AcDbLine
 10
187739.4521001574
 20
40111.48184128606
 30
0.0
 11
189808.4973439413
 21
39758.81497012998
 31
0.0
1001
REVIT
1002
{
1070
     1
1000
5328973
1002
}
1002
{
1070
     2
1000
-2000051
1002
}
1002
{
1070
     3
1000
-2000079
1002
}
  0
LINE
  5
2C94
330
1F
100
AcDbEntity
  8
General
 62
   210
370
    70
100
AcDbLine
 10
189808.4973439413
 20
39758.81497012998
 30
0.0
 11
191884.1143984362
 21
39447.14850196929
 31
0.0
1001
REVIT
1002
{
1070
     1
1000
5329008
1002
}
1002
{
1070
     2
1000
-2000051
1002
}
1002
{
1070
     3
1000
-2000079
1002
}
  0
LINE
  5
2C95
330
1F
100
AcDbEntity
  8
General
 62
   210
370
    70
100
AcDbLine
 10
191884.1143984349
 20
39447.14850196929
 30
0.0
 11
193965.4908765327
 21
39176.6044217277
 31
0.0
1001
REVIT
1002
{
1070
     1
1000
5329013
1002
}
1002
{
1070
     2
1000
-2000051
1002
}
1002
{
1070
     3
1000
-2000079
1002
}
  0
LINE
  5
2C96
330
1F
100
AcDbEntity
  8
General
 62
   210
370
    70
100
AcDbLine
 10
193965.4908765327
 20
39176.6044217277
 30
0.0
 11
196051.8121391722
 21
38947.28861892398
 31
0.0
1001
REVIT
1002
{
1070
     1
1000
5329018
1002
}
1002
{
1070
     2
1000
-2000051
1002
}
1002
{
1070
     3
1000
-2000079
1002
}
  0
LINE
  5
2C97
330
1F
100
AcDbEntity
  8
General
 62
   210
370
    70
100
AcDbLine
 10
196051.8121391722
 20
38947.28861892398
 30
0.0
 11
198142.2616083567
 21
38759.29084668017
 31
0.0
1001
REVIT
1002
{
1070
     1
1000
5329023
1002
}
1002
{
1070
     2
1000
-2000051
1002
}
1002
{
1070
     3
1000
-2000079
1002
}
  0
LINE
  5
2C98
330
1F
100
AcDbEntity
  8
General
 62
   210
370
    70
100
AcDbLine
 10
198142.2616083576
 20
38759.2908466797
 30
0.0
 11
198943.4804598252
 21
38698.27148566103
 31
0.0
1001
REVIT
1002
{
1070
     1
1000
5329028
1002
}
1002
{
1070
     2
1000
-2000051
1002
}
1002
{
1070
     3
1000
-2000079
1002
}
  0
LINE
  5
2C99
330
1F
100
AcDbEntity
  8
General
 62
   210
370
    70
100
AcDbLine
 10
198943.4804598252
 20
38698.27148566103
 30
0.0
 11
200647.5795813414
 21
38655.20812941051
 31
0.0
1001
REVIT
1002
{
1070
     1
1000
5329033
1002
}
1002
{
1070
     2
1000
-2000051
1002
}
1002
{
1070
     3
1000
-2000079
1002
}
  0
LINE
  5
2C9A
330
1F
100
AcDbEntity
  8
General
 62
   210
370
    70
100
AcDbLine
 10
200647.5795813409
 20
38655.20812941051
 30
0.0
 11
203397.5739469068
 21
38927.17491385329
 31
0.0
1001
REVIT
1002
{
1070
     1
1000
5329038
1002
}
1002
{
1070
     2
1000
-2000051
1002
}
1002
{
1070
     3
1000
-2000079
1002
}
  0
LINE
  5
2C9B
330
1F
100
AcDbEntity
  8
General
 62
   210
370
    70
100
AcDbLine
 10
203401.9383172222
 20
38927.9479716554
 30
0.0
 11
206073.8414971964
 21
39615.67104937636
 31
0.0
1001
REVIT
1002
{
1070
     1
1000
5329043
1002
}
1002
{
1070
     2
1000
-2000051
1002
}
1002
{
1070
     3
1000
-2000079
1002
}
  0
LINE
  5
2C9C
330
1F
100
AcDbEntity
  8
General
 62
   210
370
    70
100
AcDbLine
 10
206073.8414971964
 20
39615.6710493759
 30
0.0
 11
207662.090409855
 21
40242.5704200504
 31
0.0
1001
REVIT
1002
{
1070
     1
1000
5329048
1002
}
1002
{
1070
     2
1000
-2000051
1002
}
1002
{
1070
     3
1000
-2000079
1002
}
  0
LINE
  5
2C9D
330
1F
100
AcDbEntity
  8
General
 62
   210
370
    70
100
AcDbLine
 10
207662.090409855
 20
40242.5704200504
 30
0.0
 11
210042.8888256756
 21
41528.05482746508
 31
0.0
1001
REVIT
1002
{
1070
     1
1000
5329147
1002
}
1002
{
1070
     2
1000
-2000051
1002
}
1002
{
1070
     3
1000
-2000079
1002
}
  0
LINE
  5
2C9E
330
1F
100
AcDbEntity
  8
General
 62
   210
370
    70
100
AcDbLine
 10
216566.3495055196
 20
48992.63077586783
 30
0.0
 11
217005.2333902117
 21
49888.48216095926
 31
0.0
1001
REVIT
1002
{
1070
     1
1000
5329235
1002
}
1002
{
1070
     2
1000
-2000051
1002
}
1002
{
1070
     3
1000
-2000079
1002
}
  0
LINE
  5
2C9F
330
1F
100
AcDbEntity
  8
General
 62
   210
370
    70
100
AcDbLine
 10
217005.2333902117
 20
49888.4821609588
 30
0.0
 11
217855.3308080473
 21
52514.22793452056
 31
0.0
1001
REVIT
1002
{
1070
     1
1000
5329240
1002
}
1002
{
1070
     2
1000
-2000051
1002
}
1002
{
1070
     3
1000
-2000079
1002
}
  0
LINE
  5
2CA0
330
1F
100
AcDbEntity
  8
General
 62
   210
370
    70
100
AcDbLine
 10
217855.3308080473
 20
52514.22793452056
 30
0.0
 11
218296.6287871442
 21
55238.6476124589
 31
0.0
1001
REVIT
1002
{
1070
     1
1000
5329245
1002
}
1002
{
1070
     2
1000
-2000051
1002
}
1002
{
1070
     3
1000
-2000079
1002
}
  0
LINE
  5
2CA1
330
1F
100
AcDbEntity
  8
General
 62
   210
370
    70
100
AcDbLine
 10
218296.6287871442
 20
55238.6476124589
 30
0.0
 11
218318.8814334195
 21
57998.48661289119
 31
0.0
1001
REVIT
1002
{
1070
     1
1000
5329250
1002
}
1002
{
1070
     2
1000
-2000051
1002
}
1002
{
1070
     3
1000
-2000079
1002
}
  0
LINE
  5
2CA2
330
1F
100
AcDbEntity
  8
General
 62
   210
370
    70
100
AcDbLine
 10
218318.8814334195
 20
57998.48661289119
 30
0.0
 11
218254.3971361291
 21
58726.30351234075
 31
0.0
1001
REVIT
1002
{
1070
     1
1000
5329255
1002
}
1002
{
1070
     2
1000
-2000051
1002
}
1002
{
1070
     3
1000
-2000079
1002
}
  0
LINE
  5
2CA3
330
1F
100
AcDbEntity
  8
General
 62
   210
370
    70
100
AcDbLine
 10
218254.3971361291
 20
58726.30351234121
 30
0.0
 11
218126.4385748265
 21
60111.55037038249
 31
0.0
1001
REVIT
1002
{
1070
     1
1000
5329260
1002
}
1002
{
1070
     2
1000
-2000051
1002
}
1002
{
1070
     3
1000
-2000079
1002
}
  0
LINE
  5
2CA4
330
1F
100
AcDbEntity
  8
General
 62
   210
370
    70
100
AcDbLine
 10
218126.438574826
 20
60111.55037038249
 30
0.0
 11
217941.5641594279
 21
62102.98740198963
 31
0.0
1001
REVIT
1002
{
1070
     1
1000
5329265
1002
}
1002
{
1070
     2
1000
-2000051
1002
}
1002
{
1070
     3
1000
-2000079
1002
}
  0
LINE
  5
2CA5
330
1F
100
AcDbEntity
  8
General
 62
   210
370
    70
100
AcDbLine
 10
217941.5641594284
 20
62102.98740198963
 30
0.0
 11
217756.6897449606
 21
64094.42443353857
 31
0.0
1001
REVIT
1002
{
1070
     1
1000
5329270
1002
}
1002
{
1070
     2
1000
-2000051
1002
}
1002
{
1070
     3
1000
-2000079
1002
}
  0
LINE
  5
2CA6
330
1F
100
AcDbEntity
  8
General
 62
   210
370
    70
100
AcDbLine
 10
217756.6897449616
 20
64094.42443353903
 30
0.0
 11
217571.8153295625
 21
66085.86146514665
 31
0.0
1001
REVIT
1002
{
1070
     1
1000
5329275
1002
}
1002
{
1070
     2
1000
-2000051
1002
}
1002
{
1070
     3
1000
-2000079
1002
}
  0
LINE
  5
2CA7
330
1F
100
AcDbEntity
  8
General
 62
   210
370
    70
100
AcDbLine
 10
217571.8153295621
 20
66085.86146514618
 30
0.0
 11
217386.9409150948
 21
68077.29849669488
 31
0.0
1001
REVIT
1002
{
1070
     1
1000
5329318
1002
}
1002
{
1070
     2
1000
-2000051
1002
}
1002
{
1070
     3
1000
-2000079
1002
}
  0
LINE
  5
2CA8
330
1F
100
AcDbEntity
  8
General
 62
   210
370
    70
100
AcDbLine
 10
217386.9409150948
 20
68077.29849669535
 30
0.0
 11
217202.0664996962
 21
70068.73552830342
 31
0.0
1001
REVIT
1002
{
1070
     1
1000
5329323
1002
}
1002
{
1070
     2
1000
-2000051
1002
}
1002
{
1070
     3
1000
-2000079
1002
}
  0
LINE
  5
2CA9
330
1F
100
AcDbEntity
  8
General
 62
   210
370
    70
100
AcDbLine
 10
217202.0664996962
 20
70068.73552830319
 30
0.0
 11
217017.192085229
 21
72060.17255985166
 31
0.0
1001
REVIT
1002
{
1070
     1
1000
5329328
1002
}
1002
{
1070
     2
1000
-2000051
1002
}
1002
{
1070
     3
1000
-2000079
1002
}
  0
LINE
  5
2CAA
330
1F
100
AcDbEntity
  8
General
 62
   210
370
    70
100
AcDbLine
 10
217017.1920852295
 20
72060.17255985213
 30
0.0
 11
216832.3176698313
 21
74051.60959145997
 31
0.0
1001
REVIT
1002
{
1070
     1
1000
5329333
1002
}
1002
{
1070
     2
1000
-2000051
1002
}
1002
{
1070
     3
1000
-2000079
1002
}
  0
LINE
  5
2CAB
330
1F
100
AcDbEntity
  8
General
 62
   210
370
    70
100
AcDbLine
 10
216832.3176698309
 20
74051.60959145974
 30
0.0
 11
216647.4432553636
 21
76043.04662300867
 31
0.0
1001
REVIT
1002
{
1070
     1
1000
5329338
1002
}
1002
{
1070
     2
1000
-2000051
1002
}
1002
{
1070
     3
1000
-2000079
1002
}
  0
LINE
  5
2CAC
330
1F
100
AcDbEntity
  8
General
 62
   210
370
    70
100
AcDbLine
 10
216647.4432553646
 20
76043.04662300867
 30
0.0
 11
216462.5688399655
 21
78034.48365461582
 31
0.0
1001
REVIT
1002
{
1070
     1
1000
5329343
1002
}
1002
{
1070
     2
1000
-2000051
1002
}
1002
{
1070
     3
1000
-2000079
1002
}
  0
LINE
  5
2CAD
330
1F
100
AcDbEntity
  8
General
 62
   210
370
    70
100
AcDbLine
 10
216462.5688399646
 20
78034.48365461559
 30
0.0
 11
216277.6944254964
 21
80025.92068616545
 31
0.0
1001
REVIT
1002
{
1070
     1
1000
5329348
1002
}
1002
{
1070
     2
1000
-2000051
1002
}
1002
{
1070
     3
1000
-2000079
1002
}
  0
LINE
  5
2CAE
330
1F
100
AcDbEntity
  8
General
 62
   210
370
    70
100
AcDbLine
 10
216277.6944254969
 20
80025.92068616568
 30
0.0
 11
216092.8200100988
 21
82017.35771777283
 31
0.0
1001
REVIT
1002
{
1070
     1
1000
5329353
1002
}
1002
{
1070
     2
1000
-2000051
1002
}
1002
{
1070
     3
1000
-2000079
1002
}
  0
LINE
  5
2CAF
330
1F
100
AcDbEntity
  8
General
 62
   210
370
    70
100
AcDbLine
 10
216092.8200100992
 20
82017.35771777283
 30
0.0
 11
215907.945595632
 21
84008.79474932199
 31
0.0
1001
REVIT
1002
{
1070
     1
1000
5329395
1002
}
1002
{
1070
     2
1000
-2000051
1002
}
1002
{
1070
     3
1000
-2000079
1002
}
  0
LINE
  5
2CB0
330
1F
100
AcDbEntity
  8
General
 62
   210
370
    70
100
AcDbLine
 10
215907.9455956315
 20
84008.79474932176
 30
0.0
 11
215723.0711802325
 21
86000.23178092937
 31
0.0
1001
REVIT
1002
{
1070
     1
1000
5329402
1002
}
1002
{
1070
     2
1000
-2000051
1002
}
1002
{
1070
     3
1000
-2000079
1002
}
  0
LINE
  5
2CB1
330
1F
100
AcDbEntity
  8
General
 62
   210
370
    70
100
AcDbLine
 10
215723.0711802329
 20
86000.23178092961
 30
0.0
 11
215538.1967657657
 21
87991.66881253722
 31
0.0
1001
REVIT
1002
{
1070
     1
1000
5329407
1002
}
1002
{
1070
     2
1000
-2000051
1002
}
1002
{
1070
     3
1000
-2000079
1002
}
  0
LINE
  5
2CB2
330
1F
100
AcDbEntity
  8
General
 62
   210
370
    70
100
AcDbLine
 10
215538.1967657652
 20
87991.66881253698
 30
0.0
 11
215353.3223503666
 21
89983.10584408615
 31
0.0
1001
REVIT
1002
{
1070
     1
1000
5329412
1002
}
1002
{
1070
     2
1000
-2000051
1002
}
1002
{
1070
     3
1000
-2000079
1002
}
  0
LINE
  5
2CB3
330
1F
100
AcDbEntity
  8
General
 62
   210
370
    70
100
AcDbLine
 10
215353.3223503666
 20
89983.10584408638
 30
0.0
 11
215168.4479358994
 21
91974.54287569399
 31
0.0
1001
REVIT
1002
{
1070
     1
1000
5329417
1002
}
1002
{
1070
     2
1000
-2000051
1002
}
1002
{
1070
     3
1000
-2000079
1002
}
  0
LINE
  5
2CB4
330
1F
100
AcDbEntity
  8
General
 62
   210
370
    70
100
AcDbLine
 10
215168.4479358994
 20
91974.5428756933
 30
0.0
 11
214983.5735205008
 21
93965.97990724293
 31
0.0
1001
REVIT
1002
{
1070
     1
1000
5329422
1002
}
1002
{
1070
     2
1000
-2000051
1002
}
1002
{
1070
     3
1000
-2000079
1002
}
  0
LINE
  5
2CB5
330
1F
100
AcDbEntity
  8
General
 62
   210
370
    70
100
AcDbLine
 10
214983.5735205008
 20
93965.97990724316
 30
0.0
 11
214798.6991051027
 21
95957.41693885031
 31
0.0
1001
REVIT
1002
{
1070
     1
1000
5329427
1002
}
1002
{
1070
     2
1000
-2000051
1002
}
1002
{
1070
     3
1000
-2000079
1002
}
  0
LINE
  5
2CB6
330
1F
100
AcDbEntity
  8
General
 62
   210
370
    70
100
AcDbLine
 10
214798.6991051022
 20
95957.41693885008
 30
0.0
 11
214613.824690635
 21
97948.85397039948
 31
0.0
1001
REVIT
1002
{
1070
     1
1000
5329432
1002
}
1002
{
1070
     2
1000
-2000051
1002
}
1002
{
1070
     3
1000
-2000079
1002
}
  0
LINE
  5
2CB7
330
1F
100
AcDbEntity
  8
General
 62
   210
370
    70
100
AcDbLine
 10
214613.824690635
 20
97948.85397039994
 30
0.0
 11
214428.9502752364
 21
99940.29100200709
 31
0.0
1001
REVIT
1002
{
1070
     1
1000
5329480
1002
}
1002
{
1070
     2
1000
-2000051
1002
}
1002
{
1070
     3
1000
-2000079
1002
}
  0
LINE
  5
2CB8
330
1F
100
AcDbEntity
  8
General
 62
   210
370
    70
100
AcDbLine
 10
214428.9502752364
 20
99940.29100200732
 30
0.0
 11
214244.0758607696
 21
101931.7280335567
 31
0.0
1001
REVIT
1002
{
1070
     1
1000
5329487
1002
}
1002
{
1070
     2
1000
-2000051
1002
}
1002
{
1070
     3
1000
-2000079
1002
}
  0
LINE
  5
2CB9
330
1F
100
AcDbEntity
  8
General
 62
   210
370
    70
100
AcDbLine
 10
214244.0758607706
 20
101931.7280335562
 30
0.0
 11
214059.2014453715
 21
103923.1650651641
 31
0.0
1001
REVIT
1002
{
1070
     1
1000
5329492
1002
}
1002
{
1070
     2
1000
-2000051
1002
}
1002
{
1070
     3
1000
-2000079
1002
}
  0
LINE
  5
2CBA
330
1F
100
AcDbEntity
  8
General
 62
   210
370
    70
100
AcDbLine
 10
214059.201445371
 20
103923.1650651643
 30
0.0
 11
213874.3270309029
 21
105914.6020967125
 31
0.0
1001
REVIT
1002
{
1070
     1
1000
5329497
1002
}
1002
{
1070
     2
1000
-2000051
1002
}
1002
{
1070
     3
1000
-2000079
1002
}
  0
LINE
  5
2CBB
330
1F
100
AcDbEntity
  8
General
 62
   210
370
    70
100
AcDbLine
 10
213874.3270309029
 20
105914.6020967125
 30
0.0
 11
213851.1297469345
 21
106164.4794492725
 31
0.0
1001
REVIT
1002
{
1070
     1
1000
5329502
1002
}
1002
{
1070
     2
1000
-2000051
1002
}
1002
{
1070
     3
1000
-2000079
1002
}
  0
LINE
  5
2CBC
330
1F
100
AcDbEntity
  8
General
 62
   210
370
    70
100
AcDbLine
 10
213851.1297469345
 20
106164.4794492725
 30
0.0
 11
213689.4526155048
 21
107906.0391283204
 31
0.0
1001
REVIT
1002
{
1070
     1
1000
5329507
1002
}
1002
{
1070
     2
1000
-2000051
1002
}
1002
{
1070
     3
1000
-2000079
1002
}
  0
LINE
  5
2CBD
330
1F
100
AcDbEntity
  8
General
 62
   210
370
    70
100
AcDbLine
 10
213689.4526155052
 20
107906.0391283204
 30
0.0
 11
213504.5782010379
 21
109897.4761598691
 31
0.0
1001
REVIT
1002
{
1070
     1
1000
5329512
1002
}
1002
{
1070
     2
1000
-2000051
1002
}
1002
{
1070
     3
1000
-2000079
1002
}
  0
LINE
  5
2CBE
330
1F
100
AcDbEntity
  8
General
 62
   210
370
    70
100
AcDbLine
 10
213504.5782010375
 20
109897.4761598693
 30
0.0
 11
213319.7037856385
 21
111888.9131914774
 31
0.0
1001
REVIT
1002
{
1070
     1
1000
5329517
1002
}
1002
{
1070
     2
1000
-2000051
1002
}
1002
{
1070
     3
1000
-2000079
1002
}
  0
LINE
  5
2CBF
330
1F
100
AcDbEntity
  8
General
 62
   210
370
    70
100
AcDbLine
 10
213319.7037856385
 20
111888.9131914772
 30
0.0
 11
213134.8293711712
 21
113880.3502230263
 31
0.0
1001
REVIT
1002
{
1070
     1
1000
5329522
1002
}
1002
{
1070
     2
1000
-2000051
1002
}
1002
{
1070
     3
1000
-2000079
1002
}
  0
LINE
  5
2CC0
330
1F
100
AcDbEntity
  8
General
 62
   210
370
    70
100
AcDbLine
 10
213134.8293711712
 20
113880.3502230261
 30
0.0
 11
212949.9549557726
 21
115871.7872546337
 31
0.0
1001
REVIT
1002
{
1070
     1
1000
5329527
1002
}
1002
{
1070
     2
1000
-2000051
1002
}
1002
{
1070
     3
1000
-2000079
1002
}
  0
LINE
  5
2CC1
330
1F
100
AcDbEntity
  8
General
 62
   210
370
    70
100
AcDbLine
 10
212949.9549557722
 20
115871.7872546337
 30
0.0
 11
212765.0805413049
 21
117863.2242861829
 31
0.0
1001
REVIT
1002
{
1070
     1
1000
5329570
1002
}
1002
{
1070
     2
1000
-2000051
1002
}
1002
{
1070
     3
1000
-2000079
1002
}
  0
LINE
  5
2CC2
330
1F
100
AcDbEntity
  8
General
 62
   210
370
    70
100
AcDbLine
 10
212765.0805413049
 20
117863.2242861824
 30
0.0
 11
212580.2061259058
 21
119854.6613177896
 31
0.0
1001
REVIT
1002
{
1070
     1
1000
5329575
1002
}
1002
{
1070
     2
1000
-2000051
1002
}
1002
{
1070
     3
1000
-2000079
1002
}
  0
LINE
  5
2CC3
330
1F
100
AcDbEntity
  8
General
 62
   210
370
    70
100
AcDbLine
 10
212580.2061259068
 20
119854.6613177898
 30
0.0
 11
212395.3317114391
 21
121846.0983493394
 31
0.0
1001
REVIT
1002
{
1070
     1
1000
5329580
1002
}
1002
{
1070
     2
1000
-2000051
1002
}
1002
{
1070
     3
1000
-2000079
1002
}
  0
LINE
  5
2CC4
330
1F
100
AcDbEntity
  8
General
 62
   210
370
    70
100
AcDbLine
 10
212395.3317114395
 20
121846.0983493397
 30
0.0
 11
212210.4572960419
 21
123837.535380941
 31
0.0
1001
REVIT
1002
{
1070
     1
1000
5329585
1002
}
1002
{
1070
     2
1000
-2000051
1002
}
1002
{
1070
     3
1000
-2000079
1002
}
  0
LINE
  5
2CC5
330
1F
100
AcDbEntity
  8
General
 62
   210
370
    70
100
AcDbLine
 10
212210.5979873577
 20
123837.5484419743
 30
0.0
 11
211896.4073765219
 21
126834.4812311028
 31
0.0
1001
REVIT
1002
{
1070
     1
1000
5329590
1002
}
1002
{
1070
     2
1000
-2000051
1002
}
1002
{
1070
     3
1000
-2000079
1002
}
  0
LINE
  5
2CC6
330
1F
100
AcDbEntity
  8
General
 62
   210
370
    70
100
AcDbLine
 10
211896.4073765219
 20
126834.4812311028
 30
0.0
 11
211276.8878223454
 21
129637.5188041904
 31
0.0
1001
REVIT
1002
{
1070
     1
1000
5329595
1002
}
1002
{
1070
     2
1000
-2000051
1002
}
1002
{
1070
     3
1000
-2000079
1002
}
  0
LINE
  5
2CC7
330
1F
100
AcDbEntity
  8
General
 62
   210
370
    70
100
AcDbLine
 10
211278.6169312705
 20
129629.845213729
 30
0.0
 11
209382.1939459997
 21
138045.9566107097
 31
0.0
1001
REVIT
1002
{
1070
     1
1000
5329600
1002
}
1002
{
1070
     2
1000
-2000051
1002
}
1002
{
1070
     3
1000
-2000079
1002
}
  0
LINE
  5
2CC8
330
1F
100
AcDbEntity
  8
General
 62
   210
370
    70
100
AcDbLine
 10
209382.4787425926
 20
138209.4476330498
 30
0.0
 11
211586.0010808773
 21
141990.0297801724
 31
0.0
1001
REVIT
1002
{
1070
     1
1000
5329605
1002
}
1002
{
1070
     2
1000
-2000051
1002
}
1002
{
1070
     3
1000
-2000079
1002
}
  0
LINE
  5
2CC9
330
1F
100
AcDbEntity
  8
General
 62
   210
370
    70
100
AcDbLine
 10
211586.0010808782
 20
141990.0297801724
 30
0.0
 11
212698.4441867123
 21
142219.7412250204
 31
0.0
1001
REVIT
1002
{
1070
     1
1000
5329610
1002
}
1002
{
1070
     2
1000
-2000051
1002
}
1002
{
1070
     3
1000
-2000079
1002
}
  0
LINE
  5
2CCA
330
1F
100
AcDbEntity
  8
General
 62
   210
370
    70
100
AcDbLine
 10
212697.4419239793
 20
142223.5433092293
 30
0.0
 11
217655.4477205147
 21
143495.1909988235
 31
0.0
1001
REVIT
1002
{
1070
     1
1000
5329615
1002
}
1002
{
1070
     2
1000
-2000051
1002
}
1002
{
1070
     3
1000
-2000079
1002
}
  0
LINE
  5
2CCB
330
1F
100
AcDbEntity
  8
General
 62
   210
370
    70
100
AcDbLine
 10
217655.4477205147
 20
143495.190998824
 30
0.0
 11
221542.0865360467
 21
144688.8977372217
 31
0.0
1001
REVIT
1002
{
1070
     1
1000
5329620
1002
}
1002
{
1070
     2
1000
-2000051
1002
}
1002
{
1070
     3
1000
-2000079
1002
}
  0
LINE
  5
2CCC
330
1F
100
AcDbEntity
  8
General
 62
   210
370
    70
100
AcDbLine
 10
221542.0865360467
 20
144688.8977372212
 30
0.0
 11
223788.6061927538
 21
145460.6274191766
 31
0.0
1001
REVIT
1002
{
1070
     1
1000
5329625
1002
}
1002
{
1070
     2
1000
-2000051
1002
}
1002
{
1070
     3
1000
-2000079
1002
}
  0
LINE
  5
2CCD
330
1F
100
AcDbEntity
  8
General
 62
   210
370
    70
100
AcDbLine
 10
223788.6061927547
 20
145460.6274191771
 30
0.0
 11
225759.9426098225
 21
146190.789167872
 31
0.0
1001
REVIT
1002
{
1070
     1
1000
5329630
1002
}
1002
{
1070
     2
1000
-2000051
1002
}
1002
{
1070
     3
1000
-2000079
1002
}
  0
LINE
  5
2CCE
330
1F
100
AcDbEntity
  8
General
 62
   210
370
    70
100
AcDbLine
 10
225759.9426098225
 20
146190.7891678718
 30
0.0
 11
227715.5023804094
 21
146962.3173701012
 31
0.0
1001
REVIT
1002
{
1070
     1
1000
5329635
1002
}
1002
{
1070
     2
1000
-2000051
1002
}
1002
{
1070
     3
1000
-2000079
1002
}
  0
LINE
  5
2CCF
330
1F
100
AcDbEntity
  8
General
 62
   210
370
    70
100
AcDbLine
 10
227715.5023804094
 20
146962.3173701019
 30
0.0
 11
229653.9674255477
 21
147775.7657807866
 31
0.0
1001
REVIT
1002
{
1070
     1
1000
5329670
1002
}
1002
{
1070
     2
1000
-2000051
1002
}
1002
{
1070
     3
1000
-2000079
1002
}
  0
LINE
  5
2CD0
330
1F
100
AcDbEntity
  8
General
 62
   210
370
    70
100
AcDbLine
 10
229653.9674255481
 20
147775.7657807869
 30
0.0
 11
235754.8451989676
 21
150512.6232650982
 31
0.0
1001
REVIT
1002
{
1070
     1
1000
5329675
1002
}
1002
{
1070
     2
1000
-2000051
1002
}
1002
{
1070
     3
1000
-2000079
1002
}
  0
LINE
  5
2CD1
330
1F
100
AcDbEntity
  8
General
 62
   210
370
    70
100
AcDbLine
 10
235754.8451989676
 20
150512.623265098
 30
0.0
 11
241445.4585405659
 21
153079.3897453161
 31
0.0
1001
REVIT
1002
{
1070
     1
1000
5329680
1002
}
1002
{
1070
     2
1000
-2000051
1002
}
1002
{
1070
     3
1000
-2000079
1002
}
  0
LINE
  5
2CD2
330
1F
100
AcDbEntity
  8
General
 62
   210
370
    70
100
AcDbLine
 10
119810.6107109782
 20
236236.5730766008
 30
0.0
 11
118642.5051990609
 21
236650.4132651844
 31
0.0
1001
REVIT
1002
{
1070
     1
1000
5329718
1002
}
1002
{
1070
     2
1000
-2000051
1002
}
1002
{
1070
     3
1000
-2000079
1002
}
  0
LINE
  5
2CD3
330
1F
100
AcDbEntity
  8
General
 62
   210
370
    70
100
AcDbLine
 10
121658.2130607182
 20
235597.2122629903
 30
0.0
 11
119810.6107109786
 21
236236.5730766006
 31
0.0
1001
REVIT
1002
{
1070
     1
1000
5329723
1002
}
1002
{
1070
     2
1000
-2000051
1002
}
1002
{
1070
     3
1000
-2000079
1002
}
  0
LINE
  5
2CD4
330
1F
100
AcDbEntity
  8
General
 62
   210
370
    70
100
AcDbLine
 10
123511.4814577723
 20
234974.4659757229
 30
0.0
 11
121658.2130607172
 21
235597.2122629903
 31
0.0
1001
REVIT
1002
{
1070
     1
1000
5329728
1002
}
1002
{
1070
     2
1000
-2000051
1002
}
1002
{
1070
     3
1000
-2000079
1002
}
  0
LINE
  5
2CD5
330
1F
100
AcDbEntity
  8
General
 62
   210
370
    70
100
AcDbLine
 10
125370.2665021686
 20
234368.3844178569
 30
0.0
 11
123511.4814577723
 21
234974.4659757229
 31
0.0
1001
REVIT
1002
{
1070
     1
1000
5329791
1002
}
1002
{
1070
     2
1000
-2000051
1002
}
1002
{
1070
     3
1000
-2000079
1002
}
  0
LINE
  5
2CD6
330
1F
100
AcDbEntity
  8
General
 62
   210
370
    70
100
AcDbLine
 10
127234.4183432377
 20
233779.0164490574
 30
0.0
 11
125370.2665021686
 21
234368.3844178569
 31
0.0
1001
REVIT
1002
{
1070
     1
1000
5329796
1002
}
1002
{
1070
     2
1000
-2000051
1002
}
1002
{
1070
     3
1000
-2000079
1002
}
  0
LINE
  5
2CD7
330
1F
100
AcDbEntity
  8
General
 62
   210
370
    70
100
AcDbLine
 10
129103.7867036128
 20
233206.4095815882
 30
0.0
 11
127234.4183432377
 21
233779.0164490576
 31
0.0
1001
REVIT
1002
{
1070
     1
1000
5329801
1002
}
1002
{
1070
     2
1000
-2000051
1002
}
1002
{
1070
     3
1000
-2000079
1002
}
  0
LINE
  5
2CD8
330
1F
100
AcDbEntity
  8
General
 62
   210
370
    70
100
AcDbLine
 10
130978.2208832126
 20
232650.6099765621
 30
0.0
 11
129103.7867036137
 21
233206.4095815878
 31
0.0
1001
REVIT
1002
{
1070
     1
1000
5329806
1002
}
1002
{
1070
     2
1000
-2000051
1002
}
1002
{
1070
     3
1000
-2000079
1002
}
  0
LINE
  5
2CD9
330
1F
100
AcDbEntity
  8
General
 62
   210
370
    70
100
AcDbLine
 10
132857.5697713458
 20
232111.6624400473
 30
0.0
 11
130978.2208832122
 21
232650.6099765623
 31
0.0
1001
REVIT
1002
{
1070
     1
1000
5329811
1002
}
1002
{
1070
     2
1000
-2000051
1002
}
1002
{
1070
     3
1000
-2000079
1002
}
  0
LINE
  5
2CDA
330
1F
100
AcDbEntity
  8
General
 62
   210
370
    70
100
AcDbLine
 10
133462.6477914039
 20
231942.0202114937
 30
0.0
 11
132857.5697713458
 21
232111.6624400477
 31
0.0
1001
REVIT
1002
{
1070
     1
1000
5329816
1002
}
1002
{
1070
     2
1000
-2000051
1002
}
1002
{
1070
     3
1000
-2000079
1002
}
  0
LINE
  5
2CDB
330
1F
100
AcDbEntity
  8
General
 62
   210
370
    70
100
AcDbLine
 10
134741.6818640079
 20
231589.6104197494
 30
0.0
 11
133462.6477914039
 21
231942.0202114935
 31
0.0
1001
REVIT
1002
{
1070
     1
1000
5329821
1002
}
1002
{
1070
     2
1000
-2000051
1002
}
1002
{
1070
     3
1000
-2000079
1002
}
  0
LINE
  5
2CDC
330
1F
100
AcDbEntity
  8
General
 62
   210
370
    70
100
AcDbLine
 10
136630.4052737254
 20
231084.4960011829
 30
0.0
 11
134741.6818640075
 21
231589.6104197494
 31
0.0
1001
REVIT
1002
{
1070
     1
1000
5329826
1002
}
1002
{
1070
     2
1000
-2000051
1002
}
1002
{
1070
     3
1000
-2000079
1002
}
  0
LINE
  5
2CDD
330
1F
100
AcDbEntity
  8
General
 62
   210
370
    70
100
AcDbLine
 10
138523.5877376656
 20
230596.3599044428
 30
0.0
 11
136630.4052737258
 21
231084.4960011829
 31
0.0
1001
REVIT
1002
{
1070
     1
1000
5329831
1002
}
1002
{
1070
     2
1000
-2000051
1002
}
1002
{
1070
     3
1000
-2000079
1002
}
  0
LINE
  5
2CDE
330
1F
100
AcDbEntity
  8
General
 62
   210
370
    70
100
AcDbLine
 10
140421.0766372309
 20
230125.2414809278
 30
0.0
 11
138523.5877376647
 21
230596.3599044428
 31
0.0
1001
REVIT
1002
{
1070
     1
1000
5329838
1002
}
1002
{
1070
     2
1000
-2000051
1002
}
1002
{
1070
     3
1000
-2000079
1002
}
  0
LINE
  5
2CDF
330
1F
100
AcDbEntity
  8
General
 62
   210
370
    70
100
AcDbLine
 10
142322.7190035829
 20
229671.1787102159
 30
0.0
 11
140421.0766372314
 21
230125.2414809278
 31
0.0
1001
REVIT
1002
{
1070
     1
1000
5329843
1002
}
1002
{
1070
     2
1000
-2000051
1002
}
1002
{
1070
     3
1000
-2000079
1002
}
  0
LINE
  5
2CE0
330
1F
100
AcDbEntity
  8
General
 62
   210
370
    70
100
AcDbLine
 10
144228.3615362845
 20
229234.2081968525
 30
0.0
 11
142322.7190035834
 21
229671.1787102152
 31
0.0
1001
REVIT
1002
{
1070
     1
1000
5329848
1002
}
1002
{
1070
     2
1000
-2000051
1002
}
1002
{
1070
     3
1000
-2000079
1002
}
  0
LINE
  5
2CE1
330
1F
100
AcDbEntity
  8
General
 62
   210
370
    70
100
AcDbLine
 10
146137.8506102135
 20
228814.3651674747
 30
0.0
 11
144228.3615362841
 21
229234.2081968525
 31
0.0
1001
REVIT
1002
{
1070
     1
1000
5329853
1002
}
1002
{
1070
     2
1000
-2000051
1002
}
1002
{
1070
     3
1000
-2000079
1002
}
  0
LINE
  5
2CE2
330
1F
100
AcDbEntity
  8
General
 62
   210
370
    70
100
AcDbLine
 10
148054.2692256376
 20
228427.72776357
 30
0.0
 11
146137.8506102135
 21
228814.3651674761
 31
0.0
1001
REVIT
1002
{
1070
     1
1000
5329858
1002
}
1002
{
1070
     2
1000
-2000051
1002
}
1002
{
1070
     3
1000
-2000079
1002
}
  0
LINE
  5
2CE3
330
1F
100
AcDbEntity
  8
General
 62
   210
370
    70
100
AcDbLine
 10
148455.5737761001
 20
228346.7645813514
 30
0.0
 11
148054.2692256386
 21
228427.7277635693
 31
0.0
1001
REVIT
1002
{
1070
     1
1000
5329863
1002
}
1002
{
1070
     2
1000
-2000051
1002
}
1002
{
1070
     3
1000
-2000079
1002
}
  0
LINE
  5
2CE4
330
1F
100
AcDbEntity
  8
General
 62
   210
370
    70
100
AcDbLine
 10
149997.1594834278
 20
228035.7497065304
 30
0.0
 11
148455.5737760991
 21
228346.7645813511
 31
0.0
1001
REVIT
1002
{
1070
     1
1000
5329868
1002
}
1002
{
1070
     2
1000
-2000051
1002
}
1002
{
1070
     3
1000
-2000079
1002
}
  0
LINE
  5
2CE5
330
1F
100
AcDbEntity
  8
General
 62
   210
370
    70
100
AcDbLine
 10
152110.4313022614
 20
227525.838628158
 30
0.0
 11
149997.1594834282
 21
228035.7497065304
 31
0.0
1001
REVIT
1002
{
1070
     1
1000
5329873
1002
}
1002
{
1070
     2
1000
-2000051
1002
}
1002
{
1070
     3
1000
-2000079
1002
}
  0
LINE
  5
2CE6
330
1F
100
AcDbEntity
  8
General
 62
   210
370
    70
100
AcDbLine
 10
154226.4092663137
 20
227026.3425378635
 30
0.0
 11
152110.4313022618
 21
227525.8386281584
 31
0.0
1001
REVIT
1002
{
1070
     1
1000
5329878
1002
}
1002
{
1070
     2
1000
-2000051
1002
}
1002
{
1070
     3
1000
-2000079
1002
}
  0
LINE
  5
2CE7
330
1F
100
AcDbEntity
  8
General
 62
   210
370
    70
100
AcDbLine
 10
155277.1000821005
 20
226726.5441876633
 30
0.0
 11
154226.4092663137
 21
227026.3425378635
 31
0.0
1001
REVIT
1002
{
1070
     1
1000
5329913
1002
}
1002
{
1070
     2
1000
-2000051
1002
}
1002
{
1070
     3
1000
-2000079
1002
}
  0
LINE
  5
2CE8
330
1F
100
AcDbEntity
  8
General
 62
   210
370
    70
100
AcDbLine
 10
156312.0525624441
 20
226411.6108693686
 30
0.0
 11
155277.1000821005
 21
226726.5441876633
 31
0.0
1001
REVIT
1002
{
1070
     1
1000
5329918
1002
}
1002
{
1070
     2
1000
-2000051
1002
}
1002
{
1070
     3
1000
-2000079
1002
}
  0
LINE
  5
2CE9
330
1F
100
AcDbEntity
  8
General
 62
   210
370
    70
100
AcDbLine
 10
158374.9813368629
 20
225724.495259249
 30
0.0
 11
156312.0525624436
 21
226411.6108693686
 31
0.0
1001
REVIT
1002
{
1070
     1
1000
5329923
1002
}
1002
{
1070
     2
1000
-2000051
1002
}
1002
{
1070
     3
1000
-2000079
1002
}
  0
LINE
  5
2CEA
330
1F
100
AcDbEntity
  8
General
 62
   210
370
    70
100
AcDbLine
 10
160414.6888792935
 20
224965.085829687
 30
0.0
 11
158374.9813368624
 21
225724.495259249
 31
0.0
1001
REVIT
1002
{
1070
     1
1000
5329928
1002
}
1002
{
1070
     2
1000
-2000051
1002
}
1002
{
1070
     3
1000
-2000079
1002
}
  0
LINE
  5
2CEB
330
1F
100
AcDbEntity
  8
General
 62
   210
370
    70
100
AcDbLine
 10
162422.6808078821
 20
224136.5451494482
 30
0.0
 11
160414.6604194619
 21
224965.0168497529
 31
0.0
1001
REVIT
1002
{
1070
     1
1000
5329933
1002
}
1002
{
1070
     2
1000
-2000051
1002
}
1002
{
1070
     3
1000
-2000079
1002
}
  0
LINE
  5
2CEC
330
1F
100
AcDbEntity
  8
General
 62
   210
370
    70
100
AcDbLine
 10
164402.5240434833
 20
223237.6437387444
 30
0.0
 11
162422.6808078826
 21
224136.5451494482
 31
0.0
1001
REVIT
1002
{
1070
     1
1000
5329938
1002
}
1002
{
1070
     2
1000
-2000051
1002
}
1002
{
1070
     3
1000
-2000079
1002
}
  0
LINE
  5
2CED
330
1F
100
AcDbEntity
  8
General
 62
   210
370
    70
100
AcDbLine
 10
166349.803832037
 20
222270.2222110248
 30
0.0
 11
164402.5240434833
 21
223237.6437387444
 31
0.0
1001
REVIT
1002
{
1070
     1
1000
5329943
1002
}
1002
{
1070
     2
1000
-2000051
1002
}
1002
{
1070
     3
1000
-2000079
1002
}
  0
LINE
  5
2CEE
330
1F
100
AcDbEntity
  8
General
 62
   210
370
    70
100
AcDbLine
 10
168262.1496540179
 20
221235.4582555076
 30
0.0
 11
166349.803832037
 21
222270.2222110248
 31
0.0
1001
REVIT
1002
{
1070
     1
1000
5329948
1002
}
1002
{
1070
     2
1000
-2000051
1002
}
1002
{
1070
     3
1000
-2000079
1002
}
  0
LINE
  5
2CEF
330
1F
100
AcDbEntity
  8
General
 62
   210
370
    70
100
AcDbLine
 10
170137.2335177656
 20
220134.611540869
 30
0.0
 11
168262.1496540174
 21
221235.4582555074
 31
0.0
1001
REVIT
1002
{
1070
     1
1000
5329983
1002
}
1002
{
1070
     2
1000
-2000051
1002
}
1002
{
1070
     3
1000
-2000079
1002
}
  0
LINE
  5
2CF0
330
1F
100
AcDbEntity
  8
General
 62
   210
370
    70
100
AcDbLine
 10
171972.7727926258
 20
218969.0221812142
 30
0.0
 11
170137.2335177656
 21
220134.611540869
 31
0.0
1001
REVIT
1002
{
1070
     1
1000
5329988
1002
}
1002
{
1070
     2
1000
-2000051
1002
}
1002
{
1070
     3
1000
-2000079
1002
}
  0
LINE
  5
2CF1
330
1F
100
AcDbEntity
  8
General
 62
   210
370
    70
100
AcDbLine
 10
173380.6825929206
 20
218012.2738948971
 30
0.0
 11
171972.7727926263
 21
218969.0221812142
 31
0.0
1001
REVIT
1002
{
1070
     1
1000
5329993
1002
}
1002
{
1070
     2
1000
-2000051
1002
}
1002
{
1070
     3
1000
-2000079
1002
}
  0
LINE
  5
2CF2
330
1F
100
AcDbEntity
  8
General
 62
   210
370
    70
100
AcDbLine
 10
173766.5329889451
 20
217740.1091052155
 30
0.0
 11
173380.6825929206
 21
218012.2738948969
 31
0.0
1001
REVIT
1002
{
1070
     1
1000
5329998
1002
}
1002
{
1070
     2
1000
-2000051
1002
}
1002
{
1070
     3
1000
-2000079
1002
}
  0
LINE
  5
2CF3
330
1F
100
AcDbEntity
  8
General
 62
   210
370
    70
100
AcDbLine
 10
175516.3304709979
 20
216449.3683286338
 30
0.0
 11
173766.5329889451
 21
217740.1091052153
 31
0.0
1001
REVIT
1002
{
1070
     1
1000
5330003
1002
}
1002
{
1070
     2
1000
-2000051
1002
}
1002
{
1070
     3
1000
-2000079
1002
}
  0
LINE
  5
2CF4
330
1F
100
AcDbEntity
  8
General
 62
   210
370
    70
100
AcDbLine
 10
177220.0351298946
 20
215098.3711329376
 30
0.0
 11
175516.3304709975
 21
216449.3683286345
 31
0.0
1001
REVIT
1002
{
1070
     1
1000
5330008
1002
}
1002
{
1070
     2
1000
-2000051
1002
}
1002
{
1070
     3
1000
-2000079
1002
}
  0
LINE
  5
2CF5
330
1F
100
AcDbEntity
  8
General
 62
   210
370
    70
100
AcDbLine
 10
178875.5729605766
 20
213688.7621526908
 30
0.0
 11
177220.035129896
 21
215098.3711329374
 31
0.0
1001
REVIT
1002
{
1070
     1
1000
5330013
1002
}
1002
{
1070
     2
1000
-2000051
1002
}
1002
{
1070
     3
1000
-2000079
1002
}
  0
LINE
  5
2CF6
330
1F
100
AcDbEntity
  8
General
 62
   210
370
    70
100
AcDbLine
 10
180480.9285977251
 20
212222.2573735119
 30
0.0
 11
178875.5729605761
 21
213688.7621526913
 31
0.0
1001
REVIT
1002
{
1070
     1
1000
5330018
1002
}
1002
{
1070
     2
1000
-2000051
1002
}
1002
{
1070
     3
1000
-2000079
1002
}
  0
LINE
  5
2CF7
330
1F
100
AcDbEntity
  8
General
 62
   210
370
    70
100
AcDbLine
 10
182034.1477615303
 20
210700.6420431339
 30
0.0
 11
180480.9285977251
 21
212222.2573735119
 31
0.0
1001
REVIT
1002
{
1070
     1
1000
5330023
1002
}
1002
{
1070
     2
1000
-2000051
1002
}
1002
{
1070
     3
1000
-2000079
1002
}
  0
LINE
  5
2CF8
330
1F
100
AcDbEntity
  8
General
 62
   210
370
    70
100
AcDbLine
 10
183533.3396445542
 20
209125.7684976909
 30
0.0
 11
182034.1477615299
 21
210700.6420431343
 31
0.0
1001
REVIT
1002
{
1070
     1
1000
5330028
1002
}
1002
{
1070
     2
1000
-2000051
1002
}
1002
{
1070
     3
1000
-2000079
1002
}
  0
LINE
  5
2CF9
330
1F
100
AcDbEntity
  8
General
 62
   210
370
    70
100
AcDbLine
 10
184976.6792075267
 20
207499.553907595
 30
0.0
 11
183533.3396445532
 21
209125.7684976911
 31
0.0
1001
REVIT
1002
{
1070
     1
1000
5330071
1002
}
1002
{
1070
     2
1000
-2000051
1002
}
1002
{
1070
     3
1000
-2000079
1002
}
  0
LINE
  5
2CFA
330
1F
100
AcDbEntity
  8
General
 62
   210
370
    70
100
AcDbLine
 10
186362.4094014788
 20
205823.9779428301
 30
0.0
 11
184976.6792075272
 21
207499.5539075938
 31
0.0
1001
REVIT
1002
{
1070
     1
1000
5330076
1002
}
1002
{
1070
     2
1000
-2000051
1002
}
1002
{
1070
     3
1000
-2000079
1002
}
  0
LINE
  5
2CFB
330
1F
100
AcDbEntity
  8
General
 62
   210
370
    70
100
AcDbLine
 10
187394.2750299248
 20
204494.5726806839
 30
0.0
 11
186362.4094014788
 21
205823.9779428305
 31
0.0
1001
REVIT
1002
{
1070
     1
1000
5330081
1002
}
1002
{
1070
     2
1000
-2000051
1002
}
1002
{
1070
     3
1000
-2000079
1002
}
  0
LINE
  5
2CFC
330
1F
100
AcDbEntity
  8
General
 62
   210
370
    70
100
AcDbLine
 10
187688.8433115381
 20
204101.0803635743
 30
0.0
 11
187394.2750299239
 21
204494.5726806839
 31
0.0
1001
REVIT
1002
{
1070
     1
1000
5330086
1002
}
1002
{
1070
     2
1000
-2000051
1002
}
1002
{
1070
     3
1000
-2000079
1002
}
  0
LINE
  5
2CFD
330
1F
100
AcDbEntity
  8
General
 62
   210
370
    70
100
AcDbLine
 10
188954.3662050656
 20
202332.9585368665
 30
0.0
 11
187688.8433115381
 21
204101.0803635741
 31
0.0
1001
REVIT
1002
{
1070
     1
1000
5330091
1002
}
1002
{
1070
     2
1000
-2000051
1002
}
1002
{
1070
     3
1000
-2000079
1002
}
  0
LINE
  5
2CFE
330
1F
100
AcDbEntity
  8
General
 62
   210
370
    70
100
AcDbLine
 10
190157.4374975596
 20
200521.7648835356
 30
0.0
 11
188954.3662050647
 21
202332.9585368669
 31
0.0
1001
REVIT
1002
{
1070
     1
1000
5330096
1002
}
1002
{
1070
     2
1000
-2000051
1002
}
1002
{
1070
     3
1000
-2000079
1002
}
  0
LINE
  5
2CFF
330
1F
100
AcDbEntity
  8
General
 62
   210
370
    70
100
AcDbLine
 10
191296.5926330608
 20
198669.7042575473
 30
0.0
 11
190157.4374975596
 21
200521.7648835351
 31
0.0
1001
REVIT
1002
{
1070
     1
1000
5330101
1002
}
1002
{
1070
     2
1000
-2000051
1002
}
1002
{
1070
     3
1000
-2000079
1002
}
  0
LINE
  5
2D00
330
1F
100
AcDbEntity
  8
General
 62
   210
370
    70
100
AcDbLine
 10
191581.8200063003
 20
198181.5577521167
 30
0.0
 11
191296.5926330608
 21
198669.7042575468
 31
0.0
1001
REVIT
1002
{
1070
     1
1000
5330106
1002
}
1002
{
1070
     2
1000
-2000051
1002
}
1002
{
1070
     3
1000
-2000079
1002
}
  0
LINE
  5
2D01
330
1F
100
AcDbEntity
  8
General
 62
   210
370
    70
100
AcDbLine
 10
192335.594693021
 20
196893.5094373064
 30
0.0
 11
191581.8200063003
 21
198181.5577521169
 31
0.0
1001
REVIT
1002
{
1070
     1
1000
5330111
1002
}
1002
{
1070
     2
1000
-2000051
1002
}
1002
{
1070
     3
1000
-2000079
1002
}
  0
LINE
  5
2D02
330
1F
100
AcDbEntity
  8
General
 62
   210
370
    70
100
AcDbLine
 10
193364.9083867833
 20
195064.1859231024
 30
0.0
 11
192335.594693021
 21
196893.5094373057
 31
0.0
1001
REVIT
1002
{
1070
     1
1000
5330154
1002
}
1002
{
1070
     2
1000
-2000051
1002
}
1002
{
1070
     3
1000
-2000079
1002
}
  0
LINE
  5
2D03
330
1F
100
AcDbEntity
  8
General
 62
   210
370
    70
100
AcDbLine
 10
194357.7796740677
 20
193214.8298718486
 30
0.0
 11
193364.9083867833
 21
195064.1859231033
 31
0.0
1001
REVIT
1002
{
1070
     1
1000
5330159
1002
}
1002
{
1070
     2
1000
-2000051
1002
}
1002
{
1070
     3
1000
-2000079
1002
}
  0
LINE
  5
2D04
330
1F
100
AcDbEntity
  8
General
 62
   210
370
    70
100
AcDbLine
 10
195313.8188485243
 20
191346.1671690038
 30
0.0
 11
194357.7796740677
 21
193214.8298718486
 31
0.0
1001
REVIT
1002
{
1070
     1
1000
5330164
1002
}
1002
{
1070
     2
1000
-2000051
1002
}
1002
{
1070
     3
1000
-2000079
1002
}
  0
LINE
  5
2D05
330
1F
100
AcDbEntity
  8
General
 62
   210
370
    70
100
AcDbLine
 10
196232.650656093
 20
189458.9312779131
 30
0.0
 11
195313.8188485234
 21
191346.1671690034
 31
0.0
1001
REVIT
1002
{
1070
     1
1000
5330169
1002
}
1002
{
1070
     2
1000
-2000051
1002
}
1002
{
1070
     3
1000
-2000079
1002
}
  0
LINE
  5
2D06
330
1F
100
AcDbEntity
  8
General
 62
   210
370
    70
100
AcDbLine
 10
197113.9144495573
 20
187553.862952063
 30
0.0
 11
196232.6506560925
 21
189458.9312779134
 31
0.0
1001
REVIT
1002
{
1070
     1
1000
5330174
1002
}
1002
{
1070
     2
1000
-2000051
1002
}
1002
{
1070
     3
1000
-2000079
1002
}
  0
LINE
  5
2D07
330
1F
100
AcDbEntity
  8
General
 62
   210
370
    70
100
AcDbLine
 10
197957.2643245041
 20
185631.7099444273
 30
0.0
 11
197113.9144495578
 21
187553.8629520632
 31
0.0
1001
REVIT
1002
{
1070
     1
1000
5330179
1002
}
1002
{
1070
     2
1000
-2000051
1002
}
1002
{
1070
     3
1000
-2000079
1002
}
  0
LINE
  5
2D08
330
1F
100
AcDbEntity
  8
General
 62
   210
370
    70
100
AcDbLine
 10
198762.3692628444
 20
183693.2267134701
 30
0.0
 11
197957.2643245041
 21
185631.7099444273
 31
0.0
1001
REVIT
1002
{
1070
     1
1000
5330184
1002
}
1002
{
1070
     2
1000
-2000051
1002
}
1002
{
1070
     3
1000
-2000079
1002
}
  0
LINE
  5
2D09
330
1F
100
AcDbEntity
  8
General
 62
   210
370
    70
100
AcDbLine
 10
198808.9290762624
 20
183577.7155366893
 30
0.0
 11
198762.3692628444
 21
183693.2267134701
 31
0.0
1001
REVIT
1002
{
1070
     1
1000
5330189
1002
}
1002
{
1070
     2
1000
-2000051
1002
}
1002
{
1070
     3
1000
-2000079
1002
}
  0
LINE
  5
2D0A
330
1F
100
AcDbEntity
  8
General
 62
   210
370
    70
100
AcDbLine
 10
199528.9132556483
 20
181739.174127746
 30
0.0
 11
198808.9290762624
 21
183577.7155366893
 31
0.0
1001
REVIT
1002
{
1070
     1
1000
5330194
1002
}
1002
{
1070
     2
1000
-2000051
1002
}
1002
{
1070
     3
1000
-2000079
1002
}
  0
LINE
  5
2D0B
330
1F
100
AcDbEntity
  8
General
 62
   210
370
    70
100
AcDbLine
 10
200256.5954260883
 20
179770.3191669256
 30
0.0
 11
199528.9132556483
 21
181739.174127746
 31
0.0
1001
REVIT
1002
{
1070
     1
1000
5330236
1002
}
1002
{
1070
     2
1000
-2000051
1002
}
1002
{
1070
     3
1000
-2000079
1002
}
  0
LINE
  5
2D0C
330
1F
100
AcDbEntity
  8
General
 62
   210
370
    70
100
AcDbLine
 10
200281.6764301161
 20
179700.256944877
 30
0.0
 11
200256.5954260883
 21
179770.3191669256
 31
0.0
1001
REVIT
1002
{
1070
     1
1000
5330241
1002
}
1002
{
1070
     2
1000
-2000051
1002
}
1002
{
1070
     3
1000
-2000079
1002
}
  0
LINE
  5
2D0D
330
1F
100
AcDbEntity
  8
General
 62
   210
370
    70
100
AcDbLine
 10
200945.1301552971
 20
177787.4346202855
 30
0.0
 11
200281.6764301165
 21
179700.2569448772
 31
0.0
1001
REVIT
1002
{
1070
     1
1000
5330246
1002
}
1002
{
1070
     2
1000
-2000051
1002
}
1002
{
1070
     3
1000
-2000079
1002
}
  0
LINE
  5
2D0E
330
1F
100
AcDbEntity
  8
General
 62
   210
370
    70
100
AcDbLine
 10
201594.247189222
 20
175791.298784352
 30
0.0
 11
200945.1301552971
 21
177787.4346202853
 31
0.0
1001
REVIT
1002
{
1070
     1
1000
5330251
1002
}
1002
{
1070
     2
1000
-2000051
1002
}
1002
{
1070
     3
1000
-2000079
1002
}
  0
LINE
  5
2D0F
330
1F
100
AcDbEntity
  8
General
 62
   210
370
    70
100
AcDbLine
 10
202203.6917431896
 20
173782.69515643
 30
0.0
 11
201594.247189222
 21
175791.2987843516
 31
0.0
1001
REVIT
1002
{
1070
     1
1000
5330256
1002
}
1002
{
1070
     2
1000
-2000051
1002
}
1002
{
1070
     3
1000
-2000079
1002
}
  0
LINE
  5
2D10
330
1F
100
AcDbEntity
  8
General
 62
   210
370
    70
100
AcDbLine
 10
202773.2246069849
 20
171762.4121278313
 30
0.0
 11
202203.6917431896
 21
173782.69515643
 31
0.0
1001
REVIT
1002
{
1070
     1
1000
5330261
1002
}
1002
{
1070
     2
1000
-2000051
1002
}
1002
{
1070
     3
1000
-2000079
1002
}
  0
LINE
  5
2D11
330
1F
100
AcDbEntity
  8
General
 62
   210
370
    70
100
AcDbLine
 10
203302.6222352666
 20
169731.24267386
 30
0.0
 11
202773.2246069849
 21
171762.4121278313
 31
0.0
1001
REVIT
1002
{
1070
     1
1000
5330266
1002
}
1002
{
1070
     2
1000
-2000051
1002
}
1002
{
1070
     3
1000
-2000079
1002
}
  0
LINE
  5
2D12
330
1F
100
AcDbEntity
  8
General
 62
   210
370
    70
100
AcDbLine
 10
203383.8709627601
 20
169393.5230035583
 30
0.0
 11
203302.6222352676
 21
169731.2426738598
 31
0.0
1001
REVIT
1002
{
1070
     1
1000
5330271
1002
}
1002
{
1070
     2
1000
-2000051
1002
}
1002
{
1070
     3
1000
-2000079
1002
}
  0
ARC
  5
2D13
330
1F
100
AcDbEntity
  8
General
 62
   210
370
    70
100
AcDbCircle
 10
480584.9216271971
 20
196623.2252941403
 30
0.0
 40
288220.24283665
100
AcDbArc
 50
189.1434884806662
 51
190.9430636977226
1001
REVIT
1002
{
1070
     1
1000
5331602
1002
}
1002
{
1070
     2
1000
-2000051
1002
}
1002
{
1070
     3
1000
-2000079
1002
}
  0
ARC
  5
2D14
330
1F
100
AcDbEntity
  8
General
 62
   210
370
    70
100
AcDbCircle
 10
-88531.01011354137
 20
105022.5169873162
 30
0.0
 40
288220.2428367986
100
AcDbArc
 50
9.143488480666269
 51
9.464032703737094
1001
REVIT
1002
{
1070
     1
1000
5331608
1002
}
1002
{
1070
     2
1000
-2000051
1002
}
1002
{
1070
     3
1000
-2000079
1002
}
  0
ARC
  5
2D15
330
1F
100
AcDbEntity
  8
General
 62
   210
370
    70
100
AcDbCircle
 10
-88531.01011354137
 20
105022.5169873162
 30
0.0
 40
288220.2428367986
100
AcDbArc
 50
9.464032703737094
 51
10.14143005232319
1001
REVIT
1002
{
1070
     1
1000
5331614
1002
}
1002
{
1070
     2
1000
-2000051
1002
}
1002
{
1070
     3
1000
-2000079
1002
}
  0
ARC
  5
2D16
330
1F
100
AcDbEntity
  8
General
 62
   210
370
    70
100
AcDbCircle
 10
-88531.01011354137
 20
105022.5169873162
 30
0.0
 40
288220.2428367983
100
AcDbArc
 50
10.14143005232319
 51
10.81116221338044
1001
REVIT
1002
{
1070
     1
1000
5331620
1002
}
1002
{
1070
     2
1000
-2000051
1002
}
1002
{
1070
     3
1000
-2000079
1002
}
  0
LINE
  5
2D17
330
1F
100
AcDbEntity
  8
General
 62
   210
370
    70
100
AcDbLine
 10
194573.5329474682
 20
159084.7596259647
 30
0.0
 11
193499.9673620254
 21
164162.7683704527
 31
0.0
1001
REVIT
1002
{
1070
     1
1000
5331626
1002
}
1002
{
1070
     2
1000
-2000051
1002
}
1002
{
1070
     3
1000
-2000079
1002
}
  0
LINE
  5
2D18
330
1F
100
AcDbEntity
  8
General
 62
   210
370
    70
100
AcDbLine
 10
193497.6473084685
 20
164173.7423178401
 30
0.0
 11
193252.2741155453
 21
165334.3674684787
 31
0.0
1001
REVIT
1002
{
1070
     1
1000
5331631
1002
}
1002
{
1070
     2
1000
-2000051
1002
}
1002
{
1070
     3
1000
-2000079
1002
}
  0
LINE
  5
2D19
330
1F
100
AcDbEntity
  8
General
 62
   210
370
    70
100
AcDbLine
 10
193252.2741155448
 20
165334.3674684792
 30
0.0
 11
192826.060258173
 21
167105.9743333704
 31
0.0
1001
REVIT
1002
{
1070
     1
1000
5331636
1002
}
1002
{
1070
     2
1000
-2000051
1002
}
1002
{
1070
     3
1000
-2000079
1002
}
  0
LINE
  5
2D1A
330
1F
100
AcDbEntity
  8
General
 62
   210
370
    70
100
AcDbLine
 10
192826.060258173
 20
167105.9743333707
 30
0.0
 11
192349.3480992379
 21
168935.0025039472
 31
0.0
1001
REVIT
1002
{
1070
     1
1000
5331641
1002
}
1002
{
1070
     2
1000
-2000051
1002
}
1002
{
1070
     3
1000
-2000079
1002
}
  0
LINE
  5
2D1B
330
1F
100
AcDbEntity
  8
General
 62
   210
370
    70
100
AcDbLine
 10
192349.3480992379
 20
168935.0025039475
 30
0.0
 11
192035.3080836005
 21
170048.9851276489
 31
0.0
1001
REVIT
1002
{
1070
     1
1000
5331646
1002
}
1002
{
1070
     2
1000
-2000051
1002
}
1002
{
1070
     3
1000
-2000079
1002
}
  0
LINE
  5
2D1C
330
1F
100
AcDbEntity
  8
General
 62
   210
370
    70
100
AcDbLine
 10
192035.3080835996
 20
170048.9851276489
 30
0.0
 11
191837.8742605607
 21
170749.3348832367
 31
0.0
1001
REVIT
1002
{
1070
     1
1000
5331651
1002
}
1002
{
1070
     2
1000
-2000051
1002
}
1002
{
1070
     3
1000
-2000079
1002
}
  0
LINE
  5
2D1D
330
1F
100
AcDbEntity
  8
General
 62
   210
370
    70
100
AcDbLine
 10
191290.5573895915
 20
172553.1784740878
 30
0.0
 11
191837.8742605421
 21
170749.3348832991
 31
0.0
1001
REVIT
1002
{
1070
     1
1000
5331656
1002
}
1002
{
1070
     2
1000
-2000051
1002
}
1002
{
1070
     3
1000
-2000079
1002
}
  0
LINE
  5
2D1E
330
1F
100
AcDbEntity
  8
General
 62
   210
370
    70
100
AcDbLine
 10
191290.5573895873
 20
172553.1784741002
 30
0.0
 11
190707.0257881001
 21
174347.6289048415
 31
0.0
1001
REVIT
1002
{
1070
     1
1000
5331661
1002
}
1002
{
1070
     2
1000
-2000051
1002
}
1002
{
1070
     3
1000
-2000079
1002
}
  0
LINE
  5
2D1F
330
1F
100
AcDbEntity
  8
General
 62
   210
370
    70
100
AcDbLine
 10
190707.0257881001
 20
174347.6289048413
 30
0.0
 11
190101.2854584904
 21
176094.0560954761
 31
0.0
1001
REVIT
1002
{
1070
     1
1000
5331666
1002
}
1002
{
1070
     2
1000
-2000051
1002
}
1002
{
1070
     3
1000
-2000079
1002
}
  0
LINE
  5
2D20
330
1F
100
AcDbEntity
  8
General
 62
   210
370
    70
100
AcDbLine
 10
189434.6662652042
 20
177897.695869807
 30
0.0
 11
190101.2854584876
 21
176094.0560954829
 31
0.0
1001
REVIT
1002
{
1070
     1
1000
5331671
1002
}
1002
{
1070
     2
1000
-2000051
1002
}
1002
{
1070
     3
1000
-2000079
1002
}
  0
LINE
  5
2D21
330
1F
100
AcDbEntity
  8
General
 62
   210
370
    70
100
AcDbLine
 10
188769.3455997823
 20
179596.6493032678
 30
0.0
 11
189434.6662652042
 21
177897.6958698075
 31
0.0
1001
REVIT
1002
{
1070
     1
1000
5331676
1002
}
1002
{
1070
     2
1000
-2000051
1002
}
1002
{
1070
     3
1000
-2000079
1002
}
  0
LINE
  5
2D22
330
1F
100
AcDbEntity
  8
General
 62
   210
370
    70
100
AcDbLine
 10
188024.3339561486
 20
181390.4435147774
 30
0.0
 11
188769.3455997823
 21
179596.6493032676
 31
0.0
1001
REVIT
1002
{
1070
     1
1000
5331681
1002
}
1002
{
1070
     2
1000
-2000051
1002
}
1002
{
1070
     3
1000
-2000079
1002
}
  0
LINE
  5
2D23
330
1F
100
AcDbEntity
  8
General
 62
   210
370
    70
100
AcDbLine
 10
187266.9564203835
 20
183116.6493891539
 30
0.0
 11
188024.333956149
 21
181390.4435147777
 31
0.0
1001
REVIT
1002
{
1070
     1
1000
5331686
1002
}
1002
{
1070
     2
1000
-2000051
1002
}
1002
{
1070
     3
1000
-2000079
1002
}
  0
LINE
  5
2D24
330
1F
100
AcDbEntity
  8
General
 62
   210
370
    70
100
AcDbLine
 10
186475.5299678381
 20
184827.5122183846
 30
0.0
 11
187266.9564203831
 21
183116.6493891539
 31
0.0
1001
REVIT
1002
{
1070
     1
1000
5331691
1002
}
1002
{
1070
     2
1000
-2000051
1002
}
1002
{
1070
     3
1000
-2000079
1002
}
  0
LINE
  5
2D25
330
1F
100
AcDbEntity
  8
General
 62
   210
370
    70
100
AcDbLine
 10
185650.3652389968
 20
186522.3604806022
 30
0.0
 11
186475.5299678376
 21
184827.5122183846
 31
0.0
1001
REVIT
1002
{
1070
     1
1000
5331696
1002
}
1002
{
1070
     2
1000
-2000051
1002
}
1002
{
1070
     3
1000
-2000079
1002
}
  0
LINE
  5
2D26
330
1F
100
AcDbEntity
  8
General
 62
   210
370
    70
100
AcDbLine
 10
184791.7861164153
 20
188200.5289350707
 30
0.0
 11
185650.3652389968
 21
186522.360480602
 31
0.0
1001
REVIT
1002
{
1070
     1
1000
5331701
1002
}
1002
{
1070
     2
1000
-2000051
1002
}
1002
{
1070
     3
1000
-2000079
1002
}
  0
LINE
  5
2D27
330
1F
100
AcDbEntity
  8
General
 62
   210
370
    70
100
AcDbLine
 10
183900.1296020892
 20
189861.3588850632
 30
0.0
 11
184791.7861164153
 21
188200.5289350703
 31
0.0
1001
REVIT
1002
{
1070
     1
1000
5331706
1002
}
1002
{
1070
     2
1000
-2000051
1002
}
1002
{
1070
     3
1000
-2000079
1002
}
  0
LINE
  5
2D28
330
1F
100
AcDbEntity
  8
General
 62
   210
370
    70
100
AcDbLine
 10
182968.1638049903
 20
191517.6731431944
 30
0.0
 11
183900.1296020892
 21
189861.3588850632
 31
0.0
1001
REVIT
1002
{
1070
     1
1000
5331711
1002
}
1002
{
1070
     2
1000
-2000051
1002
}
1002
{
1070
     3
1000
-2000079
1002
}
  0
LINE
  5
2D29
330
1F
100
AcDbEntity
  8
General
 62
   210
370
    70
100
AcDbLine
 10
182026.2367347871
 20
193127.2357841605
 30
0.0
 11
182968.1638049903
 21
191517.6731431949
 31
0.0
1001
REVIT
1002
{
1070
     1
1000
5331716
1002
}
1002
{
1070
     2
1000
-2000051
1002
}
1002
{
1070
     3
1000
-2000079
1002
}
  0
LINE
  5
2D2A
330
1F
100
AcDbEntity
  8
General
 62
   210
370
    70
100
AcDbLine
 10
181056.9777671128
 20
194703.0759085397
 30
0.0
 11
182026.2367347871
 21
193127.2357841603
 31
0.0
1001
REVIT
1002
{
1070
     1
1000
5331721
1002
}
1002
{
1070
     2
1000
-2000051
1002
}
1002
{
1070
     3
1000
-2000079
1002
}
  0
LINE
  5
2D2B
330
1F
100
AcDbEntity
  8
General
 62
   210
370
    70
100
AcDbLine
 10
180062.4319028944
 20
196200.3397601968
 30
0.0
 11
181056.9777671137
 21
194703.0759085395
 31
0.0
1001
REVIT
1002
{
1070
     1
1000
5331726
1002
}
1002
{
1070
     2
1000
-2000051
1002
}
1002
{
1070
     3
1000
-2000079
1002
}
  0
LINE
  5
2D2C
330
1F
100
AcDbEntity
  8
General
 62
   210
370
    70
100
AcDbLine
 10
177933.3084342765
 20
199069.8539249074
 30
0.0
 11
178900.1153733247
 21
197824.2670996258
 31
0.0
1001
REVIT
1002
{
1070
     1
1000
5331737
1002
}
1002
{
1070
     2
1000
-2000051
1002
}
1002
{
1070
     3
1000
-2000079
1002
}
  0
LINE
  5
2D2D
330
1F
100
AcDbEntity
  8
General
 62
   210
370
    70
100
AcDbLine
 10
178900.1153733247
 20
197824.2670996255
 30
0.0
 11
180062.4319028944
 21
196200.339760197
 31
0.0
1001
REVIT
1002
{
1070
     1
1000
5331770
1002
}
1002
{
1070
     2
1000
-2000051
1002
}
1002
{
1070
     3
1000
-2000079
1002
}
  0
LINE
  5
2D2E
330
1F
100
AcDbEntity
  8
General
 62
   210
370
    70
100
AcDbLine
 10
176774.1877368895
 20
200471.4216971042
 30
0.0
 11
177933.3084342765
 21
199069.8539249074
 31
0.0
1001
REVIT
1002
{
1070
     1
1000
5331775
1002
}
1002
{
1070
     2
1000
-2000051
1002
}
1002
{
1070
     3
1000
-2000079
1002
}
  0
LINE
  5
2D2F
330
1F
100
AcDbEntity
  8
General
 62
   210
370
    70
100
AcDbLine
 10
175581.0187177785
 20
201815.7684586745
 30
0.0
 11
176774.1877368885
 21
200471.4216971042
 31
0.0
1001
REVIT
1002
{
1070
     1
1000
5331780
1002
}
1002
{
1070
     2
1000
-2000051
1002
}
1002
{
1070
     3
1000
-2000079
1002
}
  0
LINE
  5
2D30
330
1F
100
AcDbEntity
  8
General
 62
   210
370
    70
100
AcDbLine
 10
174341.6781238882
 20
203117.672996187
 30
0.0
 11
175581.018717779
 21
201815.7684586743
 31
0.0
1001
REVIT
1002
{
1070
     1
1000
5331785
1002
}
1002
{
1070
     2
1000
-2000051
1002
}
1002
{
1070
     3
1000
-2000079
1002
}
  0
LINE
  5
2D31
330
1F
100
AcDbEntity
  8
General
 62
   210
370
    70
100
AcDbLine
 10
173057.6746687923
 20
204375.550433617
 30
0.0
 11
174341.6781238886
 21
203117.6729961863
 31
0.0
1001
REVIT
1002
{
1070
     1
1000
5331798
1002
}
1002
{
1070
     2
1000
-2000051
1002
}
1002
{
1070
     3
1000
-2000079
1002
}
  0
LINE
  5
2D32
330
1F
100
AcDbEntity
  8
General
 62
   210
370
    70
100
AcDbLine
 10
171730.5714278809
 20
205587.8694987671
 30
0.0
 11
173057.6746687923
 21
204375.5504336175
 31
0.0
1001
REVIT
1002
{
1070
     1
1000
5331803
1002
}
1002
{
1070
     2
1000
-2000051
1002
}
1002
{
1070
     3
1000
-2000079
1002
}
  0
LINE
  5
2D33
330
1F
100
AcDbEntity
  8
General
 62
   210
370
    70
100
AcDbLine
 10
170361.9839504423
 20
206753.154376405
 30
0.0
 11
171730.5714278804
 21
205587.8694987676
 31
0.0
1001
REVIT
1002
{
1070
     1
1000
5331808
1002
}
1002
{
1070
     2
1000
-2000051
1002
}
1002
{
1070
     3
1000
-2000079
1002
}
  0
LINE
  5
2D34
330
1F
100
AcDbEntity
  8
General
 62
   210
370
    70
100
AcDbLine
 10
168953.5782830153
 20
207869.9865087584
 30
0.0
 11
170361.9839504423
 21
206753.1543764047
 31
0.0
1001
REVIT
1002
{
1070
     1
1000
5331813
1002
}
1002
{
1070
     2
1000
-2000051
1002
}
1002
{
1070
     3
1000
-2000079
1002
}
  0
LINE
  5
2D35
330
1F
100
AcDbEntity
  8
General
 62
   210
370
    70
100
AcDbLine
 10
167352.1191366749
 20
209051.3052861671
 30
0.0
 11
168953.5782830153
 21
207869.9865087586
 31
0.0
1001
REVIT
1002
{
1070
     1
1000
5331818
1002
}
1002
{
1070
     2
1000
-2000051
1002
}
1002
{
1070
     3
1000
-2000079
1002
}
  0
LINE
  5
2D36
330
1F
100
AcDbEntity
  8
General
 62
   210
370
    70
100
AcDbLine
 10
166041.4912502105
 20
209941.9454281084
 30
0.0
 11
167352.1191366749
 21
209051.3052861668
 31
0.0
1001
REVIT
1002
{
1070
     1
1000
5331823
1002
}
1002
{
1070
     2
1000
-2000051
1002
}
1002
{
1070
     3
1000
-2000079
1002
}
  0
LINE
  5
2D37
330
1F
100
AcDbEntity
  8
General
 62
   210
370
    70
100
AcDbLine
 10
164506.8271488008
 20
210916.475459553
 30
0.0
 11
166041.4912502101
 21
209941.9454281089
 31
0.0
1001
REVIT
1002
{
1070
     1
1000
5331828
1002
}
1002
{
1070
     2
1000
-2000051
1002
}
1002
{
1070
     3
1000
-2000079
1002
}
  0
LINE
  5
2D38
330
1F
100
AcDbEntity
  8
General
 62
   210
370
    70
100
AcDbLine
 10
162956.7470202061
 20
211826.5150849692
 30
0.0
 11
164506.8271488008
 21
210916.4754595523
 31
0.0
1001
REVIT
1002
{
1070
     1
1000
5331833
1002
}
1002
{
1070
     2
1000
-2000051
1002
}
1002
{
1070
     3
1000
-2000079
1002
}
  0
LINE
  5
2D39
330
1F
100
AcDbEntity
  8
General
 62
   210
370
    70
100
AcDbLine
 10
161375.8634582289
 20
212681.9259154796
 30
0.0
 11
162956.7470202065
 21
211826.515084969
 31
0.0
1001
REVIT
1002
{
1070
     1
1000
5331838
1002
}
1002
{
1070
     2
1000
-2000051
1002
}
1002
{
1070
     3
1000
-2000079
1002
}
  0
LINE
  5
2D3A
330
1F
100
AcDbEntity
  8
General
 62
   210
370
    70
100
AcDbLine
 10
159766.1009483641
 20
213481.6666182349
 30
0.0
 11
161375.8634582293
 21
212681.9259154793
 31
0.0
1001
REVIT
1002
{
1070
     1
1000
5331843
1002
}
1002
{
1070
     2
1000
-2000051
1002
}
1002
{
1070
     3
1000
-2000079
1002
}
  0
LINE
  5
2D3B
330
1F
100
AcDbEntity
  8
General
 62
   210
370
    70
100
AcDbLine
 10
158129.419135125
 20
214224.7636293202
 30
0.0
 11
159766.1009483641
 21
213481.6666182346
 31
0.0
1001
REVIT
1002
{
1070
     1
1000
5331848
1002
}
1002
{
1070
     2
1000
-2000051
1002
}
1002
{
1070
     3
1000
-2000079
1002
}
  0
LINE
  5
2D3C
330
1F
100
AcDbEntity
  8
General
 62
   210
370
    70
100
AcDbLine
 10
156295.5926587965
 20
214981.366175624
 30
0.0
 11
158129.419135125
 21
214224.7636293209
 31
0.0
1001
REVIT
1002
{
1070
     1
1000
5331853
1002
}
1002
{
1070
     2
1000
-2000051
1002
}
1002
{
1070
     3
1000
-2000079
1002
}
  0
LINE
  5
2D3D
330
1F
100
AcDbEntity
  8
General
 62
   210
370
    70
100
AcDbLine
 10
154783.2975890069
 20
215537.4782008055
 30
0.0
 11
156293.1124209097
 21
214975.3546628033
 31
0.0
1001
REVIT
1002
{
1070
     1
1000
5331858
1002
}
1002
{
1070
     2
1000
-2000051
1002
}
1002
{
1070
     3
1000
-2000079
1002
}
  0
LINE
  5
2D3E
330
1F
100
AcDbEntity
  8
General
 62
   210
370
    70
100
AcDbLine
 10
153033.007633526
 20
216120.4607863215
 30
0.0
 11
154783.2975890069
 21
215537.4782008055
 31
0.0
1001
REVIT
1002
{
1070
     1
1000
5331863
1002
}
1002
{
1070
     2
1000
-2000051
1002
}
1002
{
1070
     3
1000
-2000079
1002
}
  0
LINE
  5
2D3F
330
1F
100
AcDbEntity
  8
General
 62
   210
370
    70
100
AcDbLine
 10
152223.1627860294
 20
216366.894443876
 30
0.0
 11
153033.007633526
 21
216120.4607863215
 31
0.0
1001
REVIT
1002
{
1070
     1
1000
5331868
1002
}
1002
{
1070
     2
1000
-2000051
1002
}
1002
{
1070
     3
1000
-2000079
1002
}
  0
LINE
  5
2D40
330
1F
100
AcDbEntity
  8
General
 62
   210
370
    70
100
AcDbLine
 10
151399.191095627
 20
216602.0020032859
 30
0.0
 11
152223.1627860289
 21
216366.894443876
 31
0.0
1001
REVIT
1002
{
1070
     1
1000
5331873
1002
}
1002
{
1070
     2
1000
-2000051
1002
}
1002
{
1070
     3
1000
-2000079
1002
}
  0
LINE
  5
2D41
330
1F
100
AcDbEntity
  8
General
 62
   210
370
    70
100
AcDbLine
 10
149612.9650519137
 20
217061.404728253
 30
0.0
 11
151399.191095627
 21
216602.0020032859
 31
0.0
1001
REVIT
1002
{
1070
     1
1000
5331878
1002
}
1002
{
1070
     2
1000
-2000051
1002
}
1002
{
1070
     3
1000
-2000079
1002
}
  0
LINE
  5
2D42
330
1F
100
AcDbEntity
  8
General
 62
   210
370
    70
100
AcDbLine
 10
147832.1201285814
 20
217453.738244471
 30
0.0
 11
149612.9650519137
 21
217061.404728253
 31
0.0
1001
REVIT
1002
{
1070
     1
1000
5331883
1002
}
1002
{
1070
     2
1000
-2000051
1002
}
1002
{
1070
     3
1000
-2000079
1002
}
  0
LINE
  5
2D43
330
1F
100
AcDbEntity
  8
General
 62
   210
370
    70
100
AcDbLine
 10
146304.2636831464
 20
217742.4744582974
 30
0.0
 11
147832.1201285819
 21
217453.7382444708
 31
0.0
1001
REVIT
1002
{
1070
     1
1000
5331888
1002
}
1002
{
1070
     2
1000
-2000051
1002
}
1002
{
1070
     3
1000
-2000079
1002
}
  0
LINE
  5
2D44
330
1F
100
AcDbEntity
  8
General
 62
   210
370
    70
100
AcDbLine
 10
137865.6683746265
 20
219631.8035594955
 30
0.0
 11
139110.3402211639
 21
219334.608273323
 31
0.0
1001
REVIT
1002
{
1070
     1
1000
5331918
1002
}
1002
{
1070
     2
1000
-2000051
1002
}
1002
{
1070
     3
1000
-2000079
1002
}
  0
LINE
  5
2D45
330
1F
100
AcDbEntity
  8
General
 62
   210
370
    70
100
AcDbLine
 10
135874.0668200162
 20
220126.2887630154
 30
0.0
 11
137865.6683746265
 21
219631.8035594957
 31
0.0
1001
REVIT
1002
{
1070
     1
1000
5331924
1002
}
1002
{
1070
     2
1000
-2000051
1002
}
1002
{
1070
     3
1000
-2000079
1002
}
  0
LINE
  5
2D46
330
1F
100
AcDbEntity
  8
General
 62
   210
370
    70
100
AcDbLine
 10
133886.9852938956
 20
220638.6356912911
 30
0.0
 11
135874.0668200172
 21
220126.2887630154
 31
0.0
1001
REVIT
1002
{
1070
     1
1000
5331990
1002
}
1002
{
1070
     2
1000
-2000051
1002
}
1002
{
1070
     3
1000
-2000079
1002
}
  0
LINE
  5
2D47
330
1F
100
AcDbEntity
  8
General
 62
   210
370
    70
100
AcDbLine
 10
131912.1115354487
 20
221166.7898959288
 30
0.0
 11
133886.9852938956
 21
220638.6356912911
 31
0.0
1001
REVIT
1002
{
1070
     1
1000
5331995
1002
}
1002
{
1070
     2
1000
-2000051
1002
}
1002
{
1070
     3
1000
-2000079
1002
}
  0
LINE
  5
2D48
330
1F
100
AcDbEntity
  8
General
 62
   210
370
    70
100
AcDbLine
 10
130570.4749102044
 20
221536.4484482898
 30
0.0
 11
131912.1115354491
 21
221166.7898959288
 31
0.0
1001
REVIT
1002
{
1070
     1
1000
5332000
1002
}
1002
{
1070
     2
1000
-2000051
1002
}
1002
{
1070
     3
1000
-2000079
1002
}
  0
LINE
  5
2D49
330
1F
100
AcDbEntity
  8
General
 62
   210
370
    70
100
AcDbLine
 10
129911.2094661432
 20
221721.2828918357
 30
0.0
 11
130570.4749102039
 21
221536.4484482898
 31
0.0
1001
REVIT
1002
{
1070
     1
1000
5332005
1002
}
1002
{
1070
     2
1000
-2000051
1002
}
1002
{
1070
     3
1000
-2000079
1002
}
  0
LINE
  5
2D4A
330
1F
100
AcDbEntity
  8
General
 62
   210
370
    70
100
AcDbLine
 10
127954.4608805786
 20
222282.4266136986
 30
0.0
 11
129911.2094661427
 21
221721.2828918354
 31
0.0
1001
REVIT
1002
{
1070
     1
1000
5332010
1002
}
1002
{
1070
     2
1000
-2000051
1002
}
1002
{
1070
     3
1000
-2000079
1002
}
  0
LINE
  5
2D4B
330
1F
100
AcDbEntity
  8
General
 62
   210
370
    70
100
AcDbLine
 10
125987.0575259604
 20
222865.7930606638
 30
0.0
 11
127954.4608805786
 21
222282.4266136986
 31
0.0
1001
REVIT
1002
{
1070
     1
1000
5332015
1002
}
1002
{
1070
     2
1000
-2000051
1002
}
1002
{
1070
     3
1000
-2000079
1002
}
  0
LINE
  5
2D4C
330
1F
100
AcDbEntity
  8
General
 62
   210
370
    70
100
AcDbLine
 10
124024.971246401
 20
223466.8003859496
 30
0.0
 11
125987.0575259599
 21
222865.7930606635
 31
0.0
1001
REVIT
1002
{
1070
     1
1000
5332020
1002
}
1002
{
1070
     2
1000
-2000051
1002
}
1002
{
1070
     3
1000
-2000079
1002
}
  0
LINE
  5
2D4D
330
1F
100
AcDbEntity
  8
General
 62
   210
370
    70
100
AcDbLine
 10
122068.3602199365
 20
224085.4001378546
 30
0.0
 11
124024.9712464014
 21
223466.8003859496
 31
0.0
1001
REVIT
1002
{
1070
     1
1000
5332025
1002
}
1002
{
1070
     2
1000
-2000051
1002
}
1002
{
1070
     3
1000
-2000079
1002
}
  0
LINE
  5
2D4E
330
1F
100
AcDbEntity
  8
General
 62
   210
370
    70
100
AcDbLine
 10
120117.3821746755
 20
224721.5424484451
 30
0.0
 11
122068.3602199365
 21
224085.4001378546
 31
0.0
1001
REVIT
1002
{
1070
     1
1000
5332030
1002
}
1002
{
1070
     2
1000
-2000051
1002
}
1002
{
1070
     3
1000
-2000079
1002
}
  0
LINE
  5
2D4F
330
1F
100
AcDbEntity
  8
General
 62
   210
370
    70
100
AcDbLine
 10
118172.1943933429
 20
225375.1760348099
 30
0.0
 11
120117.3821746755
 21
224721.5424484456
 31
0.0
1001
REVIT
1002
{
1070
     1
1000
5332035
1002
}
1002
{
1070
     2
1000
-2000051
1002
}
1002
{
1070
     3
1000
-2000079
1002
}
  0
LINE
  5
2D50
330
1F
100
AcDbEntity
  8
General
 62
   210
370
    70
100
AcDbLine
 10
116241.342062126
 20
226043.3454153169
 30
0.0
 11
118172.1943933429
 21
225375.1760348099
 31
0.0
1001
REVIT
1002
{
1070
     1
1000
5332040
1002
}
1002
{
1070
     2
1000
-2000051
1002
}
1002
{
1070
     3
1000
-2000079
1002
}
  0
LINE
  5
2D51
330
1F
100
AcDbEntity
  8
General
 62
   210
370
    70
100
AcDbLine
 10
115105.1670367817
 20
226445.8731681224
 30
0.0
 11
116241.342062126
 21
226043.3454153169
 31
0.0
1001
REVIT
1002
{
1070
     1
1000
5332045
1002
}
1002
{
1070
     2
1000
-2000051
1002
}
1002
{
1070
     3
1000
-2000079
1002
}
  0
LINE
  5
2D52
330
1F
100
AcDbEntity
  8
General
 62
   210
370
    70
100
AcDbLine
 10
114562.2272312693
 20
226629.9514026231
 30
0.0
 11
115105.1670367821
 21
226445.8731681227
 31
0.0
1001
REVIT
1002
{
1070
     1
1000
5332050
1002
}
1002
{
1070
     2
1000
-2000051
1002
}
1002
{
1070
     3
1000
-2000079
1002
}
  0
LINE
  5
2D53
330
1F
100
AcDbEntity
  8
General
 62
   210
370
    70
100
AcDbLine
 10
113892.2989986368
 20
226819.9045355615
 30
0.0
 11
114562.2272312689
 21
226629.9514026231
 31
0.0
1001
REVIT
1002
{
1070
     1
1000
5332055
1002
}
1002
{
1070
     2
1000
-2000051
1002
}
1002
{
1070
     3
1000
-2000079
1002
}
  0
LINE
  5
2D54
330
1F
100
AcDbEntity
  8
General
 62
   210
370
    70
100
AcDbLine
 10
113402.7457652456
 20
226927.851266259
 30
0.0
 11
113892.2989986372
 21
226819.9045355615
 31
0.0
1001
REVIT
1002
{
1070
     1
1000
5332060
1002
}
1002
{
1070
     2
1000
-2000051
1002
}
1002
{
1070
     3
1000
-2000079
1002
}
  0
LINE
  5
2D55
330
1F
100
AcDbEntity
  8
General
 62
   210
370
    70
100
AcDbLine
 10
111945.5844629753
 20
227115.3721423693
 30
0.0
 11
113402.745765247
 21
226927.851266259
 31
0.0
1001
REVIT
1002
{
1070
     1
1000
5332065
1002
}
1002
{
1070
     2
1000
-2000051
1002
}
1002
{
1070
     3
1000
-2000079
1002
}
  0
LINE
  5
2D56
330
1F
100
AcDbEntity
  8
General
 62
   210
370
    70
100
AcDbLine
 10
110636.1118481235
 20
227127.7597934489
 30
0.0
 11
111945.5844629753
 21
227115.3721423693
 31
0.0
1001
REVIT
1002
{
1070
     1
1000
5332070
1002
}
1002
{
1070
     2
1000
-2000051
1002
}
1002
{
1070
     3
1000
-2000079
1002
}
  0
LINE
  5
2D57
330
1F
100
AcDbEntity
  8
General
 62
   210
370
    70
100
AcDbLine
 10
109334.3616512838
 20
226985.2171360335
 30
0.0
 11
110636.111848123
 21
227127.7597934489
 31
0.0
1001
REVIT
1002
{
1070
     1
1000
5332075
1002
}
1002
{
1070
     2
1000
-2000051
1002
}
1002
{
1070
     3
1000
-2000079
1002
}
  0
LINE
  5
2D58
330
1F
100
AcDbEntity
  8
General
 62
   210
370
    70
100
AcDbLine
 10
108058.5999973031
 20
226689.744325027
 30
0.0
 11
109334.3616512838
 21
226985.217136033
 31
0.0
1001
REVIT
1002
{
1070
     1
1000
5332080
1002
}
1002
{
1070
     2
1000
-2000051
1002
}
1002
{
1070
     3
1000
-2000079
1002
}
  0
LINE
  5
2D59
330
1F
100
AcDbEntity
  8
General
 62
   210
370
    70
100
AcDbLine
 10
106724.2024215931
 20
226208.5129213886
 30
0.0
 11
108058.5999973036
 21
226689.7443250275
 31
0.0
1001
REVIT
1002
{
1070
     1
1000
5332085
1002
}
1002
{
1070
     2
1000
-2000051
1002
}
1002
{
1070
     3
1000
-2000079
1002
}
  0
LINE
  5
2D5A
330
1F
100
AcDbEntity
  8
General
 62
   210
370
    70
100
AcDbLine
 10
105182.6504366352
 20
225346.3860334623
 30
0.0
 11
106724.2024215927
 21
226208.5129213879
 31
0.0
1001
REVIT
1002
{
1070
     1
1000
5332096
1002
}
1002
{
1070
     2
1000
-2000051
1002
}
1002
{
1070
     3
1000
-2000079
1002
}
  0
LINE
  5
2D5B
330
1F
100
AcDbEntity
  8
General
 62
   210
370
    70
100
AcDbLine
 10
104562.9389343994
 20
224937.5568301001
 30
0.0
 11
105182.6504366352
 21
225346.386033463
 31
0.0
1001
REVIT
1002
{
1070
     1
1000
5332101
1002
}
1002
{
1070
     2
1000
-2000051
1002
}
1002
{
1070
     3
1000
-2000079
1002
}
  0
LINE
  5
2D5C
330
1F
100
AcDbEntity
  8
General
 62
   210
370
    70
100
AcDbLine
 10
103562.7866261621
 20
224092.2359783839
 30
0.0
 11
104562.938934398
 21
224937.556830099
 31
0.0
1001
REVIT
1002
{
1070
     1
1000
5332106
1002
}
1002
{
1070
     2
1000
-2000051
1002
}
1002
{
1070
     3
1000
-2000079
1002
}
  0
LINE
  5
2D5D
330
1F
100
AcDbEntity
  8
General
 62
   210
370
    70
100
AcDbLine
 10
102669.6094384944
 20
223134.5792038831
 30
0.0
 11
103562.7866261621
 21
224092.2359783835
 31
0.0
1001
REVIT
1002
{
1070
     1
1000
5332111
1002
}
1002
{
1070
     2
1000
-2000051
1002
}
1002
{
1070
     3
1000
-2000079
1002
}
  0
LINE
  5
2D5E
330
1F
100
AcDbEntity
  8
General
 62
   210
370
    70
100
AcDbLine
 10
101895.9404136181
 20
222078.0243228133
 30
0.0
 11
102669.6094384944
 21
223134.5792038838
 31
0.0
1001
REVIT
1002
{
1070
     1
1000
5332116
1002
}
1002
{
1070
     2
1000
-2000051
1002
}
1002
{
1070
     3
1000
-2000079
1002
}
  0
LINE
  5
2D5F
330
1F
100
AcDbEntity
  8
General
 62
   210
370
    70
100
AcDbLine
 10
101190.722980044
 20
220827.6210886155
 30
0.0
 11
101895.9404136181
 21
222078.0243228133
 31
0.0
1001
REVIT
1002
{
1070
     1
1000
5332121
1002
}
1002
{
1070
     2
1000
-2000051
1002
}
1002
{
1070
     3
1000
-2000079
1002
}
  0
LINE
  5
2D60
330
1F
100
AcDbEntity
  8
General
 62
   210
370
    70
100
AcDbLine
 10
100839.3588965164
 20
220037.145798107
 30
0.0
 11
101190.7229800444
 21
220827.6210886157
 31
0.0
1001
REVIT
1002
{
1070
     1
1000
5332143
1002
}
1002
{
1070
     2
1000
-2000051
1002
}
1002
{
1070
     3
1000
-2000079
1002
}
  0
LINE
  5
2D61
330
1F
100
AcDbEntity
  8
General
 62
   210
370
    70
100
AcDbLine
 10
100415.2128264523
 20
218982.2038109602
 30
0.0
 11
100618.8882892021
 21
219488.7882456576
 31
0.0
1001
REVIT
1002
{
1070
     1
1000
5332148
1002
}
1002
{
1070
     2
1000
-2000051
1002
}
1002
{
1070
     3
1000
-2000079
1002
}
  0
LINE
  5
2D62
330
1F
100
AcDbEntity
  8
General
 62
   210
370
    70
100
AcDbLine
 10
100618.8882892021
 20
219488.7882456578
 30
0.0
 11
100839.3588965173
 21
220037.1457981068
 31
0.0
1001
REVIT
1002
{
1070
     1
1000
5332153
1002
}
1002
{
1070
     2
1000
-2000051
1002
}
1002
{
1070
     3
1000
-2000079
1002
}
  0
LINE
  5
2D63
330
1F
100
AcDbEntity
  8
General
 62
   210
370
    70
100
AcDbLine
 10
99872.81867645833
 20
217633.1535585605
 30
0.0
 11
100415.2128264523
 21
218982.2038109606
 31
0.0
1001
REVIT
1002
{
1070
     1
1000
5332158
1002
}
1002
{
1070
     2
1000
-2000051
1002
}
1002
{
1070
     3
1000
-2000079
1002
}
  0
LINE
  5
2D64
330
1F
100
AcDbEntity
  8
General
 62
   210
370
    70
100
AcDbLine
 10
99126.74905896153
 20
215777.5188572729
 30
0.0
 11
99872.81867645833
 21
217633.1535585605
 31
0.0
1001
REVIT
1002
{
1070
     1
1000
5332163
1002
}
1002
{
1070
     2
1000
-2000051
1002
}
1002
{
1070
     3
1000
-2000079
1002
}
  0
LINE
  5
2D65
330
1F
100
AcDbEntity
  8
General
 62
   210
370
    70
100
AcDbLine
 10
98380.67944406079
 20
213921.8841648089
 30
0.0
 11
99126.74905896293
 21
215777.5188572745
 31
0.0
1001
REVIT
1002
{
1070
     1
1000
5332198
1002
}
1002
{
1070
     2
1000
-2000051
1002
}
1002
{
1070
     3
1000
-2000079
1002
}
  0
LINE
  5
2D66
330
1F
100
AcDbEntity
  8
General
 62
   210
370
    70
100
AcDbLine
 10
97634.60982834979
 20
212066.2494680187
 30
0.0
 11
98380.67944406079
 21
213921.8841648101
 31
0.0
1001
REVIT
1002
{
1070
     1
1000
5332203
1002
}
1002
{
1070
     2
1000
-2000051
1002
}
1002
{
1070
     3
1000
-2000079
1002
}
  0
LINE
  5
2D67
330
1F
100
AcDbEntity
  8
General
 62
   210
370
    70
100
AcDbLine
 10
96888.54021094194
 20
210210.6147670042
 30
0.0
 11
97634.60982834979
 21
212066.2494680189
 31
0.0
1001
REVIT
1002
{
1070
     1
1000
5332208
1002
}
1002
{
1070
     2
1000
-2000051
1002
}
1002
{
1070
     3
1000
-2000079
1002
}
  0
LINE
  5
2D68
330
1F
100
AcDbEntity
  8
General
 62
   210
370
    70
100
AcDbLine
 10
96142.47059599742
 20
208354.9800743795
 30
0.0
 11
96888.54021094101
 21
210210.6147670042
 31
0.0
1001
REVIT
1002
{
1070
     1
1000
5332213
1002
}
1002
{
1070
     2
1000
-2000051
1002
}
1002
{
1070
     3
1000
-2000079
1002
}
  0
LINE
  5
2D69
330
1F
100
AcDbEntity
  8
General
 62
   210
370
    70
100
AcDbLine
 10
95396.40098073672
 20
206499.3453787057
 30
0.0
 11
96142.47059599788
 21
208354.9800743798
 31
0.0
1001
REVIT
1002
{
1070
     1
1000
5332218
1002
}
1002
{
1070
     2
1000
-2000051
1002
}
1002
{
1070
     3
1000
-2000079
1002
}
  0
LINE
  5
2D6A
330
1F
100
AcDbEntity
  8
General
 62
   210
370
    70
100
AcDbLine
 10
94650.33136368603
 20
204643.7106808975
 30
0.0
 11
95396.4009807372
 21
206499.345378705
 31
0.0
1001
REVIT
1002
{
1070
     1
1000
5332223
1002
}
1002
{
1070
     2
1000
-2000051
1002
}
1002
{
1070
     3
1000
-2000079
1002
}
  0
LINE
  5
2D6B
330
1F
100
AcDbEntity
  8
General
 62
   210
370
    70
100
AcDbLine
 10
93904.261747962
 20
202788.0759840174
 30
0.0
 11
94650.33136368603
 21
204643.7106808979
 31
0.0
1001
REVIT
1002
{
1070
     1
1000
5332228
1002
}
1002
{
1070
     2
1000
-2000051
1002
}
1002
{
1070
     3
1000
-2000079
1002
}
  0
LINE
  5
2D6C
330
1F
100
AcDbEntity
  8
General
 62
   210
370
    70
100
AcDbLine
 10
93158.1921304787
 20
200932.4412828196
 30
0.0
 11
93904.261747962
 21
202788.0759840176
 31
0.0
1001
REVIT
1002
{
1070
     1
1000
5332233
1002
}
1002
{
1070
     2
1000
-2000051
1002
}
1002
{
1070
     3
1000
-2000079
1002
}
  0
LINE
  5
2D6D
330
1F
100
AcDbEntity
  8
General
 62
   210
370
    70
100
AcDbLine
 10
92412.12251557888
 20
199076.8065903621
 30
0.0
 11
93158.1921304787
 21
200932.4412828201
 31
0.0
1001
REVIT
1002
{
1070
     1
1000
5332238
1002
}
1002
{
1070
     2
1000
-2000051
1002
}
1002
{
1070
     3
1000
-2000079
1002
}
  0
LINE
  5
2D6E
330
1F
100
AcDbEntity
  8
General
 62
   210
370
    70
100
AcDbLine
 10
91666.05289917546
 20
197221.1718918442
 30
0.0
 11
92412.12251557936
 21
199076.8065903623
 31
0.0
1001
REVIT
1002
{
1070
     1
1000
5332273
1002
}
1002
{
1070
     2
1000
-2000051
1002
}
1002
{
1070
     3
1000
-2000079
1002
}
  0
LINE
  5
2D6F
330
1F
100
AcDbEntity
  8
General
 62
   210
370
    70
100
AcDbLine
 10
91180.61566143543
 20
196013.7856613257
 30
0.0
 11
91666.05289917546
 21
197221.1718918438
 31
0.0
1001
REVIT
1002
{
1070
     1
1000
5332278
1002
}
1002
{
1070
     2
1000
-2000051
1002
}
1002
{
1070
     3
1000
-2000079
1002
}
  0
LINE
  5
2D70
330
1F
100
AcDbEntity
  8
General
 62
   210
370
    70
100
AcDbLine
 10
90919.98328322604
 20
195365.5371967169
 30
0.0
 11
91180.61566143449
 21
196013.7856613257
 31
0.0
1001
REVIT
1002
{
1070
     1
1000
5332283
1002
}
1002
{
1070
     2
1000
-2000051
1002
}
1002
{
1070
     3
1000
-2000079
1002
}
  0
LINE
  5
2D71
330
1F
100
AcDbEntity
  8
General
 62
   210
370
    70
100
AcDbLine
 10
90173.91366751551
 20
193509.9024999248
 30
0.0
 11
90919.98328322604
 21
195365.5371967166
 31
0.0
1001
REVIT
1002
{
1070
     1
1000
5332288
1002
}
1002
{
1070
     2
1000
-2000051
1002
}
1002
{
1070
     3
1000
-2000079
1002
}
  0
LINE
  5
2D72
330
1F
100
AcDbEntity
  8
General
 62
   210
370
    70
100
AcDbLine
 10
89427.84405010673
 20
191654.2677989117
 30
0.0
 11
90173.91366751505
 21
193509.902499925
 31
0.0
1001
REVIT
1002
{
1070
     1
1000
5332293
1002
}
1002
{
1070
     2
1000
-2000051
1002
}
1002
{
1070
     3
1000
-2000079
1002
}
  0
LINE
  5
2D73
330
1F
100
AcDbEntity
  8
General
 62
   210
370
    70
100
AcDbLine
 10
88681.77443516222
 20
189798.6331062839
 30
0.0
 11
89427.84405010719
 21
191654.2677989121
 31
0.0
1001
REVIT
1002
{
1070
     1
1000
5332298
1002
}
1002
{
1070
     2
1000
-2000051
1002
}
1002
{
1070
     3
1000
-2000079
1002
}
  0
LINE
  5
2D74
330
1F
100
AcDbEntity
  8
General
 62
   210
370
    70
100
AcDbLine
 10
87935.70481833596
 20
187942.9984067174
 30
0.0
 11
88681.77443516222
 21
189798.6331062837
 31
0.0
1001
REVIT
1002
{
1070
     1
1000
5332303
1002
}
1002
{
1070
     2
1000
-2000051
1002
}
1002
{
1070
     3
1000
-2000079
1002
}
  0
LINE
  5
2D75
330
1F
100
AcDbEntity
  8
General
 62
   210
370
    70
100
AcDbLine
 10
87408.87200075167
 20
186632.6525162716
 30
0.0
 11
87935.70481833596
 21
187942.9984067177
 31
0.0
1001
REVIT
1002
{
1070
     1
1000
5332308
1002
}
1002
{
1070
     2
1000
-2000051
1002
}
1002
{
1070
     3
1000
-2000079
1002
}
  0
LINE
  5
2D76
330
1F
100
AcDbEntity
  8
General
 62
   210
370
    70
100
AcDbLine
 10
87244.80580150443
 20
186217.9567698023
 30
0.0
 11
87408.87200075261
 21
186632.6525162713
 31
0.0
1001
REVIT
1002
{
1070
     1
1000
5332313
1002
}
1002
{
1070
     2
1000
-2000051
1002
}
1002
{
1070
     3
1000
-2000079
1002
}
  0
LINE
  5
2D77
330
1F
100
AcDbEntity
  8
General
 62
   210
370
    70
100
AcDbLine
 10
86609.335062171
 20
184484.123632141
 30
0.0
 11
87244.80580150443
 21
186217.9567698025
 31
0.0
1001
REVIT
1002
{
1070
     1
1000
5332318
1002
}
1002
{
1070
     2
1000
-2000051
1002
}
1002
{
1070
     3
1000
-2000079
1002
}
  0
LINE
  5
2D78
330
1F
100
AcDbEntity
  8
General
 62
   210
370
    70
100
AcDbLine
 10
86067.02514063487
 20
182800.1094198549
 30
0.0
 11
86609.335062171
 21
184484.1236321405
 31
0.0
1001
REVIT
1002
{
1070
     1
1000
5332323
1002
}
1002
{
1070
     2
1000
-2000051
1002
}
1002
{
1070
     3
1000
-2000079
1002
}
  0
LINE
  5
2D79
330
1F
100
AcDbEntity
  8
General
 62
   210
370
    70
100
AcDbLine
 10
85592.08519145487
 20
181095.8688410897
 30
0.0
 11
86067.02514063487
 21
182800.1094198554
 31
0.0
1001
REVIT
1002
{
1070
     1
1000
5332328
1002
}
1002
{
1070
     2
1000
-2000051
1002
}
1002
{
1070
     3
1000
-2000079
1002
}
  0
LINE
  5
2D7A
330
1F
100
AcDbEntity
  8
General
 62
   210
370
    70
100
AcDbLine
 10
85185.2659848995
 20
179374.0959043997
 30
0.0
 11
85592.08519145441
 21
181095.8688410897
 31
0.0
1001
REVIT
1002
{
1070
     1
1000
5332333
1002
}
1002
{
1070
     2
1000
-2000051
1002
}
1002
{
1070
     3
1000
-2000079
1002
}
  0
LINE
  5
2D7B
330
1F
100
AcDbEntity
  8
General
 62
   210
370
    70
100
AcDbLine
 10
84847.21060864734
 20
177637.5123423223
 30
0.0
 11
85185.2659848995
 21
179374.0959043995
 31
0.0
1001
REVIT
1002
{
1070
     1
1000
5332338
1002
}
1002
{
1070
     2
1000
-2000051
1002
}
1002
{
1070
     3
1000
-2000079
1002
}
  0
LINE
  5
2D7C
330
1F
100
AcDbEntity
  8
General
 62
   210
370
    70
100
AcDbLine
 10
84578.45345227759
 20
175888.8632942186
 30
0.0
 11
84847.21060864641
 21
177637.512342322
 31
0.0
1001
REVIT
1002
{
1070
     1
1000
5332343
1002
}
1002
{
1070
     2
1000
-2000051
1002
}
1002
{
1070
     3
1000
-2000079
1002
}
  0
LINE
  5
2D7D
330
1F
100
AcDbEntity
  8
General
 62
   210
370
    70
100
AcDbLine
 10
84370.63652997663
 20
174053.339457167
 30
0.0
 11
84578.45345227759
 21
175888.8632942188
 31
0.0
1001
REVIT
1002
{
1070
     1
1000
5332348
1002
}
1002
{
1070
     2
1000
-2000051
1002
}
1002
{
1070
     3
1000
-2000079
1002
}
  0
LINE
  5
2D7E
330
1F
100
AcDbEntity
  8
General
 62
   210
370
    70
100
AcDbLine
 10
84247.50844341437
 20
172338.2702796195
 30
0.0
 11
84339.53008033627
 21
173698.4642456422
 31
0.0
1001
REVIT
1002
{
1070
     1
1000
5332353
1002
}
1002
{
1070
     2
1000
-2000051
1002
}
1002
{
1070
     3
1000
-2000079
1002
}
  0
LINE
  5
2D7F
330
1F
100
AcDbEntity
  8
General
 62
   210
370
    70
100
AcDbLine
 10
84339.53008033627
 20
173698.4642456422
 30
0.0
 11
84370.63652997757
 21
174053.339457167
 31
0.0
1001
REVIT
1002
{
1070
     1
1000
5332358
1002
}
1002
{
1070
     2
1000
-2000051
1002
}
1002
{
1070
     3
1000
-2000079
1002
}
  0
LINE
  5
2D80
330
1F
100
AcDbEntity
  8
General
 62
   210
370
    70
100
AcDbLine
 10
84213.11362198334
 20
171554.9579360973
 30
0.0
 11
84247.50844341343
 21
172338.2702796192
 31
0.0
1001
REVIT
1002
{
1070
     1
1000
5332363
1002
}
1002
{
1070
     2
1000
-2000051
1002
}
1002
{
1070
     3
1000
-2000079
1002
}
  0
LINE
  5
2D81
330
1F
100
AcDbEntity
  8
General
 62
   210
370
    70
100
AcDbLine
 10
84191.34232524237
 20
170648.0139663816
 30
0.0
 11
84213.1136219838
 21
171554.9579360968
 31
0.0
1001
REVIT
1002
{
1070
     1
1000
5332368
1002
}
1002
{
1070
     2
1000
-2000051
1002
}
1002
{
1070
     3
1000
-2000079
1002
}
  0
LINE
  5
2D82
330
1F
100
AcDbEntity
  8
General
 62
   210
370
    70
100
AcDbLine
 10
84203.24782909652
 20
168829.0906729448
 30
0.0
 11
84191.34232524237
 21
170648.0139663816
 31
0.0
1001
REVIT
1002
{
1070
     1
1000
5332373
1002
}
1002
{
1070
     2
1000
-2000051
1002
}
1002
{
1070
     3
1000
-2000079
1002
}
  0
LINE
  5
2D83
330
1F
100
AcDbEntity
  8
General
 62
   210
370
    70
100
AcDbLine
 10
84285.14368477616
 20
167061.8054685959
 30
0.0
 11
84203.24782909652
 21
168829.0906729443
 31
0.0
1001
REVIT
1002
{
1070
     1
1000
5332408
1002
}
1002
{
1070
     2
1000
-2000051
1002
}
1002
{
1070
     3
1000
-2000079
1002
}
  0
LINE
  5
2D84
330
1F
100
AcDbEntity
  8
General
 62
   210
370
    70
100
AcDbLine
 10
84437.22625660537
 20
165299.1725530078
 30
0.0
 11
84285.14368477616
 21
167061.8054685959
 31
0.0
1001
REVIT
1002
{
1070
     1
1000
5332413
1002
}
1002
{
1070
     2
1000
-2000051
1002
}
1002
{
1070
     3
1000
-2000079
1002
}
  0
LINE
  5
2D85
330
1F
100
AcDbEntity
  8
General
 62
   210
370
    70
100
AcDbLine
 10
84659.73806245033
 20
163540.1606169921
 30
0.0
 11
84437.22625660537
 21
165299.1725530074
 31
0.0
1001
REVIT
1002
{
1070
     1
1000
5332418
1002
}
1002
{
1070
     2
1000
-2000051
1002
}
1002
{
1070
     3
1000
-2000079
1002
}
  0
LINE
  5
2D86
330
1F
100
AcDbEntity
  8
General
 62
   210
370
    70
100
AcDbLine
 10
84943.77134778735
 20
161833.1227875053
 30
0.0
 11
84659.73806245033
 21
163540.1606169924
 31
0.0
1001
REVIT
1002
{
1070
     1
1000
5332423
1002
}
1002
{
1070
     2
1000
-2000051
1002
}
1002
{
1070
     3
1000
-2000079
1002
}
  0
LINE
  5
2D87
330
1F
100
AcDbEntity
  8
General
 62
   210
370
    70
100
AcDbLine
 10
85311.63791511874
 20
160066.9875090363
 30
0.0
 11
84943.77134778783
 21
161833.122787505
 31
0.0
1001
REVIT
1002
{
1070
     1
1000
5332428
1002
}
1002
{
1070
     2
1000
-2000051
1002
}
1002
{
1070
     3
1000
-2000079
1002
}
  0
LINE
  5
2D88
330
1F
100
AcDbEntity
  8
General
 62
   210
370
    70
100
AcDbLine
 10
85793.07105679172
 20
158142.3655630074
 30
0.0
 11
85311.63791511874
 21
160066.9875090365
 31
0.0
1001
REVIT
1002
{
1070
     1
1000
5332433
1002
}
1002
{
1070
     2
1000
-2000051
1002
}
1002
{
1070
     3
1000
-2000079
1002
}
  0
LINE
  5
2D89
330
1F
100
AcDbEntity
  8
General
 62
   210
370
    70
100
AcDbLine
 10
86262.13102139081
 20
156570.982354107
 30
0.0
 11
85793.07105679172
 21
158142.3655630074
 31
0.0
1001
REVIT
1002
{
1070
     1
1000
5332438
1002
}
1002
{
1070
     2
1000
-2000051
1002
}
1002
{
1070
     3
1000
-2000079
1002
}
  0
LINE
  5
2D8A
330
1F
100
AcDbEntity
  8
General
 62
   210
370
    70
100
AcDbLine
 10
86831.09641187837
 20
154700.2591596147
 30
0.0
 11
86388.81946201262
 21
156173.9172411427
 31
0.0
1001
REVIT
1002
{
1070
     1
1000
5332443
1002
}
1002
{
1070
     2
1000
-2000051
1002
}
1002
{
1070
     3
1000
-2000079
1002
}
  0
LINE
  5
2D8B
330
1F
100
AcDbEntity
  8
General
 62
   210
370
    70
100
AcDbLine
 10
86388.81946201262
 20
156173.9172411422
 30
0.0
 11
86262.13102139081
 21
156570.9823541067
 31
0.0
1001
REVIT
1002
{
1070
     1
1000
5332448
1002
}
1002
{
1070
     2
1000
-2000051
1002
}
1002
{
1070
     3
1000
-2000079
1002
}
  0
LINE
  5
2D8C
330
1F
100
AcDbEntity
  8
General
 62
   210
370
    70
100
AcDbLine
 10
87408.05079403813
 20
152857.3905720244
 30
0.0
 11
86831.09641187837
 21
154700.2591596149
 31
0.0
1001
REVIT
1002
{
1070
     1
1000
5332453
1002
}
1002
{
1070
     2
1000
-2000051
1002
}
1002
{
1070
     3
1000
-2000079
1002
}
  0
LINE
  5
2D8D
330
1F
100
AcDbEntity
  8
General
 62
   210
370
    70
100
AcDbLine
 10
88006.87931108209
 20
151024.9931875389
 30
0.0
 11
87408.05079403859
 21
152857.3905720237
 31
0.0
1001
REVIT
1002
{
1070
     1
1000
5332458
1002
}
1002
{
1070
     2
1000
-2000051
1002
}
1002
{
1070
     3
1000
-2000079
1002
}
  0
LINE
  5
2D8E
330
1F
100
AcDbEntity
  8
General
 62
   210
370
    70
100
AcDbLine
 10
88628.47747766473
 20
149200.1941650881
 30
0.0
 11
88006.87931108255
 21
151024.9931875384
 31
0.0
1001
REVIT
1002
{
1070
     1
1000
5332463
1002
}
1002
{
1070
     2
1000
-2000051
1002
}
1002
{
1070
     3
1000
-2000079
1002
}
  0
LINE
  5
2D8F
330
1F
100
AcDbEntity
  8
General
 62
   210
370
    70
100
AcDbLine
 10
89272.74891899632
 20
147383.2764252484
 30
0.0
 11
88628.47747766473
 21
149200.1941650883
 31
0.0
1001
REVIT
1002
{
1070
     1
1000
5332468
1002
}
1002
{
1070
     2
1000
-2000051
1002
}
1002
{
1070
     3
1000
-2000079
1002
}
  0
LINE
  5
2D90
330
1F
100
AcDbEntity
  8
General
 62
   210
370
    70
100
AcDbLine
 10
89939.59374352744
 20
145574.5216735398
 30
0.0
 11
89272.7489189968
 21
147383.2764252484
 31
0.0
1001
REVIT
1002
{
1070
     1
1000
5332473
1002
}
1002
{
1070
     2
1000
-2000051
1002
}
1002
{
1070
     3
1000
-2000079
1002
}
  0
LINE
  5
2D91
330
1F
100
AcDbEntity
  8
General
 62
   210
370
    70
100
AcDbLine
 10
90628.90855770943
 20
143774.2103529864
 30
0.0
 11
89939.59374352744
 21
145574.5216735393
 31
0.0
1001
REVIT
1002
{
1070
     1
1000
5332478
1002
}
1002
{
1070
     2
1000
-2000051
1002
}
1002
{
1070
     3
1000
-2000079
1002
}
  0
LINE
  5
2D92
330
1F
100
AcDbEntity
  8
General
 62
   210
370
    70
100
AcDbLine
 10
91391.49334777252
 20
141854.4678966865
 30
0.0
 11
90628.90855770897
 21
143774.2103529872
 31
0.0
1001
REVIT
1002
{
1070
     1
1000
5332483
1002
}
1002
{
1070
     2
1000
-2000051
1002
}
1002
{
1070
     3
1000
-2000079
1002
}
  0
LINE
  5
2D93
330
1F
100
AcDbEntity
  8
General
 62
   210
370
    70
100
AcDbLine
 10
92072.55375316659
 20
140204.6382862284
 30
0.0
 11
91391.49334777298
 21
141854.4678966865
 31
0.0
1001
REVIT
1002
{
1070
     1
1000
5332488
1002
}
1002
{
1070
     2
1000
-2000051
1002
}
1002
{
1070
     3
1000
-2000079
1002
}
  0
LINE
  5
2D94
330
1F
100
AcDbEntity
  8
General
 62
   210
370
    70
100
AcDbLine
 10
92830.58687743325
 20
138426.7214679319
 30
0.0
 11
92072.55375316659
 21
140204.6382862286
 31
0.0
1001
REVIT
1002
{
1070
     1
1000
5332493
1002
}
1002
{
1070
     2
1000
-2000051
1002
}
1002
{
1070
     3
1000
-2000079
1002
}
  0
LINE
  5
2D95
330
1F
100
AcDbEntity
  8
General
 62
   210
370
    70
100
AcDbLine
 10
93608.67831668411
 20
136662.9614284987
 30
0.0
 11
92830.58687743325
 21
138426.7214679316
 31
0.0
1001
REVIT
1002
{
1070
     1
1000
5332528
1002
}
1002
{
1070
     2
1000
-2000051
1002
}
1002
{
1070
     3
1000
-2000079
1002
}
  0
LINE
  5
2D96
330
1F
100
AcDbEntity
  8
General
 62
   210
370
    70
100
AcDbLine
 10
94408.67087307818
 20
134909.026518335
 30
0.0
 11
93608.67831668411
 21
136662.9614284985
 31
0.0
1001
REVIT
1002
{
1070
     1
1000
5332533
1002
}
1002
{
1070
     2
1000
-2000051
1002
}
1002
{
1070
     3
1000
-2000079
1002
}
  0
LINE
  5
2D97
330
1F
100
AcDbEntity
  8
General
 62
   210
370
    70
100
AcDbLine
 10
95230.44051076299
 20
133165.1886701897
 30
0.0
 11
94408.67087307818
 21
134909.0265183352
 31
0.0
1001
REVIT
1002
{
1070
     1
1000
5332538
1002
}
1002
{
1070
     2
1000
-2000051
1002
}
1002
{
1070
     3
1000
-2000079
1002
}
  0
LINE
  5
2D98
330
1F
100
AcDbEntity
  8
General
 62
   210
370
    70
100
AcDbLine
 10
96073.85981482421
 20
131431.7182688828
 30
0.0
 11
95230.44051076299
 21
133165.1886701897
 31
0.0
1001
REVIT
1002
{
1070
     1
1000
5332543
1002
}
1002
{
1070
     2
1000
-2000051
1002
}
1002
{
1070
     3
1000
-2000079
1002
}
  0
LINE
  5
2D99
330
1F
100
AcDbEntity
  8
General
 62
   210
370
    70
100
AcDbLine
 10
96938.79802046264
 20
129708.8840747647
 30
0.0
 11
96073.85981482467
 21
131431.7182688833
 31
0.0
1001
REVIT
1002
{
1070
     1
1000
5332548
1002
}
1002
{
1070
     2
1000
-2000051
1002
}
1002
{
1070
     3
1000
-2000079
1002
}
  0
LINE
  5
2D9A
330
1F
100
AcDbEntity
  8
General
 62
   210
370
    70
100
AcDbLine
 10
97759.09883057618
 20
128124.4749188
 30
0.0
 11
96938.7980204617
 21
129708.8840747647
 31
0.0
1001
REVIT
1002
{
1070
     1
1000
5332553
1002
}
1002
{
1070
     2
1000
-2000051
1002
}
1002
{
1070
     3
1000
-2000079
1002
}
  0
LINE
  5
2D9B
330
1F
100
AcDbEntity
  8
General
 62
   210
370
    70
100
AcDbLine
 10
98680.27679803049
 20
126616.7404371028
 30
0.0
 11
97759.09883057664
 21
128124.4749187998
 31
0.0
1001
REVIT
1002
{
1070
     1
1000
5332558
1002
}
1002
{
1070
     2
1000
-2000051
1002
}
1002
{
1070
     3
1000
-2000079
1002
}
  0
LINE
  5
2D9C
330
1F
100
AcDbEntity
  8
General
 62
   210
370
    70
100
AcDbLine
 10
99716.7706655647
 20
124940.9713767803
 30
0.0
 11
98680.27679803049
 21
126616.7404371033
 31
0.0
1001
REVIT
1002
{
1070
     1
1000
5332563
1002
}
1002
{
1070
     2
1000
-2000051
1002
}
1002
{
1070
     3
1000
-2000079
1002
}
  0
LINE
  5
2D9D
330
1F
100
AcDbEntity
  8
General
 62
   210
370
    70
100
AcDbLine
 10
100768.8289522404
 20
123240.0382790827
 30
0.0
 11
100154.435548246
 21
124233.3692474886
 31
0.0
1001
REVIT
1002
{
1070
     1
1000
5332568
1002
}
1002
{
1070
     2
1000
-2000051
1002
}
1002
{
1070
     3
1000
-2000079
1002
}
  0
LINE
  5
2D9E
330
1F
100
AcDbEntity
  8
General
 62
   210
370
    70
100
AcDbLine
 10
100154.435548246
 20
124233.3692474888
 30
0.0
 11
99716.7706655647
 21
124940.9713767803
 31
0.0
1001
REVIT
1002
{
1070
     1
1000
5332573
1002
}
1002
{
1070
     2
1000
-2000051
1002
}
1002
{
1070
     3
1000
-2000079
1002
}
  0
LINE
  5
2D9F
330
1F
100
AcDbEntity
  8
General
 62
   210
370
    70
100
AcDbLine
 10
101820.8872326916
 20
121539.1051898849
 30
0.0
 11
100768.8289522404
 21
123240.0382790827
 31
0.0
1001
REVIT
1002
{
1070
     1
1000
5332578
1002
}
1002
{
1070
     2
1000
-2000051
1002
}
1002
{
1070
     3
1000
-2000079
1002
}
  0
LINE
  5
2DA0
330
1F
100
AcDbEntity
  8
General
 62
   210
370
    70
100
AcDbLine
 10
102872.9455108048
 20
119838.1721044645
 30
0.0
 11
101820.8872326907
 21
121539.1051898858
 31
0.0
1001
REVIT
1002
{
1070
     1
1000
5332613
1002
}
1002
{
1070
     2
1000
-2000051
1002
}
1002
{
1070
     3
1000
-2000079
1002
}
  0
LINE
  5
2DA1
330
1F
100
AcDbEntity
  8
General
 62
   210
370
    70
100
AcDbLine
 10
103925.0037945259
 20
118137.2390115472
 30
0.0
 11
102872.9455108057
 21
119838.172104464
 31
0.0
1001
REVIT
1002
{
1070
     1
1000
5332618
1002
}
1002
{
1070
     2
1000
-2000051
1002
}
1002
{
1070
     3
1000
-2000079
1002
}
  0
LINE
  5
2DA2
330
1F
100
AcDbEntity
  8
General
 62
   210
370
    70
100
AcDbLine
 10
104977.0620727251
 20
116436.3059259887
 30
0.0
 11
103925.0037945249
 21
118137.2390115481
 31
0.0
1001
REVIT
1002
{
1070
     1
1000
5332623
1002
}
1002
{
1070
     2
1000
-2000051
1002
}
1002
{
1070
     3
1000
-2000079
1002
}
  0
LINE
  5
2DA3
330
1F
100
AcDbEntity
  8
General
 62
   210
370
    70
100
AcDbLine
 10
106029.120356274
 20
114735.37283329
 30
0.0
 11
104977.0620727256
 21
116436.3059259885
 31
0.0
1001
REVIT
1002
{
1070
     1
1000
5332628
1002
}
1002
{
1070
     2
1000
-2000051
1002
}
1002
{
1070
     3
1000
-2000079
1002
}
  0
LINE
  5
2DA4
330
1F
100
AcDbEntity
  8
General
 62
   210
370
    70
100
AcDbLine
 10
107081.1786367955
 20
113034.4397440358
 30
0.0
 11
106029.1203562735
 21
114735.3728332905
 31
0.0
1001
REVIT
1002
{
1070
     1
1000
5332633
1002
}
1002
{
1070
     2
1000
-2000051
1002
}
1002
{
1070
     3
1000
-2000079
1002
}
  0
LINE
  5
2DA5
330
1F
100
AcDbEntity
  8
General
 62
   210
370
    70
100
AcDbLine
 10
108133.2369151103
 20
111333.5066582943
 30
0.0
 11
107081.178636795
 21
113034.4397440372
 31
0.0
1001
REVIT
1002
{
1070
     1
1000
5332638
1002
}
1002
{
1070
     2
1000
-2000051
1002
}
1002
{
1070
     3
1000
-2000079
1002
}
  0
LINE
  5
2DA6
330
1F
100
AcDbEntity
  8
General
 62
   210
370
    70
100
AcDbLine
 10
109176.8528390523
 20
109646.2228938966
 30
0.0
 11
108133.2369151079
 21
111333.5066582973
 31
0.0
1001
REVIT
1002
{
1070
     1
1000
5332643
1002
}
1002
{
1070
     2
1000
-2000051
1002
}
1002
{
1070
     3
1000
-2000079
1002
}
  0
LINE
  5
2DA7
330
1F
100
AcDbEntity
  8
General
 62
   210
370
    70
100
AcDbLine
 10
110157.8303357261
 20
108060.2108689303
 30
0.0
 11
109176.8528390518
 21
109646.2228938973
 31
0.0
1001
REVIT
1002
{
1070
     1
1000
5332648
1002
}
1002
{
1070
     2
1000
-2000051
1002
}
1002
{
1070
     3
1000
-2000079
1002
}
  0
LINE
  5
2DA8
330
1F
100
AcDbEntity
  8
General
 62
   210
370
    70
100
AcDbLine
 10
111209.8886138523
 20
106359.2777834899
 30
0.0
 11
110157.8303357261
 21
108060.2108689303
 31
0.0
1001
REVIT
1002
{
1070
     1
1000
5332683
1002
}
1002
{
1070
     2
1000
-2000051
1002
}
1002
{
1070
     3
1000
-2000079
1002
}
  0
LINE
  5
2DA9
330
1F
100
AcDbEntity
  8
General
 62
   210
370
    70
100
AcDbLine
 10
112261.9468974831
 20
104658.3446907144
 30
0.0
 11
111209.8886138519
 21
106359.2777834899
 31
0.0
1001
REVIT
1002
{
1070
     1
1000
5332688
1002
}
1002
{
1070
     2
1000
-2000051
1002
}
1002
{
1070
     3
1000
-2000079
1002
}
  0
LINE
  5
2DAA
330
1F
100
AcDbEntity
  8
General
 62
   210
370
    70
100
AcDbLine
 10
113314.0051756875
 20
102957.4116052099
 30
0.0
 11
112261.9468974845
 21
104658.3446907137
 31
0.0
1001
REVIT
1002
{
1070
     1
1000
5332693
1002
}
1002
{
1070
     2
1000
-2000051
1002
}
1002
{
1070
     3
1000
-2000079
1002
}
  0
LINE
  5
2DAB
330
1F
100
AcDbEntity
  8
General
 62
   210
370
    70
100
AcDbLine
 10
114366.0634593183
 20
101256.4785124332
 30
0.0
 11
113314.0051756856
 21
102957.4116052125
 31
0.0
1001
REVIT
1002
{
1070
     1
1000
5332698
1002
}
1002
{
1070
     2
1000
-2000051
1002
}
1002
{
1070
     3
1000
-2000079
1002
}
  0
LINE
  5
2DAC
330
1F
100
AcDbEntity
  8
General
 62
   210
370
    70
100
AcDbLine
 10
115418.1217375213
 20
99555.54542692832
 30
0.0
 11
114366.0634593178
 21
101256.4785124342
 31
0.0
1001
REVIT
1002
{
1070
     1
1000
5332703
1002
}
1002
{
1070
     2
1000
-2000051
1002
}
1002
{
1070
     3
1000
-2000079
1002
}
  0
LINE
  5
2DAD
330
1F
100
AcDbEntity
  8
General
 62
   210
370
    70
100
AcDbLine
 10
116470.1800211506
 20
97854.61233415722
 30
0.0
 11
115418.1217375203
 21
99555.54542692995
 31
0.0
1001
REVIT
1002
{
1070
     1
1000
5332708
1002
}
1002
{
1070
     2
1000
-2000051
1002
}
1002
{
1070
     3
1000
-2000079
1002
}
  0
LINE
  5
2DAE
330
1F
100
AcDbEntity
  8
General
 62
   210
370
    70
100
AcDbLine
 10
117522.2383016028
 20
96153.67924501688
 30
0.0
 11
116470.1800211497
 21
97854.6123341577
 31
0.0
1001
REVIT
1002
{
1070
     1
1000
5332713
1002
}
1002
{
1070
     2
1000
-2000051
1002
}
1002
{
1070
     3
1000
-2000079
1002
}
  0
LINE
  5
2DAF
330
1F
100
AcDbEntity
  8
General
 62
   210
370
    70
100
AcDbLine
 10
118574.2965798081
 20
94452.74615950872
 30
0.0
 11
117522.2383016028
 21
96153.67924501782
 31
0.0
1001
REVIT
1002
{
1070
     1
1000
5332748
1002
}
1002
{
1070
     2
1000
-2000051
1002
}
1002
{
1070
     3
1000
-2000079
1002
}
  0
LINE
  5
2DB0
330
1F
100
AcDbEntity
  8
General
 62
   210
370
    70
100
AcDbLine
 10
119626.3548634389
 20
92751.81306673342
 30
0.0
 11
118574.2965798067
 21
94452.74615951081
 31
0.0
1001
REVIT
1002
{
1070
     1
1000
5332753
1002
}
1002
{
1070
     2
1000
-2000051
1002
}
1002
{
1070
     3
1000
-2000079
1002
}
  0
LINE
  5
2DB1
330
1F
100
AcDbEntity
  8
General
 62
   210
370
    70
100
AcDbLine
 10
120678.4131436377
 20
91050.87997799866
 30
0.0
 11
119626.3548634389
 21
92751.81306673365
 31
0.0
1001
REVIT
1002
{
1070
     1
1000
5332758
1002
}
1002
{
1070
     2
1000
-2000051
1002
}
1002
{
1070
     3
1000
-2000079
1002
}
  0
LINE
  5
2DB2
330
1F
100
AcDbEntity
  8
General
 62
   210
370
    70
100
AcDbLine
 10
121730.4714252745
 20
89349.94688845135
 30
0.0
 11
120678.4131436391
 21
91050.87997799937
 31
0.0
1001
REVIT
1002
{
1070
     1
1000
5332763
1002
}
1002
{
1070
     2
1000
-2000051
1002
}
1002
{
1070
     3
1000
-2000079
1002
}
  0
LINE
  5
2DB3
330
1F
100
AcDbEntity
  8
General
 62
   210
370
    70
100
AcDbLine
 10
122782.5297034733
 20
87649.01380295272
 30
0.0
 11
121730.4714252731
 21
89349.94688845181
 31
0.0
1001
REVIT
1002
{
1070
     1
1000
5332768
1002
}
1002
{
1070
     2
1000
-2000051
1002
}
1002
{
1070
     3
1000
-2000079
1002
}
  0
LINE
  5
2DB4
330
1F
100
AcDbEntity
  8
General
 62
   210
370
    70
100
AcDbLine
 10
123834.5879871013
 20
85948.08071018208
 30
0.0
 11
122782.5297034715
 21
87649.01380295482
 31
0.0
1001
REVIT
1002
{
1070
     1
1000
5332773
1002
}
1002
{
1070
     2
1000
-2000051
1002
}
1002
{
1070
     3
1000
-2000079
1002
}
  0
LINE
  5
2DB5
330
1F
100
AcDbEntity
  8
General
 62
   210
370
    70
100
AcDbLine
 10
124886.6462652251
 20
84247.14762480592
 30
0.0
 11
123834.5879871018
 21
85948.08071018185
 31
0.0
1001
REVIT
1002
{
1070
     1
1000
5332778
1002
}
1002
{
1070
     2
1000
-2000051
1002
}
1002
{
1070
     3
1000
-2000079
1002
}
  0
LINE
  5
2DB6
330
1F
100
AcDbEntity
  8
General
 62
   210
370
    70
100
AcDbLine
 10
125938.7045494682
 20
82546.21453110187
 30
0.0
 11
124886.6462652251
 21
84247.14762480615
 31
0.0
1001
REVIT
1002
{
1070
     1
1000
5332783
1002
}
1002
{
1070
     2
1000
-2000051
1002
}
1002
{
1070
     3
1000
-2000079
1002
}
  0
LINE
  5
2DB7
330
1F
100
AcDbEntity
  8
General
 62
   210
370
    70
100
AcDbLine
 10
126684.3154903842
 20
81340.7353814583
 30
0.0
 11
125938.7045494682
 21
82546.2145311028
 31
0.0
1001
REVIT
1002
{
1070
     1
1000
5332788
1002
}
1002
{
1070
     2
1000
-2000051
1002
}
1002
{
1070
     3
1000
-2000079
1002
}
  0
LINE
  5
2DB8
330
1F
100
AcDbEntity
  8
General
 62
   210
370
    70
100
AcDbLine
 10
126913.0690963614
 20
80975.71020537952
 30
0.0
 11
126684.3154903838
 21
81340.73538145761
 31
0.0
1001
REVIT
1002
{
1070
     1
1000
5332793
1002
}
1002
{
1070
     2
1000
-2000051
1002
}
1002
{
1070
     3
1000
-2000079
1002
}
  0
LINE
  5
2DB9
330
1F
100
AcDbEntity
  8
General
 62
   210
370
    70
100
AcDbLine
 10
127929.8267548756
 20
79447.39101363474
 30
0.0
 11
126913.0690963628
 21
80975.71020537952
 31
0.0
1001
REVIT
1002
{
1070
     1
1000
5332798
1002
}
1002
{
1070
     2
1000
-2000051
1002
}
1002
{
1070
     3
1000
-2000079
1002
}
  0
LINE
  5
2DBA
330
1F
100
AcDbEntity
  8
General
 62
   210
370
    70
100
AcDbLine
 10
128961.6850635974
 20
78031.42370397167
 30
0.0
 11
127929.8267548747
 21
79447.39101363521
 31
0.0
1001
REVIT
1002
{
1070
     1
1000
5332803
1002
}
1002
{
1070
     2
1000
-2000051
1002
}
1002
{
1070
     3
1000
-2000079
1002
}
  0
LINE
  5
2DBB
330
1F
100
AcDbEntity
  8
General
 62
   210
370
    70
100
AcDbLine
 10
130053.057399376
 20
76660.80289381172
 30
0.0
 11
128961.6850635974
 21
78031.42370397167
 31
0.0
1001
REVIT
1002
{
1070
     1
1000
5332808
1002
}
1002
{
1070
     2
1000
-2000051
1002
}
1002
{
1070
     3
1000
-2000079
1002
}
  0
LINE
  5
2DBC
330
1F
100
AcDbEntity
  8
General
 62
   210
370
    70
100
AcDbLine
 10
131201.9534232734
 20
75338.0281898916
 30
0.0
 11
130053.057399376
 21
76660.80289381172
 31
0.0
1001
REVIT
1002
{
1070
     1
1000
5332813
1002
}
1002
{
1070
     2
1000
-2000051
1002
}
1002
{
1070
     3
1000
-2000079
1002
}
  0
LINE
  5
2DBD
330
1F
100
AcDbEntity
  8
General
 62
   210
370
    70
100
AcDbLine
 10
132406.2778829002
 20
74065.51194657071
 30
0.0
 11
131201.9534232738
 21
75338.0281898909
 31
0.0
1001
REVIT
1002
{
1070
     1
1000
5332818
1002
}
1002
{
1070
     2
1000
-2000051
1002
}
1002
{
1070
     3
1000
-2000079
1002
}
  0
LINE
  5
2DBE
330
1F
100
AcDbEntity
  8
General
 62
   210
370
    70
100
AcDbLine
 10
133663.8344416433
 20
72845.57486376201
 30
0.0
 11
132406.2778829007
 21
74065.51194657001
 31
0.0
1001
REVIT
1002
{
1070
     1
1000
5332823
1002
}
1002
{
1070
     2
1000
-2000051
1002
}
1002
{
1070
     3
1000
-2000079
1002
}
  0
LINE
  5
2DBF
330
1F
100
AcDbEntity
  8
General
 62
   210
370
    70
100
AcDbLine
 10
135003.0697811922
 20
71653.06961705594
 30
0.0
 11
133663.8344416433
 21
72845.57486376201
 31
0.0
1001
REVIT
1002
{
1070
     1
1000
5332828
1002
}
1002
{
1070
     2
1000
-2000051
1002
}
1002
{
1070
     3
1000
-2000079
1002
}
  0
LINE
  5
2DC0
330
1F
100
AcDbEntity
  8
General
 62
   210
370
    70
100
AcDbLine
 10
135864.2610814135
 20
70938.7895061617
 30
0.0
 11
135003.0697811913
 21
71653.0696170564
 31
0.0
1001
REVIT
1002
{
1070
     1
1000
5332833
1002
}
1002
{
1070
     2
1000
-2000051
1002
}
1002
{
1070
     3
1000
-2000079
1002
}
  0
LINE
  5
2DC1
330
1F
100
AcDbEntity
  8
General
 62
   210
370
    70
100
AcDbLine
 10
136269.9616252427
 20
70616.66839535289
 30
0.0
 11
135864.2610814135
 21
70938.78950616123
 31
0.0
1001
REVIT
1002
{
1070
     1
1000
5332838
1002
}
1002
{
1070
     2
1000
-2000051
1002
}
1002
{
1070
     3
1000
-2000079
1002
}
  0
LINE
  5
2DC2
330
1F
100
AcDbEntity
  8
General
 62
   210
370
    70
100
AcDbLine
 10
137732.5024434581
 20
69522.98303597828
 30
0.0
 11
136269.9616252418
 21
70616.66839535313
 31
0.0
1001
REVIT
1002
{
1070
     1
1000
5332843
1002
}
1002
{
1070
     2
1000
-2000051
1002
}
1002
{
1070
     3
1000
-2000079
1002
}
  0
LINE
  5
2DC3
330
1F
100
AcDbEntity
  8
General
 62
   210
370
    70
100
AcDbLine
 10
139179.1462077937
 20
68534.59201407677
 30
0.0
 11
137732.5024434585
 21
69522.98303597828
 31
0.0
1001
REVIT
1002
{
1070
     1
1000
5332848
1002
}
1002
{
1070
     2
1000
-2000051
1002
}
1002
{
1070
     3
1000
-2000079
1002
}
  0
LINE
  5
2DC4
330
1F
100
AcDbEntity
  8
General
 62
   210
370
    70
100
AcDbLine
 10
140666.670343238
 20
67608.86693016987
 30
0.0
 11
139179.1462077933
 21
68534.59201407677
 31
0.0
1001
REVIT
1002
{
1070
     1
1000
5332853
1002
}
1002
{
1070
     2
1000
-2000051
1002
}
1002
{
1070
     3
1000
-2000079
1002
}
  0
LINE
  5
2DC5
330
1F
100
AcDbEntity
  8
General
 62
   210
370
    70
100
AcDbLine
 10
142192.362044219
 20
66747.49603329541
 30
0.0
 11
140666.6703432385
 21
67608.8669301694
 31
0.0
1001
REVIT
1002
{
1070
     1
1000
5332858
1002
}
1002
{
1070
     2
1000
-2000051
1002
}
1002
{
1070
     3
1000
-2000079
1002
}
  0
LINE
  5
2DC6
330
1F
100
AcDbEntity
  8
General
 62
   210
370
    70
100
AcDbLine
 10
143753.438893655
 20
65952.0502130714
 30
0.0
 11
142192.362044219
 21
66747.49603329541
 31
0.0
1001
REVIT
1002
{
1070
     1
1000
5332863
1002
}
1002
{
1070
     2
1000
-2000051
1002
}
1002
{
1070
     3
1000
-2000079
1002
}
  0
LINE
  5
2DC7
330
1F
100
AcDbEntity
  8
General
 62
   210
370
    70
100
AcDbLine
 10
145347.0539495941
 20
65223.98012771724
 30
0.0
 11
143753.4388936545
 21
65952.05021307187
 31
0.0
1001
REVIT
1002
{
1070
     1
1000
5332868
1002
}
1002
{
1070
     2
1000
-2000051
1002
}
1002
{
1070
     3
1000
-2000079
1002
}
  0
LINE
  5
2DC8
330
1F
100
AcDbEntity
  8
General
 62
   210
370
    70
100
AcDbLine
 10
147017.1351998016
 20
64545.58937532908
 30
0.0
 11
145347.0539495941
 21
65223.98012771724
 31
0.0
1001
REVIT
1002
{
1070
     1
1000
5332873
1002
}
1002
{
1070
     2
1000
-2000051
1002
}
1002
{
1070
     3
1000
-2000079
1002
}
  0
LINE
  5
2DC9
330
1F
100
AcDbEntity
  8
General
 62
   210
370
    70
100
AcDbLine
 10
147954.3355242555
 20
64200.83609504799
 30
0.0
 11
147017.1351998016
 21
64545.58937532908
 31
0.0
1001
REVIT
1002
{
1070
     1
1000
5332878
1002
}
1002
{
1070
     2
1000
-2000051
1002
}
1002
{
1070
     3
1000
-2000079
1002
}
  0
LINE
  5
2DCA
330
1F
100
AcDbEntity
  8
General
 62
   210
370
    70
100
AcDbLine
 10
148719.4020742989
 20
63929.77754292252
 30
0.0
 11
147954.335524255
 21
64200.83609504845
 31
0.0
1001
REVIT
1002
{
1070
     1
1000
5332883
1002
}
1002
{
1070
     2
1000
-2000051
1002
}
1002
{
1070
     3
1000
-2000079
1002
}
  0
LINE
  5
2DCB
330
1F
100
AcDbEntity
  8
General
 62
   210
370
    70
100
AcDbLine
 10
150604.5809199671
 20
63261.86983125412
 30
0.0
 11
148719.4020742994
 21
63929.77754292205
 31
0.0
1001
REVIT
1002
{
1070
     1
1000
5332888
1002
}
1002
{
1070
     2
1000
-2000051
1002
}
1002
{
1070
     3
1000
-2000079
1002
}
  0
LINE
  5
2DCC
330
1F
100
AcDbEntity
  8
General
 62
   210
370
    70
100
AcDbLine
 10
152489.7597697262
 20
62593.96211846673
 30
0.0
 11
150604.5809199662
 21
63261.86983125458
 31
0.0
1001
REVIT
1002
{
1070
     1
1000
5332893
1002
}
1002
{
1070
     2
1000
-2000051
1002
}
1002
{
1070
     3
1000
-2000079
1002
}
  0
LINE
  5
2DCD
330
1F
100
AcDbEntity
  8
General
 62
   210
370
    70
100
AcDbLine
 10
154374.938615393
 20
61926.05440680019
 30
0.0
 11
152489.7597697248
 21
62593.96211846719
 31
0.0
1001
REVIT
1002
{
1070
     1
1000
5332928
1002
}
1002
{
1070
     2
1000
-2000051
1002
}
1002
{
1070
     3
1000
-2000079
1002
}
  0
LINE
  5
2DCE
330
1F
100
AcDbEntity
  8
General
 62
   210
370
    70
100
AcDbLine
 10
156260.1174651614
 20
61258.14669400813
 30
0.0
 11
154374.9386153925
 21
61926.05440679971
 31
0.0
1001
REVIT
1002
{
1070
     1
1000
5332933
1002
}
1002
{
1070
     2
1000
-2000051
1002
}
1002
{
1070
     3
1000
-2000079
1002
}
  0
LINE
  5
2DCF
330
1F
100
AcDbEntity
  8
General
 62
   210
370
    70
100
AcDbLine
 10
158145.2963108231
 20
60590.23898234159
 30
0.0
 11
156260.1174651599
 21
61258.1466940086
 31
0.0
1001
REVIT
1002
{
1070
     1
1000
5332938
1002
}
1002
{
1070
     2
1000
-2000051
1002
}
1002
{
1070
     3
1000
-2000079
1002
}
  0
LINE
  5
2DD0
330
1F
100
AcDbEntity
  8
General
 62
   210
370
    70
100
AcDbLine
 10
160030.4751605877
 20
59922.33126955234
 30
0.0
 11
158145.2963108226
 21
60590.23898234159
 31
0.0
1001
REVIT
1002
{
1070
     1
1000
5332943
1002
}
1002
{
1070
     2
1000
-2000051
1002
}
1002
{
1070
     3
1000
-2000079
1002
}
  0
LINE
  5
2DD1
330
1F
100
AcDbEntity
  8
General
 62
   210
370
    70
100
AcDbLine
 10
161915.6540062503
 20
59254.42355788626
 30
0.0
 11
160030.4751605877
 21
59922.3312695528
 31
0.0
1001
REVIT
1002
{
1070
     1
1000
5332948
1002
}
1002
{
1070
     2
1000
-2000051
1002
}
1002
{
1070
     3
1000
-2000079
1002
}
  0
LINE
  5
2DD2
330
1F
100
AcDbEntity
  8
General
 62
   210
370
    70
100
AcDbLine
 10
163800.8328560187
 20
58586.51584509561
 30
0.0
 11
161915.6540062503
 21
59254.42355788626
 31
0.0
1001
REVIT
1002
{
1070
     1
1000
5332953
1002
}
1002
{
1070
     2
1000
-2000051
1002
}
1002
{
1070
     3
1000
-2000079
1002
}
  0
LINE
  5
2DD3
330
1F
100
AcDbEntity
  8
General
 62
   210
370
    70
100
AcDbLine
 10
165686.0117016799
 20
57918.60813342953
 30
0.0
 11
163800.8328560177
 21
58586.51584509608
 31
0.0
1001
REVIT
1002
{
1070
     1
1000
5332964
1002
}
1002
{
1070
     2
1000
-2000051
1002
}
1002
{
1070
     3
1000
-2000079
1002
}
  0
LINE
  5
2DD4
330
1F
100
AcDbEntity
  8
General
 62
   210
370
    70
100
AcDbLine
 10
167571.1905507302
 20
57250.7004208936
 30
0.0
 11
165686.0117016804
 21
57918.60813342953
 31
0.0
1001
REVIT
1002
{
1070
     1
1000
5332969
1002
}
1002
{
1070
     2
1000
-2000051
1002
}
1002
{
1070
     3
1000
-2000079
1002
}
  0
LINE
  5
2DD5
330
1F
100
AcDbEntity
  8
General
 62
   210
370
    70
100
AcDbLine
 10
168740.6976310574
 20
56836.35098162234
 30
0.0
 11
167571.1905507288
 21
57250.7004208936
 31
0.0
1001
REVIT
1002
{
1070
     1
1000
5332974
1002
}
1002
{
1070
     2
1000
-2000051
1002
}
1002
{
1070
     3
1000
-2000079
1002
}
  0
LINE
  5
2DD6
330
1F
100
AcDbEntity
  8
General
 62
   210
370
    70
100
AcDbLine
 10
169456.3693996277
 20
56582.79270835302
 30
0.0
 11
168740.6976310574
 21
56836.35098162234
 31
0.0
1001
REVIT
1002
{
1070
     1
1000
5333009
1002
}
1002
{
1070
     2
1000
-2000051
1002
}
1002
{
1070
     3
1000
-2000079
1002
}
  0
LINE
  5
2DD7
330
1F
100
AcDbEntity
  8
General
 62
   210
370
    70
100
AcDbLine
 10
171341.5482452895
 20
55914.88499668693
 30
0.0
 11
169456.3693996273
 21
56582.79270835348
 31
0.0
1001
REVIT
1002
{
1070
     1
1000
5333014
1002
}
1002
{
1070
     2
1000
-2000051
1002
}
1002
{
1070
     3
1000
-2000079
1002
}
  0
LINE
  5
2DD8
330
1F
100
AcDbEntity
  8
General
 62
   210
370
    70
100
AcDbLine
 10
173226.7270961098
 20
55246.97728352329
 30
0.0
 11
171341.5482452881
 21
55914.88499668741
 31
0.0
1001
REVIT
1002
{
1070
     1
1000
5333019
1002
}
1002
{
1070
     2
1000
-2000051
1002
}
1002
{
1070
     3
1000
-2000079
1002
}
  0
LINE
  5
2DD9
330
1F
100
AcDbEntity
  8
General
 62
   210
370
    70
100
AcDbLine
 10
175075.4508188079
 20
54587.35985628224
 30
0.0
 11
173823.6805787111
 21
55035.48019634501
 31
0.0
1001
REVIT
1002
{
1070
     1
1000
5333024
1002
}
1002
{
1070
     2
1000
-2000051
1002
}
1002
{
1070
     3
1000
-2000079
1002
}
  0
LINE
  5
2DDA
330
1F
100
AcDbEntity
  8
General
 62
   210
370
    70
100
AcDbLine
 10
173823.6805787111
 20
55035.48019634501
 30
0.0
 11
173226.7270961093
 21
55246.97728352329
 31
0.0
1001
REVIT
1002
{
1070
     1
1000
5333029
1002
}
1002
{
1070
     2
1000
-2000051
1002
}
1002
{
1070
     3
1000
-2000079
1002
}
  0
LINE
  5
2DDB
330
1F
100
AcDbEntity
  8
General
 62
   210
370
    70
100
AcDbLine
 10
176876.6024358041
 20
53976.2533254976
 30
0.0
 11
175075.4508188074
 21
54587.3598562827
 31
0.0
1001
REVIT
1002
{
1070
     1
1000
5333034
1002
}
1002
{
1070
     2
1000
-2000051
1002
}
1002
{
1070
     3
1000
-2000079
1002
}
  0
LINE
  5
2DDC
330
1F
100
AcDbEntity
  8
General
 62
   210
370
    70
100
AcDbLine
 10
178673.490324121
 20
53405.97620635886
 30
0.0
 11
176876.602435805
 21
53976.25332549714
 31
0.0
1001
REVIT
1002
{
1070
     1
1000
5333039
1002
}
1002
{
1070
     2
1000
-2000051
1002
}
1002
{
1070
     3
1000
-2000079
1002
}
  0
LINE
  5
2DDD
330
1F
100
AcDbEntity
  8
General
 62
   210
370
    70
100
AcDbLine
 10
180496.1737601036
 20
52866.96193324808
 30
0.0
 11
178673.4903241197
 21
53405.97620635886
 31
0.0
1001
REVIT
1002
{
1070
     1
1000
5333044
1002
}
1002
{
1070
     2
1000
-2000051
1002
}
1002
{
1070
     3
1000
-2000079
1002
}
  0
LINE
  5
2DDE
330
1F
100
AcDbEntity
  8
General
 62
   210
370
    70
100
AcDbLine
 10
181792.3063558737
 20
52507.38523361167
 30
0.0
 11
180496.1737601036
 21
52866.96193324762
 31
0.0
1001
REVIT
1002
{
1070
     1
1000
5333049
1002
}
1002
{
1070
     2
1000
-2000051
1002
}
1002
{
1070
     3
1000
-2000079
1002
}
  0
LINE
  5
2DDF
330
1F
100
AcDbEntity
  8
General
 62
   210
370
    70
100
AcDbLine
 10
182262.5894999105
 20
52381.91451638831
 30
0.0
 11
181792.3063558742
 21
52507.38523361167
 31
0.0
1001
REVIT
1002
{
1070
     1
1000
5333054
1002
}
1002
{
1070
     2
1000
-2000051
1002
}
1002
{
1070
     3
1000
-2000079
1002
}
  0
LINE
  5
2DE0
330
1F
100
AcDbEntity
  8
General
 62
   210
370
    70
100
AcDbLine
 10
184126.8996944862
 20
51909.92161941795
 30
0.0
 11
182262.5894999105
 21
52381.91451638877
 31
0.0
1001
REVIT
1002
{
1070
     1
1000
5333059
1002
}
1002
{
1070
     2
1000
-2000051
1002
}
1002
{
1070
     3
1000
-2000079
1002
}
  0
LINE
  5
2DE1
330
1F
100
AcDbEntity
  8
General
 62
   210
370
    70
100
AcDbLine
 10
185997.3133692347
 20
51475.56850304675
 30
0.0
 11
184126.8996944862
 21
51909.92161941795
 31
0.0
1001
REVIT
1002
{
1070
     1
1000
5333064
1002
}
1002
{
1070
     2
1000
-2000051
1002
}
1002
{
1070
     3
1000
-2000079
1002
}
  0
LINE
  5
2DE2
330
1F
100
AcDbEntity
  8
General
 62
   210
370
    70
100
AcDbLine
 10
186583.0409023102
 20
51347.73942411492
 30
0.0
 11
185997.3133692347
 21
51475.56850304675
 31
0.0
1001
REVIT
1002
{
1070
     1
1000
5333069
1002
}
1002
{
1070
     2
1000
-2000051
1002
}
1002
{
1070
     3
1000
-2000079
1002
}
  0
LINE
  5
2DE3
330
1F
100
AcDbEntity
  8
General
 62
   210
370
    70
100
AcDbLine
 10
187789.5497618635
 20
51096.90784753381
 30
0.0
 11
186583.0409023106
 21
51347.73942411492
 31
0.0
1001
REVIT
1002
{
1070
     1
1000
5333074
1002
}
1002
{
1070
     2
1000
-2000051
1002
}
1002
{
1070
     3
1000
-2000079
1002
}
  0
LINE
  5
2DE4
330
1F
100
AcDbEntity
  8
General
 62
   210
370
    70
100
AcDbLine
 10
189659.448452246
 20
50739.98259197815
 30
0.0
 11
187789.5497618645
 21
51096.90784753381
 31
0.0
1001
REVIT
1002
{
1070
     1
1000
5333109
1002
}
1002
{
1070
     2
1000
-2000051
1002
}
1002
{
1070
     3
1000
-2000079
1002
}
  0
LINE
  5
2DE5
330
1F
100
AcDbEntity
  8
General
 62
   210
370
    70
100
AcDbLine
 10
191517.8570759945
 20
50423.21854023204
 30
0.0
 11
189659.4484522455
 21
50739.98259197815
 31
0.0
1001
REVIT
1002
{
1070
     1
1000
5333114
1002
}
1002
{
1070
     2
1000
-2000051
1002
}
1002
{
1070
     3
1000
-2000079
1002
}
  0
LINE
  5
2DE6
330
1F
100
AcDbEntity
  8
General
 62
   210
370
    70
100
AcDbLine
 10
193382.1684747344
 20
50143.28089569403
 30
0.0
 11
191517.8570759935
 21
50423.21854023204
 31
0.0
1001
REVIT
1002
{
1070
     1
1000
5333119
1002
}
1002
{
1070
     2
1000
-2000051
1002
}
1002
{
1070
     3
1000
-2000079
1002
}
  0
LINE
  5
2DE7
330
1F
100
AcDbEntity
  8
General
 62
   210
370
    70
100
AcDbLine
 10
195251.6529655942
 20
49900.27922471973
 30
0.0
 11
193382.1684747344
 21
50143.2808956945
 31
0.0
1001
REVIT
1002
{
1070
     1
1000
5333124
1002
}
1002
{
1070
     2
1000
-2000051
1002
}
1002
{
1070
     3
1000
-2000079
1002
}
  0
LINE
  5
2DE8
330
1F
100
AcDbEntity
  8
General
 62
   210
370
    70
100
AcDbLine
 10
197125.5788438186
 20
49694.30863674904
 30
0.0
 11
195251.6529655937
 21
49900.27922471973
 31
0.0
1001
REVIT
1002
{
1070
     1
1000
5333129
1002
}
1002
{
1070
     2
1000
-2000051
1002
}
1002
{
1070
     3
1000
-2000079
1002
}
  0
LINE
  5
2DE9
330
1F
100
AcDbEntity
  8
General
 62
   210
370
    70
100
AcDbLine
 10
199036.0494849459
 20
49522.49667488911
 30
0.0
 11
197125.5788438186
 21
49694.30863674904
 31
0.0
1001
REVIT
1002
{
1070
     1
1000
5333134
1002
}
1002
{
1070
     2
1000
-2000051
1002
}
1002
{
1070
     3
1000
-2000079
1002
}
  0
LINE
  5
2DEA
330
1F
100
AcDbEntity
  8
General
 62
   210
370
    70
100
AcDbLine
 10
199490.3159572423
 20
49487.90057193801
 30
0.0
 11
199036.0494849464
 21
49522.49667488911
 31
0.0
1001
REVIT
1002
{
1070
     1
1000
5333139
1002
}
1002
{
1070
     2
1000
-2000051
1002
}
1002
{
1070
     3
1000
-2000079
1002
}
  0
LINE
  5
2DEB
330
1F
100
AcDbEntity
  8
General
 62
   210
370
    70
100
AcDbLine
 10
200251.0256437381
 20
49468.67709378467
 30
0.0
 11
199490.3159572423
 21
49487.90057193755
 31
0.0
1001
REVIT
1002
{
1070
     1
1000
5333144
1002
}
1002
{
1070
     2
1000
-2000051
1002
}
1002
{
1070
     3
1000
-2000079
1002
}
  0
LINE
  5
2DEC
330
1F
100
AcDbEntity
  8
General
 62
   210
370
    70
100
AcDbLine
 10
202227.0953109908
 20
49746.39557425106
 30
0.0
 11
200251.0256437381
 21
49468.6770937856
 31
0.0
1001
REVIT
1002
{
1070
     1
1000
5333149
1002
}
1002
{
1070
     2
1000
-2000051
1002
}
1002
{
1070
     3
1000
-2000079
1002
}
  0
LINE
  5
2DED
330
1F
100
AcDbEntity
  8
General
 62
   210
370
    70
100
AcDbLine
 10
202639.0052117246
 20
49870.76623264548
 30
0.0
 11
202226.8025539174
 21
49749.35578980424
 31
0.0
1001
REVIT
1002
{
1070
     1
1000
5333154
1002
}
1002
{
1070
     2
1000
-2000051
1002
}
1002
{
1070
     3
1000
-2000079
1002
}
  0
LINE
  5
2DEE
330
1F
100
AcDbEntity
  8
General
 62
   210
370
    70
100
AcDbLine
 10
203097.7461922733
 20
50051.83635944767
 30
0.0
 11
202639.0052117246
 21
49870.76623264548
 31
0.0
1001
REVIT
1002
{
1070
     1
1000
5333159
1002
}
1002
{
1070
     2
1000
-2000051
1002
}
1002
{
1070
     3
1000
-2000079
1002
}
  0
LINE
  5
2DEF
330
1F
100
AcDbEntity
  8
General
 62
   210
370
    70
100
AcDbLine
 10
204185.6046595114
 20
50639.21288314403
 30
0.0
 11
203097.7461922733
 21
50051.83635944721
 31
0.0
1001
REVIT
1002
{
1070
     1
1000
5333164
1002
}
1002
{
1070
     2
1000
-2000051
1002
}
1002
{
1070
     3
1000
-2000079
1002
}
  0
LINE
  5
2DF0
330
1F
100
AcDbEntity
  8
General
 62
   210
370
    70
100
AcDbLine
 10
205070.4639303448
 20
51308.55122915876
 30
0.0
 11
204185.6046595109
 21
50639.21288314496
 31
0.0
1001
REVIT
1002
{
1070
     1
1000
5333169
1002
}
1002
{
1070
     2
1000
-2000051
1002
}
1002
{
1070
     3
1000
-2000079
1002
}
  0
LINE
  5
2DF1
330
1F
100
AcDbEntity
  8
General
 62
   210
370
    70
100
AcDbLine
 10
205843.3581365642
 20
52104.55644152301
 30
0.0
 11
205070.4639303443
 21
51308.55122915829
 31
0.0
1001
REVIT
1002
{
1070
     1
1000
5333174
1002
}
1002
{
1070
     2
1000
-2000051
1002
}
1002
{
1070
     3
1000
-2000079
1002
}
  0
LINE
  5
2DF2
330
1F
100
AcDbEntity
  8
General
 62
   210
370
    70
100
AcDbLine
 10
206554.2252703524
 20
53104.20666680845
 30
0.0
 11
205843.3581365642
 21
52104.55644152301
 31
0.0
1001
REVIT
1002
{
1070
     1
1000
5333179
1002
}
1002
{
1070
     2
1000
-2000051
1002
}
1002
{
1070
     3
1000
-2000079
1002
}
  0
LINE
  5
2DF3
330
1F
100
AcDbEntity
  8
General
 62
   210
370
    70
100
AcDbLine
 10
206967.6217620742
 20
53948.03309246978
 30
0.0
 11
206554.225270352
 21
53104.20666680752
 31
0.0
1001
REVIT
1002
{
1070
     1
1000
5333184
1002
}
1002
{
1070
     2
1000
-2000051
1002
}
1002
{
1070
     3
1000
-2000079
1002
}
  0
LINE
  5
2DF4
330
1F
100
AcDbEntity
  8
General
 62
   210
370
    70
100
AcDbLine
 10
207326.2302076031
 20
55055.68803936603
 30
0.0
 11
206967.6217620737
 21
53948.03309246978
 31
0.0
1001
REVIT
1002
{
1070
     1
1000
5333189
1002
}
1002
{
1070
     2
1000
-2000051
1002
}
1002
{
1070
     3
1000
-2000079
1002
}
  0
LINE
  5
2DF5
330
1F
100
AcDbEntity
  8
General
 62
   210
370
    70
100
AcDbLine
 10
207503.6333439114
 20
56150.91307637129
 30
0.0
 11
207326.2302076026
 21
55055.68803936603
 31
0.0
1001
REVIT
1002
{
1070
     1
1000
5333194
1002
}
1002
{
1070
     2
1000
-2000051
1002
}
1002
{
1070
     3
1000
-2000079
1002
}
  0
LINE
  5
2DF6
330
1F
100
AcDbEntity
  8
General
 62
   210
370
    70
100
AcDbLine
 10
207515.0306944657
 20
57564.44619824678
 30
0.0
 11
207503.6333439114
 21
56150.91307637083
 31
0.0
1001
REVIT
1002
{
1070
     1
1000
5333199
1002
}
1002
{
1070
     2
1000
-2000051
1002
}
1002
{
1070
     3
1000
-2000079
1002
}
  0
LINE
  5
2DF7
330
1F
100
AcDbEntity
  8
General
 62
   210
370
    70
100
AcDbLine
 10
207372.3923986378
 20
59116.31476512865
 30
0.0
 11
207498.0283852975
 21
57756.34668351232
 31
0.0
1001
REVIT
1002
{
1070
     1
1000
5333204
1002
}
1002
{
1070
     2
1000
-2000051
1002
}
1002
{
1070
     3
1000
-2000079
1002
}
  0
LINE
  5
2DF8
330
1F
100
AcDbEntity
  8
General
 62
   210
370
    70
100
AcDbLine
 10
207187.8041887243
 20
61104.66556384076
 30
0.0
 11
207372.3923986378
 21
59116.31476512958
 31
0.0
1001
REVIT
1002
{
1070
     1
1000
5333209
1002
}
1002
{
1070
     2
1000
-2000051
1002
}
1002
{
1070
     3
1000
-2000079
1002
}
  0
LINE
  5
2DF9
330
1F
100
AcDbEntity
  8
General
 62
   210
370
    70
100
AcDbLine
 10
207002.9297747208
 20
63096.10259042202
 30
0.0
 11
207187.8041887243
 21
61104.66556384076
 31
0.0
1001
REVIT
1002
{
1070
     1
1000
5333214
1002
}
1002
{
1070
     2
1000
-2000051
1002
}
1002
{
1070
     3
1000
-2000079
1002
}
  0
LINE
  5
2DFA
330
1F
100
AcDbEntity
  8
General
 62
   210
370
    70
100
AcDbLine
 10
206818.0553588598
 20
65087.53962699218
 30
0.0
 11
207002.9297747208
 21
63096.10259042109
 31
0.0
1001
REVIT
1002
{
1070
     1
1000
5333219
1002
}
1002
{
1070
     2
1000
-2000051
1002
}
1002
{
1070
     3
1000
-2000079
1002
}
  0
LINE
  5
2DFB
330
1F
100
AcDbEntity
  8
General
 62
   210
370
    70
100
AcDbLine
 10
206633.1809448531
 20
67078.97665358416
 30
0.0
 11
206818.0553588603
 21
65087.53962699172
 31
0.0
1001
REVIT
1002
{
1070
     1
1000
5333224
1002
}
1002
{
1070
     2
1000
-2000051
1002
}
1002
{
1070
     3
1000
-2000079
1002
}
  0
LINE
  5
2DFC
330
1F
100
AcDbEntity
  8
General
 62
   210
370
    70
100
AcDbLine
 10
206448.3065289945
 20
69070.41369014617
 30
0.0
 11
206633.1809448531
 21
67078.97665358416
 31
0.0
1001
REVIT
1002
{
1070
     1
1000
5333229
1002
}
1002
{
1070
     2
1000
-2000051
1002
}
1002
{
1070
     3
1000
-2000079
1002
}
  0
LINE
  5
2DFD
330
1F
100
AcDbEntity
  8
General
 62
   210
370
    70
100
AcDbLine
 10
206263.4321149873
 20
71061.85071674094
 30
0.0
 11
206448.3065289945
 21
69070.41369014525
 31
0.0
1001
REVIT
1002
{
1070
     1
1000
5333234
1002
}
1002
{
1070
     2
1000
-2000051
1002
}
1002
{
1070
     3
1000
-2000079
1002
}
  0
LINE
  5
2DFE
330
1F
100
AcDbEntity
  8
General
 62
   210
370
    70
100
AcDbLine
 10
206078.5576991277
 20
73053.2877533132
 30
0.0
 11
206263.4321149882
 21
71061.85071674048
 31
0.0
1001
REVIT
1002
{
1070
     1
1000
5333239
1002
}
1002
{
1070
     2
1000
-2000051
1002
}
1002
{
1070
     3
1000
-2000079
1002
}
  0
LINE
  5
2DFF
330
1F
100
AcDbEntity
  8
General
 62
   210
370
    70
100
AcDbLine
 10
205893.6832851233
 20
75044.7247798926
 30
0.0
 11
206078.5576991277
 21
73053.28775331227
 31
0.0
1001
REVIT
1002
{
1070
     1
1000
5333244
1002
}
1002
{
1070
     2
1000
-2000051
1002
}
1002
{
1070
     3
1000
-2000079
1002
}
  0
LINE
  5
2E00
330
1F
100
AcDbEntity
  8
General
 62
   210
370
    70
100
AcDbLine
 10
205708.8088692628
 20
77036.16181645903
 30
0.0
 11
205893.6832851233
 21
75044.72477989073
 31
0.0
1001
REVIT
1002
{
1070
     1
1000
5333249
1002
}
1002
{
1070
     2
1000
-2000051
1002
}
1002
{
1070
     3
1000
-2000079
1002
}
  0
LINE
  5
2E01
330
1F
100
AcDbEntity
  8
General
 62
   210
370
    70
100
AcDbLine
 10
205523.9344552556
 20
79027.59884305496
 30
0.0
 11
205708.8088692633
 21
77036.16181645763
 31
0.0
1001
REVIT
1002
{
1070
     1
1000
5333254
1002
}
1002
{
1070
     2
1000
-2000051
1002
}
1002
{
1070
     3
1000
-2000079
1002
}
  0
LINE
  5
2E02
330
1F
100
AcDbEntity
  8
General
 62
   210
370
    70
100
AcDbLine
 10
205339.0600393974
 20
81019.03587962047
 30
0.0
 11
205523.9344552556
 21
79027.59884305472
 31
0.0
1001
REVIT
1002
{
1070
     1
1000
5333259
1002
}
1002
{
1070
     2
1000
-2000051
1002
}
1002
{
1070
     3
1000
-2000079
1002
}
  0
LINE
  5
2E03
330
1F
100
AcDbEntity
  8
General
 62
   210
370
    70
100
AcDbLine
 10
205154.1856253921
 20
83010.47290620754
 30
0.0
 11
205339.0600393974
 21
81019.03587962093
 31
0.0
1001
REVIT
1002
{
1070
     1
1000
5333264
1002
}
1002
{
1070
     2
1000
-2000051
1002
}
1002
{
1070
     3
1000
-2000079
1002
}
  0
LINE
  5
2E04
330
1F
100
AcDbEntity
  8
General
 62
   210
370
    70
100
AcDbLine
 10
204969.3112095289
 20
85001.90994280192
 30
0.0
 11
205154.1856253917
 21
83010.47290620662
 31
0.0
1001
REVIT
1002
{
1070
     1
1000
5333269
1002
}
1002
{
1070
     2
1000
-2000051
1002
}
1002
{
1070
     3
1000
-2000079
1002
}
  0
LINE
  5
2E05
330
1F
100
AcDbEntity
  8
General
 62
   210
370
    70
100
AcDbLine
 10
204784.4367955263
 20
86993.34696939622
 30
0.0
 11
204969.3112095293
 21
85001.90994280169
 31
0.0
1001
REVIT
1002
{
1070
     1
1000
5333274
1002
}
1002
{
1070
     2
1000
-2000051
1002
}
1002
{
1070
     3
1000
-2000079
1002
}
  0
LINE
  5
2E06
330
1F
100
AcDbEntity
  8
General
 62
   210
370
    70
100
AcDbLine
 10
204747.7636853937
 20
87388.3837267718
 30
0.0
 11
204784.4367955263
 21
86993.34696939692
 31
0.0
1001
REVIT
1002
{
1070
     1
1000
5333279
1002
}
1002
{
1070
     2
1000
-2000051
1002
}
1002
{
1070
     3
1000
-2000079
1002
}
  0
LINE
  5
2E07
330
1F
100
AcDbEntity
  8
General
 62
   210
370
    70
100
AcDbLine
 10
203860.0647203938
 20
96950.53212728339
 30
0.0
 11
204083.0018048395
 21
94557.63088603143
 31
0.0
1001
REVIT
1002
{
1070
     1
1000
5333368
1002
}
1002
{
1070
     2
1000
-2000051
1002
}
1002
{
1070
     3
1000
-2000079
1002
}
  0
LINE
  5
2E08
330
1F
100
AcDbEntity
  8
General
 62
   210
370
    70
100
AcDbLine
 10
203675.1903045337
 20
98941.9691638545
 30
0.0
 11
203860.0647203947
 21
96950.53212728293
 31
0.0
1001
REVIT
1002
{
1070
     1
1000
5333373
1002
}
1002
{
1070
     2
1000
-2000051
1002
}
1002
{
1070
     3
1000
-2000079
1002
}
  0
LINE
  5
2E09
330
1F
100
AcDbEntity
  8
General
 62
   210
370
    70
100
AcDbLine
 10
203490.3158905298
 20
100933.4061904437
 30
0.0
 11
203675.1903045328
 21
98941.96916385473
 31
0.0
1001
REVIT
1002
{
1070
     1
1000
5333399
1002
}
1002
{
1070
     2
1000
-2000051
1002
}
1002
{
1070
     3
1000
-2000079
1002
}
  0
LINE
  5
2E0A
330
1F
100
AcDbEntity
  8
General
 62
   210
370
    70
100
AcDbLine
 10
203305.4414746702
 20
102924.8432270045
 30
0.0
 11
203490.3158905307
 21
100933.4061904437
 31
0.0
1001
REVIT
1002
{
1070
     1
1000
5333404
1002
}
1002
{
1070
     2
1000
-2000051
1002
}
1002
{
1070
     3
1000
-2000079
1002
}
  0
LINE
  5
2E0B
330
1F
100
AcDbEntity
  8
General
 62
   210
370
    70
100
AcDbLine
 10
203091.9977748246
 20
105224.0239397281
 30
0.0
 11
203305.4414746693
 21
102924.8432270033
 31
0.0
1001
REVIT
1002
{
1070
     1
1000
5333409
1002
}
1002
{
1070
     2
1000
-2000051
1002
}
1002
{
1070
     3
1000
-2000079
1002
}
  0
LINE
  5
2E0C
330
1F
100
AcDbEntity
  8
General
 62
   210
370
    70
100
AcDbLine
 10
202935.6926448034
 20
106907.7172901629
 30
0.0
 11
203091.9977748256
 21
105224.0239397272
 31
0.0
1001
REVIT
1002
{
1070
     1
1000
5333414
1002
}
1002
{
1070
     2
1000
-2000051
1002
}
1002
{
1070
     3
1000
-2000079
1002
}
  0
LINE
  5
2E0D
330
1F
100
AcDbEntity
  8
General
 62
   210
370
    70
100
AcDbLine
 10
202750.8182307963
 20
108899.1543167533
 30
0.0
 11
202935.6926448034
 21
106907.717290161
 31
0.0
1001
REVIT
1002
{
1070
     1
1000
5333419
1002
}
1002
{
1070
     2
1000
-2000051
1002
}
1002
{
1070
     3
1000
-2000079
1002
}
  0
LINE
  5
2E0E
330
1F
100
AcDbEntity
  8
General
 62
   210
370
    70
100
AcDbLine
 10
202565.9438149362
 20
110890.591353326
 30
0.0
 11
202750.8182307967
 21
108899.154316753
 31
0.0
1001
REVIT
1002
{
1070
     1
1000
5333424
1002
}
1002
{
1070
     2
1000
-2000051
1002
}
1002
{
1070
     3
1000
-2000079
1002
}
  0
LINE
  5
2E0F
330
1F
100
AcDbEntity
  8
General
 62
   210
370
    70
100
AcDbLine
 10
202381.06940093
 20
112882.0283799142
 30
0.0
 11
202565.9438149357
 21
110890.591353326
 31
0.0
1001
REVIT
1002
{
1070
     1
1000
5333429
1002
}
1002
{
1070
     2
1000
-2000051
1002
}
1002
{
1070
     3
1000
-2000079
1002
}
  0
LINE
  5
2E10
330
1F
100
AcDbEntity
  8
General
 62
   210
370
    70
100
AcDbLine
 10
202196.1949850699
 20
114873.465416479
 30
0.0
 11
202381.0694009295
 21
112882.0283799131
 31
0.0
1001
REVIT
1002
{
1070
     1
1000
5333434
1002
}
1002
{
1070
     2
1000
-2000051
1002
}
1002
{
1070
     3
1000
-2000079
1002
}
  0
LINE
  5
2E11
330
1F
100
AcDbEntity
  8
General
 62
   210
370
    70
100
AcDbLine
 10
202011.3205710637
 20
116864.9024430698
 30
0.0
 11
202196.1949850704
 21
114873.4654164793
 31
0.0
1001
REVIT
1002
{
1070
     1
1000
5333439
1002
}
1002
{
1070
     2
1000
-2000051
1002
}
1002
{
1070
     3
1000
-2000079
1002
}
  0
LINE
  5
2E12
330
1F
100
AcDbEntity
  8
General
 62
   210
370
    70
100
AcDbLine
 10
201826.446155205
 20
118856.3394796374
 30
0.0
 11
202011.3205710637
 21
116864.9024430694
 31
0.0
1001
REVIT
1002
{
1070
     1
1000
5333444
1002
}
1002
{
1070
     2
1000
-2000051
1002
}
1002
{
1070
     3
1000
-2000079
1002
}
  0
LINE
  5
2E13
330
1F
100
AcDbEntity
  8
General
 62
   210
370
    70
100
AcDbLine
 10
201641.5717411969
 20
120847.7765062301
 30
0.0
 11
201826.446155205
 21
118856.3394796365
 31
0.0
1001
REVIT
1002
{
1070
     1
1000
5333449
1002
}
1002
{
1070
     2
1000
-2000051
1002
}
1002
{
1070
     3
1000
-2000079
1002
}
  0
LINE
  5
2E14
330
1F
100
AcDbEntity
  8
General
 62
   210
370
    70
100
AcDbLine
 10
201459.1010645154
 20
122839.4704834087
 30
0.0
 11
201641.5717411969
 21
120847.7765062306
 31
0.0
1001
REVIT
1002
{
1070
     1
1000
5333454
1002
}
1002
{
1070
     2
1000
-2000051
1002
}
1002
{
1070
     3
1000
-2000079
1002
}
  0
LINE
  5
2E15
330
1F
100
AcDbEntity
  8
General
 62
   210
370
    70
100
AcDbLine
 10
201156.9227440144
 20
126094.4860535176
 30
0.0
 11
201459.1010645154
 21
122839.4704834087
 31
0.0
1001
REVIT
1002
{
1070
     1
1000
5333459
1002
}
1002
{
1070
     2
1000
-2000051
1002
}
1002
{
1070
     3
1000
-2000079
1002
}
  0
LINE
  5
2E16
330
1F
100
AcDbEntity
  8
General
 62
   210
370
    70
100
AcDbLine
 10
192663.7301169728
 20
127097.2593703632
 30
0.0
 11
197169.8232834131
 21
128443.4855430928
 31
0.0
1001
REVIT
1002
{
1070
     1
1000
5333772
1002
}
1002
{
1070
     2
1000
-2000051
1002
}
1002
{
1070
     3
1000
-2000079
1002
}
  0
LINE
  5
2E17
330
1F
100
AcDbEntity
  8
General
 62
   210
370
    70
100
AcDbLine
 10
188352.0393805235
 20
125809.1122540644
 30
0.0
 11
192663.7301169719
 21
127097.259370363
 31
0.0
1001
REVIT
1002
{
1070
     1
1000
5333777
1002
}
1002
{
1070
     2
1000
-2000051
1002
}
1002
{
1070
     3
1000
-2000079
1002
}
  0
LINE
  5
2E18
330
1F
100
AcDbEntity
  8
General
 62
   210
370
    70
100
AcDbLine
 10
186327.2543715049
 20
125209.5282965329
 30
0.0
 11
188244.9414728052
 21
125777.3981596011
 31
0.0
1001
REVIT
1002
{
1070
     1
1000
5333782
1002
}
1002
{
1070
     2
1000
-2000051
1002
}
1002
{
1070
     3
1000
-2000079
1002
}
  0
LINE
  5
2E19
330
1F
100
AcDbEntity
  8
General
 62
   210
370
    70
100
AcDbLine
 10
184409.567270205
 20
124641.6584334065
 30
0.0
 11
186327.2543715049
 21
125209.5282965334
 31
0.0
1001
REVIT
1002
{
1070
     1
1000
5333787
1002
}
1002
{
1070
     2
1000
-2000051
1002
}
1002
{
1070
     3
1000
-2000079
1002
}
  0
LINE
  5
2E1A
330
1F
100
AcDbEntity
  8
General
 62
   210
370
    70
100
AcDbLine
 10
182491.8801689042
 20
124073.7885703378
 30
0.0
 11
184409.567270205
 21
124641.6584334065
 31
0.0
1001
REVIT
1002
{
1070
     1
1000
5333792
1002
}
1002
{
1070
     2
1000
-2000051
1002
}
1002
{
1070
     3
1000
-2000079
1002
}
  0
LINE
  5
2E1B
330
1F
100
AcDbEntity
  8
General
 62
   210
370
    70
100
AcDbLine
 10
180574.1930676043
 20
123505.9187072116
 30
0.0
 11
182491.8801689042
 21
124073.7885703385
 31
0.0
1001
REVIT
1002
{
1070
     1
1000
5333797
1002
}
1002
{
1070
     2
1000
-2000051
1002
}
1002
{
1070
     3
1000
-2000079
1002
}
  0
LINE
  5
2E1C
330
1F
100
AcDbEntity
  8
General
 62
   210
370
    70
100
AcDbLine
 10
178656.5059663044
 20
122938.0488441434
 30
0.0
 11
180574.1930676038
 21
123505.9187072116
 31
0.0
1001
REVIT
1002
{
1070
     1
1000
5333837
1002
}
1002
{
1070
     2
1000
-2000051
1002
}
1002
{
1070
     3
1000
-2000079
1002
}
  0
LINE
  5
2E1D
330
1F
100
AcDbEntity
  8
General
 62
   210
370
    70
100
AcDbLine
 10
176738.8188650036
 20
122370.178981074
 30
0.0
 11
178656.5059663049
 21
122938.0488441432
 31
0.0
1001
REVIT
1002
{
1070
     1
1000
5333842
1002
}
1002
{
1070
     2
1000
-2000051
1002
}
1002
{
1070
     3
1000
-2000079
1002
}
  0
LINE
  5
2E1E
330
1F
100
AcDbEntity
  8
General
 62
   210
370
    70
100
AcDbLine
 10
174821.131762772
 20
121802.3091179471
 30
0.0
 11
176738.8188650032
 21
122370.1789810738
 31
0.0
1001
REVIT
1002
{
1070
     1
1000
5333847
1002
}
1002
{
1070
     2
1000
-2000051
1002
}
1002
{
1070
     3
1000
-2000079
1002
}
  0
LINE
  5
2E1F
330
1F
100
AcDbEntity
  8
General
 62
   210
370
    70
100
AcDbLine
 10
172903.4446614716
 20
121234.4392548794
 30
0.0
 11
174821.1317627724
 21
121802.309117948
 31
0.0
1001
REVIT
1002
{
1070
     1
1000
5333852
1002
}
1002
{
1070
     2
1000
-2000051
1002
}
1002
{
1070
     3
1000
-2000079
1002
}
  0
LINE
  5
2E20
330
1F
100
AcDbEntity
  8
General
 62
   210
370
    70
100
AcDbLine
 10
171509.9029249275
 20
120822.9137090578
 30
0.0
 11
172903.4446614716
 21
121234.4392548791
 31
0.0
1001
REVIT
1002
{
1070
     1
1000
5333857
1002
}
1002
{
1070
     2
1000
-2000051
1002
}
1002
{
1070
     3
1000
-2000079
1002
}
  0
LINE
  5
2E21
330
1F
100
AcDbEntity
  8
General
 62
   210
370
    70
100
AcDbLine
 10
168626.2022058252
 20
120130.7847346962
 30
0.0
 11
170805.725423324
 21
120636.1052683425
 31
0.0
1001
REVIT
1002
{
1070
     1
1000
5333862
1002
}
1002
{
1070
     2
1000
-2000051
1002
}
1002
{
1070
     3
1000
-2000079
1002
}
  0
LINE
  5
2E22
330
1F
100
AcDbEntity
  8
General
 62
   210
370
    70
100
AcDbLine
 10
170805.7254233245
 20
120636.1052683418
 30
0.0
 11
171509.9029249284
 21
120822.9137090576
 31
0.0
1001
REVIT
1002
{
1070
     1
1000
5333867
1002
}
1002
{
1070
     2
1000
-2000051
1002
}
1002
{
1070
     3
1000
-2000079
1002
}
  0
LINE
  5
2E23
330
1F
100
AcDbEntity
  8
General
 62
   210
370
    70
100
AcDbLine
 10
167038.8780363436
 20
119830.5807079469
 30
0.0
 11
168626.2022058252
 21
120130.784734696
 31
0.0
1001
REVIT
1002
{
1070
     1
1000
5333872
1002
}
1002
{
1070
     2
1000
-2000051
1002
}
1002
{
1070
     3
1000
-2000079
1002
}
  0
LINE
  5
2E24
330
1F
100
AcDbEntity
  8
General
 62
   210
370
    70
100
AcDbLine
 10
166425.1399111483
 20
119729.5428190423
 30
0.0
 11
167038.8780363436
 21
119830.5807079474
 31
0.0
1001
REVIT
1002
{
1070
     1
1000
5333877
1002
}
1002
{
1070
     2
1000
-2000051
1002
}
1002
{
1070
     3
1000
-2000079
1002
}
  0
LINE
  5
2E25
330
1F
100
AcDbEntity
  8
General
 62
   210
370
    70
100
AcDbLine
 10
164207.5056746939
 20
119433.2850034252
 30
0.0
 11
166425.1399111488
 21
119729.5428190421
 31
0.0
1001
REVIT
1002
{
1070
     1
1000
5333882
1002
}
1002
{
1070
     2
1000
-2000051
1002
}
1002
{
1070
     3
1000
-2000079
1002
}
  0
LINE
  5
2E26
330
1F
100
AcDbEntity
  8
General
 62
   210
370
    70
100
AcDbLine
 10
162475.0821801206
 20
119275.9554808867
 30
0.0
 11
164207.5056746939
 21
119433.2850034257
 31
0.0
1001
REVIT
1002
{
1070
     1
1000
5333887
1002
}
1002
{
1070
     2
1000
-2000051
1002
}
1002
{
1070
     3
1000
-2000079
1002
}
  0
LINE
  5
2E27
330
1F
100
AcDbEntity
  8
General
 62
   210
370
    70
100
AcDbLine
 10
162015.2731636806
 20
119244.1985998434
 30
0.0
 11
162475.0821801211
 21
119275.955480886
 31
0.0
1001
REVIT
1002
{
1070
     1
1000
5333894
1002
}
1002
{
1070
     2
1000
-2000051
1002
}
1002
{
1070
     3
1000
-2000079
1002
}
  0
LINE
  5
2E28
330
1F
100
AcDbEntity
  8
General
 62
   210
370
    70
100
AcDbLine
 10
160019.3096572674
 20
119106.5209003409
 30
0.0
 11
162015.2731636792
 21
119244.1985998434
 31
0.0
1001
REVIT
1002
{
1070
     1
1000
5333899
1002
}
1002
{
1070
     2
1000
-2000051
1002
}
1002
{
1070
     3
1000
-2000079
1002
}
  0
LINE
  5
2E29
330
1F
100
AcDbEntity
  8
General
 62
   210
370
    70
100
AcDbLine
 10
158023.3267243985
 20
118969.1251294104
 30
0.0
 11
160019.3096572679
 21
119106.5209003404
 31
0.0
1001
REVIT
1002
{
1070
     1
1000
5333904
1002
}
1002
{
1070
     2
1000
-2000051
1002
}
1002
{
1070
     3
1000
-2000079
1002
}
  0
LINE
  5
2E2A
330
1F
100
AcDbEntity
  8
General
 62
   210
370
    70
100
AcDbLine
 10
157255.2382150657
 20
118916.3283529457
 30
0.0
 11
158023.326724399
 21
118969.1251294106
 31
0.0
1001
REVIT
1002
{
1070
     1
1000
5333909
1002
}
1002
{
1070
     2
1000
-2000051
1002
}
1002
{
1070
     3
1000
-2000079
1002
}
  0
LINE
  5
2E2B
330
1F
100
AcDbEntity
  8
General
 62
   210
370
    70
100
AcDbLine
 10
156027.3244051189
 20
118832.011289789
 30
0.0
 11
157255.2382150657
 21
118916.3283529455
 31
0.0
1001
REVIT
1002
{
1070
     1
1000
5333914
1002
}
1002
{
1070
     2
1000
-2000051
1002
}
1002
{
1070
     3
1000
-2000079
1002
}
  0
LINE
  5
2E2C
330
1F
100
AcDbEntity
  8
General
 62
   210
370
    70
100
AcDbLine
 10
154031.3027385437
 20
118695.1793841539
 30
0.0
 11
156027.3244051194
 21
118832.0112897892
 31
0.0
1001
REVIT
1002
{
1070
     1
1000
5333919
1002
}
1002
{
1070
     2
1000
-2000051
1002
}
1002
{
1070
     3
1000
-2000079
1002
}
  0
LINE
  5
2E2D
330
1F
100
AcDbEntity
  8
General
 62
   210
370
    70
100
AcDbLine
 10
139740.988749493
 20
117717.5732366264
 30
0.0
 11
154031.3027385437
 21
118695.1793841539
 31
0.0
1001
REVIT
1002
{
1070
     1
1000
5333924
1002
}
1002
{
1070
     2
1000
-2000051
1002
}
1002
{
1070
     3
1000
-2000079
1002
}
  0
ARC
  5
2E2E
330
1F
100
AcDbEntity
  8
General
 62
   210
370
    70
100
AcDbCircle
 10
195445.5902743639
 20
141491.7536562643
 30
0.0
 40
2200.000000000306
100
AcDbArc
 50
286.6127046462474
 51
10.94306369772262
1001
REVIT
1002
{
1070
     1
1000
5333931
1002
}
1002
{
1070
     2
1000
-2000051
1002
}
1002
{
1070
     3
1000
-2000079
1002
}
  0
LINE
  5
2E2F
330
1F
100
AcDbEntity
  8
General
 62
   210
370
    70
100
AcDbLine
 10
196074.5721593836
 20
139383.5834097428
 30
0.0
 11
185285.5333950069
 21
136164.6261406314
 31
0.0
1001
REVIT
1002
{
1070
     1
1000
5333935
1002
}
1002
{
1070
     2
1000
-2000051
1002
}
1002
{
1070
     3
1000
-2000079
1002
}
  0
LINE
  5
2E30
330
1F
100
AcDbEntity
  8
General
 62
   210
370
    70
100
AcDbLine
 10
185285.5350670401
 20
136164.6204942047
 30
0.0
 11
183260.7571107826
 21
135565.0386437637
 31
0.0
1001
REVIT
1002
{
1070
     1
1000
5333940
1002
}
1002
{
1070
     2
1000
-2000051
1002
}
1002
{
1070
     3
1000
-2000079
1002
}
  0
LINE
  5
2E31
330
1F
100
AcDbEntity
  8
General
 62
   210
370
    70
100
AcDbLine
 10
183260.7571107839
 20
135565.038643764
 30
0.0
 11
181343.0700094841
 21
134997.1687806371
 31
0.0
1001
REVIT
1002
{
1070
     1
1000
5333945
1002
}
1002
{
1070
     2
1000
-2000051
1002
}
1002
{
1070
     3
1000
-2000079
1002
}
  0
LINE
  5
2E32
330
1F
100
AcDbEntity
  8
General
 62
   210
370
    70
100
AcDbLine
 10
181343.0700094836
 20
134997.1687806373
 30
0.0
 11
179425.3829081833
 21
134429.2989175686
 31
0.0
1001
REVIT
1002
{
1070
     1
1000
5333950
1002
}
1002
{
1070
     2
1000
-2000051
1002
}
1002
{
1070
     3
1000
-2000079
1002
}
  0
LINE
  5
2E33
330
1F
100
AcDbEntity
  8
General
 62
   210
370
    70
100
AcDbLine
 10
179425.3829081842
 20
134429.2989175686
 30
0.0
 11
177507.6958068829
 21
133861.4290544417
 31
0.0
1001
REVIT
1002
{
1070
     1
1000
5333955
1002
}
1002
{
1070
     2
1000
-2000051
1002
}
1002
{
1070
     3
1000
-2000079
1002
}
  0
LINE
  5
2E34
330
1F
100
AcDbEntity
  8
General
 62
   210
370
    70
100
AcDbLine
 10
177507.6958068834
 20
133861.4290544424
 30
0.0
 11
175590.0087055831
 21
133293.5591913738
 31
0.0
1001
REVIT
1002
{
1070
     1
1000
5333960
1002
}
1002
{
1070
     2
1000
-2000051
1002
}
1002
{
1070
     3
1000
-2000079
1002
}
  0
LINE
  5
2E35
330
1F
100
AcDbEntity
  8
General
 62
   210
370
    70
100
AcDbLine
 10
175590.0087055831
 20
133293.5591913738
 30
0.0
 11
173672.3216042827
 21
132725.6893283048
 31
0.0
1001
REVIT
1002
{
1070
     1
1000
5333965
1002
}
1002
{
1070
     2
1000
-2000051
1002
}
1002
{
1070
     3
1000
-2000079
1002
}
  0
LINE
  5
2E36
330
1F
100
AcDbEntity
  8
General
 62
   210
370
    70
100
AcDbLine
 10
173672.3216042827
 20
132725.6893283048
 30
0.0
 11
171754.6345020501
 21
132157.8194651777
 31
0.0
1001
REVIT
1002
{
1070
     1
1000
5333970
1002
}
1002
{
1070
     2
1000
-2000051
1002
}
1002
{
1070
     3
1000
-2000079
1002
}
  0
LINE
  5
2E37
330
1F
100
AcDbEntity
  8
General
 62
   210
370
    70
100
AcDbLine
 10
171754.634502052
 20
132157.8194651784
 30
0.0
 11
169836.9474007507
 21
131589.9496021095
 31
0.0
1001
REVIT
1002
{
1070
     1
1000
5333975
1002
}
1002
{
1070
     2
1000
-2000051
1002
}
1002
{
1070
     3
1000
-2000079
1002
}
  0
LINE
  5
2E38
330
1F
100
AcDbEntity
  8
General
 62
   210
370
    70
100
AcDbLine
 10
169836.9474007507
 20
131589.9496021099
 30
0.0
 11
168659.9484734839
 21
131240.0994915141
 31
0.0
1001
REVIT
1002
{
1070
     1
1000
5333980
1002
}
1002
{
1070
     2
1000
-2000051
1002
}
1002
{
1070
     3
1000
-2000079
1002
}
  0
LINE
  5
2E39
330
1F
100
AcDbEntity
  8
General
 62
   210
370
    70
100
AcDbLine
 10
168117.2483122606
 20
131096.1287301826
 30
0.0
 11
166437.5189818913
 21
130706.6849681608
 31
0.0
1001
REVIT
1002
{
1070
     1
1000
5333985
1002
}
1002
{
1070
     2
1000
-2000051
1002
}
1002
{
1070
     3
1000
-2000079
1002
}
  0
LINE
  5
2E3A
330
1F
100
AcDbEntity
  8
General
 62
   210
370
    70
100
AcDbLine
 10
168659.9484734839
 20
131240.0994915134
 30
0.0
 11
168117.2483122606
 21
131096.1287301826
 31
0.0
1001
REVIT
1002
{
1070
     1
1000
5333990
1002
}
1002
{
1070
     2
1000
-2000051
1002
}
1002
{
1070
     3
1000
-2000079
1002
}
  0
LINE
  5
2E3B
330
1F
100
AcDbEntity
  8
General
 62
   210
370
    70
100
AcDbLine
 10
166437.5189818913
 20
130706.684968161
 30
0.0
 11
165214.1895207107
 21
130475.3217486612
 31
0.0
1001
REVIT
1002
{
1070
     1
1000
5333995
1002
}
1002
{
1070
     2
1000
-2000051
1002
}
1002
{
1070
     3
1000
-2000079
1002
}
  0
LINE
  5
2E3C
330
1F
100
AcDbEntity
  8
General
 62
   210
370
    70
100
AcDbLine
 10
164741.1897747252
 20
130397.4532020093
 30
0.0
 11
163032.0887934767
 21
130169.1312745254
 31
0.0
1001
REVIT
1002
{
1070
     1
1000
5334000
1002
}
1002
{
1070
     2
1000
-2000051
1002
}
1002
{
1070
     3
1000
-2000079
1002
}
  0
LINE
  5
2E3D
330
1F
100
AcDbEntity
  8
General
 62
   210
370
    70
100
AcDbLine
 10
165214.1895207107
 20
130475.3217486605
 30
0.0
 11
164741.1897747248
 21
130397.4532020091
 31
0.0
1001
REVIT
1002
{
1070
     1
1000
5334005
1002
}
1002
{
1070
     2
1000
-2000051
1002
}
1002
{
1070
     3
1000
-2000079
1002
}
  0
LINE
  5
2E3E
330
1F
100
AcDbEntity
  8
General
 62
   210
370
    70
100
AcDbLine
 10
163032.0887934762
 20
130169.131274525
 30
0.0
 11
161730.7735156404
 21
130050.2770193406
 31
0.0
1001
REVIT
1002
{
1070
     1
1000
5334010
1002
}
1002
{
1070
     2
1000
-2000051
1002
}
1002
{
1070
     3
1000
-2000079
1002
}
  0
LINE
  5
2E3F
330
1F
100
AcDbEntity
  8
General
 62
   210
370
    70
100
AcDbLine
 10
161271.3150909391
 20
130018.5443521038
 30
0.0
 11
154344.2534698691
 21
129540.7290482492
 31
0.0
1001
REVIT
1002
{
1070
     1
1000
5334034
1002
}
1002
{
1070
     2
1000
-2000051
1002
}
1002
{
1070
     3
1000
-2000079
1002
}
  0
LINE
  5
2E40
330
1F
100
AcDbEntity
  8
General
 62
   210
370
    70
100
AcDbLine
 10
161730.7735156404
 20
130050.2770193406
 30
0.0
 11
161271.3150909395
 21
130018.5443521038
 31
0.0
1001
REVIT
1002
{
1070
     1
1000
5334039
1002
}
1002
{
1070
     2
1000
-2000051
1002
}
1002
{
1070
     3
1000
-2000079
1002
}
  0
LINE
  5
2E41
330
1F
100
AcDbEntity
  8
General
 62
   210
370
    70
100
AcDbLine
 10
154344.2534698691
 20
129540.7290482492
 30
0.0
 11
152821.9284041315
 21
126652.2747004741
 31
0.0
1001
REVIT
1002
{
1070
     1
1000
5336176
1002
}
1002
{
1070
     2
1000
-2000051
1002
}
1002
{
1070
     3
1000
-2000079
1002
}
  0
LINE
  5
2E42
330
1F
100
AcDbEntity
  8
General
 62
   210
370
    70
100
AcDbLine
 10
152821.9284041315
 20
126652.2747004741
 30
0.0
 11
143276.2282858208
 21
125992.5982193494
 31
0.0
1001
REVIT
1002
{
1070
     1
1000
5336285
1002
}
1002
{
1070
     2
1000
-2000051
1002
}
1002
{
1070
     3
1000
-2000079
1002
}
  0
LINE
  5
2E43
330
1F
100
AcDbEntity
  8
General
 62
   210
370
    70
100
AcDbLine
 10
73623.82307564852
 20
175132.5427079875
 30
0.0
 11
73708.80533823012
 21
175883.140719785
 31
0.0
1001
REVIT
1002
{
1070
     1
1000
5345536
1002
}
1002
{
1070
     2
1000
-2000051
1002
}
1002
{
1070
     3
1000
-2000079
1002
}
  0
LINE
  5
2E44
330
1F
100
AcDbEntity
  8
General
 62
   210
370
    70
100
AcDbLine
 10
75551.73096187984
 20
185298.4702757303
 30
0.0
 11
58986.76567454836
 21
192097.0131203037
 31
0.0
1001
REVIT
1002
{
1070
     1
1000
5355680
1002
}
1002
{
1070
     2
1000
-2000051
1002
}
1002
{
1070
     3
1000
-2000079
1002
}
  0
LINE
  5
2E45
330
1F
100
AcDbEntity
  8
General
 62
   210
370
    70
100
AcDbLine
 10
55953.69153904602
 20
200881.5186365316
 30
0.0
 11
45258.31126076136
 21
217066.1816679455
 31
0.0
1001
REVIT
1002
{
1070
     1
1000
5607067
1002
}
1002
{
1070
     2
1000
-2000051
1002
}
1002
{
1070
     3
1000
-2000079
1002
}
  0
LINE
  5
2E46
330
1F
100
AcDbEntity
  8
General
 62
   210
370
    70
100
AcDbLine
 10
207372.3923986378
 20
59116.31476512865
 30
0.0
 11
207498.0283852975
 21
57756.34668351232
 31
0.0
1001
REVIT
1002
{
1070
     1
1000
5687765
1002
}
1002
{
1070
     2
1000
-2000051
1002
}
1002
{
1070
     3
1000
-2000079
1002
}
  0
LINE
  5
2E47
330
1F
100
AcDbEntity
  8
General
 62
   210
370
    70
100
AcDbLine
 10
119349.4439409171
 20
61773.72963062429
 30
0.0
 11
117743.2369829762
 21
59626.06595213093
 31
0.0
1001
REVIT
1002
{
1070
     1
1000
5959349
1002
}
1002
{
1070
     2
1000
-2000051
1002
}
1002
{
1070
     3
1000
-2000079
1002
}
  0
LINE
  5
2E48
330
1F
100
AcDbEntity
  8
General
 62
   210
370
    70
100
AcDbLine
 10
208953.0899834811
 20
40939.63062088412
 30
0.0
 11
211924.5538887667
 21
9068.198011519731
 31
0.0
1001
REVIT
1002
{
1070
     1
1000
5961578
1002
}
1002
{
1070
     2
1000
-2000051
1002
}
1002
{
1070
     3
1000
-2000079
1002
}
  0
LINE
  5
2E49
330
1F
100
AcDbEntity
  8
General
 62
   210
370
    70
100
AcDbLine
 10
165041.7748907671
 20
90917.70675663662
 30
0.0
 11
204083.0018048395
 21
94557.63088603143
 31
0.0
1001
REVIT
1002
{
1070
     1
1000
5974388
1002
}
1002
{
1070
     2
1000
-2000051
1002
}
1002
{
1070
     3
1000
-2000079
1002
}
  0
LINE
  5
2E4A
330
1F
100
AcDbEntity
  8
General
 62
   210
370
    70
100
AcDbLine
 10
117743.2369829762
 20
59626.06595213093
 30
0.0
 11
116044.4538363788
 21
60929.48820026253
 31
0.0
1001
REVIT
1002
{
1070
     1
1000
6008193
1002
}
1002
{
1070
     2
1000
-2000051
1002
}
1002
{
1070
     3
1000
-2000079
1002
}
  0
LINE
  5
2E4B
330
1F
100
AcDbEntity
  8
General
 62
   210
370
    70
100
AcDbLine
 10
116044.4538363788
 20
60929.48820026206
 30
0.0
 11
102356.3363629222
 21
42938.39291056698
 31
0.0
1001
REVIT
1002
{
1070
     1
1000
6008194
1002
}
1002
{
1070
     2
1000
-2000051
1002
}
1002
{
1070
     3
1000
-2000079
1002
}
  0
LINE
  5
2E4C
330
1F
100
AcDbEntity
  8
General
 62
   210
370
    70
100
AcDbLine
 10
207317.254943547
 20
163126.8361606855
 30
0.0
 11
204395.3619105459
 21
165189.1446712193
 31
0.0
1001
REVIT
1002
{
1070
     1
1000
6202926
1002
}
1002
{
1070
     2
1000
-2000051
1002
}
1002
{
1070
     3
1000
-2000079
1002
}
  0
LINE
  5
2E4D
330
1F
100
AcDbEntity
  8
General
 62
   210
370
    70
100
AcDbLine
 10
204395.3619105459
 20
165189.1446712193
 30
0.0
 11
203383.8709627601
 21
169393.5230035583
 31
0.0
1001
REVIT
1002
{
1070
     1
1000
6202931
1002
}
1002
{
1070
     2
1000
-2000051
1002
}
1002
{
1070
     3
1000
-2000079
1002
}
  0
LINE
  5
2E4E
330
1F
100
AcDbEntity
  8
General
 62
   210
370
    70
100
AcDbLine
 10
241445.4585405659
 20
153079.3897453161
 30
0.0
 11
242060.2199274233
 21
152738.7759775346
 31
0.0
1001
REVIT
1002
{
1070
     1
1000
6205476
1002
}
1002
{
1070
     2
1000
-2000051
1002
}
1002
{
1070
     3
1000
-2000079
1002
}
  0
LINE
  5
2E4F
330
1F
100
AcDbEntity
  8
General
 62
   210
370
    70
100
AcDbLine
 10
246417.1140777871
 20
151936.5497138429
 30
0.0
 11
250634.1471817178
 21
152322.5202547185
 31
0.0
1001
REVIT
1002
{
1070
     1
1000
6205486
1002
}
1002
{
1070
     2
1000
-2000051
1002
}
1002
{
1070
     3
1000
-2000079
1002
}
  0
LINE
  5
2E50
330
1F
100
AcDbEntity
  8
General
 62
   210
370
    70
100
AcDbLine
 10
250634.1471817178
 20
152322.5202547185
 30
0.0
 11
254165.4065703495
 21
153973.443795692
 31
0.0
1001
REVIT
1002
{
1070
     1
1000
6205491
1002
}
1002
{
1070
     2
1000
-2000051
1002
}
1002
{
1070
     3
1000
-2000079
1002
}
  0
LINE
  5
2E51
330
1F
100
AcDbEntity
  8
General
 62
   210
370
    70
100
AcDbLine
 10
254165.4065703486
 20
153973.4437956914
 30
0.0
 11
255666.0880707052
 21
155748.0991291454
 31
0.0
1001
REVIT
1002
{
1070
     1
1000
6205496
1002
}
1002
{
1070
     2
1000
-2000051
1002
}
1002
{
1070
     3
1000
-2000079
1002
}
  0
LINE
  5
2E52
330
1F
100
AcDbEntity
  8
General
 62
   210
370
    70
100
AcDbLine
 10
255666.0880707052
 20
155748.0991291458
 30
0.0
 11
258248.736457891
 21
158311.0401133593
 31
0.0
1001
REVIT
1002
{
1070
     1
1000
6205501
1002
}
1002
{
1070
     2
1000
-2000051
1002
}
1002
{
1070
     3
1000
-2000079
1002
}
  0
LINE
  5
2E53
330
1F
100
AcDbEntity
  8
General
 62
   210
370
    70
100
AcDbLine
 10
258248.736457891
 20
158311.0401133591
 30
0.0
 11
260830.4825210815
 21
159781.598986399
 31
0.0
1001
REVIT
1002
{
1070
     1
1000
6205506
1002
}
1002
{
1070
     2
1000
-2000051
1002
}
1002
{
1070
     3
1000
-2000079
1002
}
  0
LINE
  5
2E54
330
1F
100
AcDbEntity
  8
General
 62
   210
370
    70
100
AcDbLine
 10
253528.7886755785
 20
181062.1221518955
 30
0.0
 11
263652.5901438064
 21
151556.6681810768
 31
0.0
1001
REVIT
1002
{
1070
     1
1000
6205511
1002
}
1002
{
1070
     2
1000
-2000051
1002
}
1002
{
1070
     3
1000
-2000079
1002
}
  0
LINE
  5
2E55
330
1F
100
AcDbEntity
  8
General
 62
   210
370
    70
100
AcDbLine
 10
242060.2199274228
 20
152738.7759775346
 30
0.0
 11
246417.1140777866
 21
151936.5497138427
 31
0.0
1001
REVIT
1002
{
1070
     1
1000
6206242
1002
}
1002
{
1070
     2
1000
-2000051
1002
}
1002
{
1070
     3
1000
-2000079
1002
}
  0
LINE
  5
2E56
330
1F
100
AcDbEntity
  8
General
 62
   210
370
    70
100
AcDbLine
 10
228232.0969421953
 20
177154.1145485576
 30
0.0
 11
228457.4660278928
 21
172573.7561762835
 31
0.0
1001
REVIT
1002
{
1070
     1
1000
6320355
1002
}
1002
{
1070
     2
1000
-2000051
1002
}
1002
{
1070
     3
1000
-2000079
1002
}
  0
LINE
  5
2E57
330
1F
100
AcDbEntity
  8
General
 62
   210
370
    70
100
AcDbLine
 10
77380.99133158534
 20
133176.7985071913
 30
0.0
 11
80642.50648848538
 21
135195.8857985841
 31
0.0
1001
REVIT
1002
{
1070
     1
1000
6354667
1002
}
1002
{
1070
     2
1000
-2000051
1002
}
1002
{
1070
     3
1000
-2000079
1002
}
  0
LINE
  5
2E58
330
1F
100
AcDbEntity
  8
General
 62
   210
370
    70
100
AcDbLine
 10
80642.50648848538
 20
135195.8857985841
 30
0.0
 11
82216.74984417264
 21
135783.8240629962
 31
0.0
1001
REVIT
1002
{
1070
     1
1000
6354725
1002
}
1002
{
1070
     2
1000
-2000051
1002
}
1002
{
1070
     3
1000
-2000079
1002
}
  0
LINE
  5
2E59
330
1F
100
AcDbEntity
  8
General
 62
   210
370
    70
100
AcDbLine
 10
119349.4439409171
 20
61773.72963062429
 30
0.0
 11
118470.2898209441
 21
62431.236426846
 31
0.0
1001
REVIT
1002
{
1070
     1
1000
6370511
1002
}
1002
{
1070
     2
1000
-2000051
1002
}
1002
{
1070
     3
1000
-2000079
1002
}
  0
LINE
  5
2E5A
330
1F
100
AcDbEntity
  8
General
 62
   210
370
    70
100
AcDbLine
 10
228457.4660278928
 20
172573.7561762835
 30
0.0
 11
229363.4502075502
 21
169379.2076489759
 31
0.0
1001
REVIT
1002
{
1070
     1
1000
6374758
1002
}
1002
{
1070
     2
1000
-2000051
1002
}
1002
{
1070
     3
1000
-2000079
1002
}
  0
LINE
  5
2E5B
330
1F
100
AcDbEntity
  8
General
 62
   210
370
    70
100
AcDbLine
 10
217888.4856164452
 20
166124.8709899284
 30
0.0
 11
207317.254943547
 21
163126.8361606857
 31
0.0
1001
REVIT
1002
{
1070
     1
1000
6419005
1002
}
1002
{
1070
     2
1000
-2000051
1002
}
1002
{
1070
     3
1000
-2000079
1002
}
  0
LINE
  5
2E5C
330
1F
100
AcDbEntity
  8
General
 62
   210
370
    70
100
AcDbLine
 10
221421.0668580752
 20
167128.9384313031
 30
0.0
 11
217888.4856164462
 21
166124.8709899284
 31
0.0
1001
REVIT
1002
{
1070
     1
1000
6419006
1002
}
1002
{
1070
     2
1000
-2000051
1002
}
1002
{
1070
     3
1000
-2000079
1002
}
  0
LINE
  5
2E5D
330
1F
100
AcDbEntity
  8
General
 62
   210
370
    70
100
AcDbLine
 10
225729.0196091487
 20
168348.4715070553
 30
0.0
 11
221421.0668580748
 21
167128.9384313031
 31
0.0
1001
REVIT
1002
{
1070
     1
1000
6419007
1002
}
1002
{
1070
     2
1000
-2000051
1002
}
1002
{
1070
     3
1000
-2000079
1002
}
  0
LINE
  5
2E5E
330
1F
100
AcDbEntity
  8
General
 62
   210
370
    70
100
AcDbLine
 10
229363.4502075502
 20
169379.2076489759
 30
0.0
 11
225729.0196091492
 21
168348.4715070551
 31
0.0
1001
REVIT
1002
{
1070
     1
1000
6419008
1002
}
1002
{
1070
     2
1000
-2000051
1002
}
1002
{
1070
     3
1000
-2000079
1002
}
  0
LINE
  5
2E5F
330
1F
100
AcDbEntity
  8
General
 62
   210
370
    70
100
AcDbLine
 10
165707.3228346921
 20
83748.5328842901
 30
0.0
 11
168191.6426799419
 21
56987.84481108456
 31
0.0
1001
REVIT
1002
{
1070
     1
1000
6599616
1002
}
1002
{
1070
     2
1000
-2000051
1002
}
1002
{
1070
     3
1000
-2000079
1002
}
  0
LINE
  5
2E60
330
1F
100
AcDbEntity
  8
General
 62
   210
370
    70
100
AcDbLine
 10
190658.0124791205
 20
39631.25512894557
 30
0.0
 11
188186.211969393
 21
32645.80510107369
 31
0.0
1001
REVIT
1002
{
1070
     1
1000
6605452
1002
}
1002
{
1070
     2
1000
-2000051
1002
}
1002
{
1070
     3
1000
-2000079
1002
}
  0
LINE
  5
2E61
330
1F
100
AcDbEntity
  8
General
 62
   210
370
    70
100
AcDbLine
 10
231240.7788951696
 20
177302.1518517082
 30
0.0
 11
228232.0969421953
 21
177154.1145485576
 31
0.0
1001
REVIT
1002
{
1070
     1
1000
6612233
1002
}
1002
{
1070
     2
1000
-2000051
1002
}
1002
{
1070
     3
1000
-2000079
1002
}
  0
LINE
  5
2E62
330
1F
100
AcDbEntity
  8
General
 62
   210
370
    70
100
AcDbLine
 10
189528.6614551974
 20
29580.75613367871
 30
0.0
 11
189278.9480896118
 21
32259.14057864842
 31
0.0
1001
REVIT
1002
{
1070
     1
1000
6629371
1002
}
1002
{
1070
     2
1000
-2000051
1002
}
1002
{
1070
     3
1000
-2000079
1002
}
  0
LINE
  5
2E63
330
1F
100
AcDbEntity
  8
General
 62
   210
370
    70
100
AcDbLine
 10
187002.468489776
 20
29345.23201065824
 30
0.0
 11
185553.1812659298
 21
10315.2679870146
 31
0.0
1001
REVIT
1002
{
1070
     1
1000
6630743
1002
}
1002
{
1070
     2
1000
-2000051
1002
}
1002
{
1070
     3
1000
-2000079
1002
}
  0
LINE
  5
2E64
330
1F
100
AcDbEntity
  8
General
 62
   210
370
    70
100
AcDbLine
 10
189528.6614551974
 20
29580.75613367871
 30
0.0
 11
187002.468489776
 21
29345.23201065824
 31
0.0
1001
REVIT
1002
{
1070
     1
1000
6630826
1002
}
1002
{
1070
     2
1000
-2000051
1002
}
1002
{
1070
     3
1000
-2000079
1002
}
  0
LINE
  5
2E65
330
1F
100
AcDbEntity
  8
General
 62
   210
370
    70
100
AcDbLine
 10
186099.4452055745
 20
215189.5119248439
 30
0.0
 11
181820.1847567941
 21
210910.2514760633
 31
0.0
1001
REVIT
1002
{
1070
     1
1000
6631951
1002
}
1002
{
1070
     2
1000
-2000051
1002
}
1002
{
1070
     3
1000
-2000079
1002
}
  0
LINE
  5
2E66
330
1F
100
AcDbEntity
  8
General
 62
   210
370
    70
100
AcDbLine
 10
236597.4697646044
 20
193821.8765680211
 30
0.0
 11
212342.1805967373
 21
185408.1493271609
 31
0.0
1001
REVIT
1002
{
1070
     1
1000
6632329
1002
}
1002
{
1070
     2
1000
-2000051
1002
}
1002
{
1070
     3
1000
-2000079
1002
}
  0
LINE
  5
2E67
330
1F
100
AcDbEntity
  8
General
 62
   210
370
    70
100
AcDbLine
 10
207203.2537479723
 20
182923.5810552941
 30
0.0
 11
207040.7249223493
 21
183569.1689004543
 31
0.0
1001
REVIT
1002
{
1070
     1
1000
6632381
1002
}
1002
{
1070
     2
1000
-2000051
1002
}
1002
{
1070
     3
1000
-2000079
1002
}
  0
LINE
  5
2E68
330
1F
100
AcDbEntity
  8
General
 62
   210
370
    70
100
AcDbLine
 10
207040.7249223493
 20
183569.1689004543
 30
0.0
 11
199783.0360931602
 21
181051.6060800227
 31
0.0
1001
REVIT
1002
{
1070
     1
1000
6632445
1002
}
1002
{
1070
     2
1000
-2000051
1002
}
1002
{
1070
     3
1000
-2000079
1002
}
  0
LINE
  5
2E69
330
1F
100
AcDbEntity
  8
General
 62
   210
370
    70
100
AcDbLine
 10
212624.1067103321
 20
184288.2983009099
 30
0.0
 11
212342.1805967373
 21
185408.1493271609
 31
0.0
1001
REVIT
1002
{
1070
     1
1000
6632488
1002
}
1002
{
1070
     2
1000
-2000051
1002
}
1002
{
1070
     3
1000
-2000079
1002
}
  0
LINE
  5
2E6A
330
1F
100
AcDbEntity
  8
General
 62
   210
370
    70
100
AcDbLine
 10
189278.9480896118
 20
32259.14057864842
 30
0.0
 11
188186.2119693934
 21
32645.80510107323
 31
0.0
1001
REVIT
1002
{
1070
     1
1000
6725408
1002
}
1002
{
1070
     2
1000
-2000051
1002
}
1002
{
1070
     3
1000
-2000079
1002
}
  0
LINE
  5
2E6B
330
1F
100
AcDbEntity
  8
General
 62
   210
370
    70
100
AcDbLine
 10
147556.0962429127
 20
99684.78713273619
 30
0.0
 11
117094.7900908307
 21
96844.7633979629
 31
0.0
1001
REVIT
1002
{
1070
     1
1000
6759525
1002
}
1002
{
1070
     2
1000
-2000051
1002
}
1002
{
1070
     3
1000
-2000079
1002
}
  0
LINE
  5
2E6C
330
1F
100
AcDbEntity
  8
General
 62
   210
370
    70
100
AcDbLine
 10
125990.6623022795
 20
155920.8051343813
 30
0.0
 11
110855.9448564887
 21
147179.4810118169
 31
0.0
1001
REVIT
1002
{
1070
     1
1000
6761138
1002
}
1002
{
1070
     2
1000
-2000051
1002
}
1002
{
1070
     3
1000
-2000079
1002
}
  0
LINE
  5
2E6D
330
1F
100
AcDbEntity
  8
General
 62
   210
370
    70
100
AcDbLine
 10
102357.330965263
 20
120542.8035409417
 30
0.0
 11
129166.2036024743
 21
136026.7427635778
 31
0.0
1001
REVIT
1002
{
1070
     1
1000
6761208
1002
}
1002
{
1070
     2
1000
-2000051
1002
}
1002
{
1070
     3
1000
-2000079
1002
}
  0
LINE
  5
2E6E
330
1F
100
AcDbEntity
  8
General
 62
   210
370
    70
100
AcDbLine
 10
111150.4712659937
 20
106451.4389580701
 30
0.0
 11
137468.6190015973
 21
121651.9513222057
 31
0.0
1001
REVIT
1002
{
1070
     1
1000
6761212
1002
}
1002
{
1070
     2
1000
-2000051
1002
}
1002
{
1070
     3
1000
-2000079
1002
}
  0
LINE
  5
2E6F
330
1F
100
AcDbEntity
  8
General
 62
   210
370
    70
100
AcDbLine
 10
110855.9448564887
 20
147179.4810118169
 30
0.0
 11
91110.8295750745
 21
142561.0151126998
 31
0.0
1001
REVIT
1002
{
1070
     1
1000
6761286
1002
}
1002
{
1070
     2
1000
-2000051
1002
}
1002
{
1070
     3
1000
-2000079
1002
}
  0
LINE
  5
2E70
330
1F
100
AcDbEntity
  8
General
 62
   210
370
    70
100
AcDbLine
 10
134488.8618531615
 20
50728.632894175
 30
0.0
 11
134897.3680452808
 21
50584.08303555601
 31
0.0
1001
REVIT
1002
{
1070
     1
1000
6765528
1002
}
1002
{
1070
     2
1000
-2000051
1002
}
1002
{
1070
     3
1000
-2000079
1002
}
  0
LINE
  5
2E71
330
1F
100
AcDbEntity
  8
General
 62
   210
370
    70
100
AcDbLine
 10
134897.3680452808
 20
50584.08303555601
 30
0.0
 11
133953.3316787147
 21
47916.1821118713
 31
0.0
1001
REVIT
1002
{
1070
     1
1000
6765585
1002
}
1002
{
1070
     2
1000
-2000051
1002
}
1002
{
1070
     3
1000
-2000079
1002
}
  0
LINE
  5
2E72
330
1F
100
AcDbEntity
  8
General
 62
   210
370
    70
100
AcDbLine
 10
132713.5618765686
 20
48354.87448196799
 30
0.0
 11
121727.9757884062
 21
33666.01753743446
 31
0.0
1001
REVIT
1002
{
1070
     1
1000
6765686
1002
}
1002
{
1070
     2
1000
-2000051
1002
}
1002
{
1070
     3
1000
-2000079
1002
}
  0
LINE
  5
2E73
330
1F
100
AcDbEntity
  8
General
 62
   210
370
    70
100
AcDbLine
 10
133953.3316787152
 20
47916.18211187084
 30
0.0
 11
132713.5618765686
 21
48354.87448196799
 31
0.0
1001
REVIT
1002
{
1070
     1
1000
6765911
1002
}
1002
{
1070
     2
1000
-2000051
1002
}
1002
{
1070
     3
1000
-2000079
1002
}
  0
LINE
  5
2E74
330
1F
100
AcDbEntity
  8
General
 62
   210
370
    70
100
AcDbLine
 10
77210.59736401414
 20
133633.0395575442
 30
0.0
 11
77380.99133158534
 21
133176.7985071909
 31
0.0
1001
REVIT
1002
{
1070
     1
1000
6766384
1002
}
1002
{
1070
     2
1000
-2000051
1002
}
1002
{
1070
     3
1000
-2000079
1002
}
  0
MTEXT
  5
2F8B
330
1F
100
AcDbEntity
  8
A-AREA-____-IDEN
 62
     5
100
AcDbMText
 10
221535.2039251023
 20
180779.6184324777
 30
0.0
 40
1999.999999999997
 41
5130.799999999993
 46
0.0
 71
     1
 72
     1
  1
C´1
  7
Calibri_2
 73
     2
 44
1.0
1001
REVIT
1002
{
1070
     1
1000
6778399
1002
}
1002
{
1070
     5
1000
6328837
1002
}
1002
{
1070
     2
1000
-2005020
1002
}
  0
MTEXT
  5
2F8C
330
1F
100
AcDbEntity
  8
A-AREA-____-IDEN
 62
     5
100
AcDbMText
 10
219005.2039251022
 20
184305.3305173025
 30
0.0
 40
1999.999999999997
 41
11263.70937499998
 46
0.0
 71
     1
 72
     1
  1
SITIO 1
  7
Calibri_B
 73
     2
 44
1.0
1001
REVIT
1002
{
1070
     1
1000
6778399
1002
}
1002
{
1070
     5
1000
6328837
1002
}
1002
{
1070
     2
1000
-2005020
1002
}
  0
MTEXT
  5
2F8D
330
1F
100
AcDbEntity
  8
A-AREA-____-IDEN
 62
     5
100
AcDbMText
 10
218621.2295369764
 20
194493.5328548163
 30
0.0
 40
1999.999999999997
 41
5331.221874999993
 46
0.0
 71
     1
 72
     1
  1
A´1
  7
Calibri_2
 73
     2
 44
1.0
1001
REVIT
1002
{
1070
     1
1000
6778400
1002
}
1002
{
1070
     5
1000
6328837
1002
}
1002
{
1070
     2
1000
-2005020
1002
}
  0
MTEXT
  5
2F8E
330
1F
100
AcDbEntity
  8
A-AREA-____-IDEN
 62
     5
100
AcDbMText
 10
216173.7295369764
 20
198019.2449396414
 30
0.0
 40
1999.999999999997
 41
11263.70937499998
 46
0.0
 71
     1
 72
     1
  1
SITIO 2
  7
Calibri_B
 73
     2
 44
1.0
1001
REVIT
1002
{
1070
     1
1000
6778400
1002
}
1002
{
1070
     5
1000
6328837
1002
}
1002
{
1070
     2
1000
-2005020
1002
}
  0
MTEXT
  5
2F8F
330
1F
100
AcDbEntity
  8
A-AREA-____-IDEN
 62
     5
100
AcDbMText
 10
201213.6894810346
 20
219554.2226202086
 30
0.0
 40
1999.999999999997
 41
5130.799999999993
 46
0.0
 71
     1
 72
     1
  1
C´2
  7
Calibri_2
 73
     2
 44
1.0
1001
REVIT
1002
{
1070
     1
1000
6778401
1002
}
1002
{
1070
     5
1000
6328837
1002
}
1002
{
1070
     2
1000
-2005020
1002
}
  0
MTEXT
  5
2F90
330
1F
100
AcDbEntity
  8
A-AREA-____-IDEN
 62
     5
100
AcDbMText
 10
198683.6894810346
 20
223079.9347050337
 30
0.0
 40
1999.999999999997
 41
11263.70937499998
 46
0.0
 71
     1
 72
     1
  1
SITIO 3
  7
Calibri_B
 73
     2
 44
1.0
1001
REVIT
1002
{
1070
     1
1000
6778401
1002
}
1002
{
1070
     5
1000
6328837
1002
}
1002
{
1070
     2
1000
-2005020
1002
}
  0
MTEXT
  5
2F91
330
1F
100
AcDbEntity
  8
A-AREA-____-IDEN
 62
     5
100
AcDbMText
 10
185642.0017030679
 20
232907.7206218267
 30
0.0
 40
1999.999999999997
 41
4048.521874999994
 46
0.0
 71
     1
 72
     1
  1
B1
  7
Calibri_2
 73
     2
 44
1.0
1001
REVIT
1002
{
1070
     1
1000
6778402
1002
}
1002
{
1070
     5
1000
6328837
1002
}
1002
{
1070
     2
1000
-2005020
1002
}
  0
MTEXT
  5
2F92
330
1F
100
AcDbEntity
  8
A-AREA-____-IDEN
 62
     5
100
AcDbMText
 10
182667.0017030684
 20
236433.4327066516
 30
0.0
 40
1999.999999999997
 41
11263.70937499998
 46
0.0
 71
     1
 72
     1
  1
SITIO 4
  7
Calibri_B
 73
     2
 44
1.0
1001
REVIT
1002
{
1070
     1
1000
6778402
1002
}
1002
{
1070
     5
1000
6328837
1002
}
1002
{
1070
     2
1000
-2005020
1002
}
  0
MTEXT
  5
2F93
330
1F
100
AcDbEntity
  8
A-AREA-____-IDEN
 62
     5
100
AcDbMText
 10
172292.4614729753
 20
244765.4861295927
 30
0.0
 40
1999.999999999997
 41
4008.437499999994
 46
0.0
 71
     1
 72
     1
  1
C3
  7
Calibri_2
 73
     2
 44
1.0
1001
REVIT
1002
{
1070
     1
1000
6778403
1002
}
1002
{
1070
     5
1000
6328837
1002
}
1002
{
1070
     2
1000
-2005020
1002
}
  0
MTEXT
  5
2F94
330
1F
100
AcDbEntity
  8
A-AREA-____-IDEN
 62
     5
100
AcDbMText
 10
169299.9614729753
 20
248291.1982144177
 30
0.0
 40
1999.999999999997
 41
11263.70937499998
 46
0.0
 71
     1
 72
     1
  1
SITIO 5
  7
Calibri_B
 73
     2
 44
1.0
1001
REVIT
1002
{
1070
     1
1000
6778403
1002
}
1002
{
1070
     5
1000
6328837
1002
}
1002
{
1070
     2
1000
-2005020
1002
}
  0
MTEXT
  5
2F95
330
1F
100
AcDbEntity
  8
A-AREA-____-IDEN
 62
     5
100
AcDbMText
 10
151275.9678581554
 20
248191.1517320642
 30
0.0
 40
1999.999999999997
 41
5130.799999999993
 46
0.0
 71
     1
 72
     1
  1
C´4
  7
Calibri_2
 73
     2
 44
1.0
1001
REVIT
1002
{
1070
     1
1000
6778404
1002
}
1002
{
1070
     5
1000
6328837
1002
}
1002
{
1070
     2
1000
-2005020
1002
}
  0
MTEXT
  5
2F96
330
1F
100
AcDbEntity
  8
A-AREA-____-IDEN
 62
     5
100
AcDbMText
 10
148745.9678581554
 20
251716.8638168894
 30
0.0
 40
1999.999999999997
 41
11263.70937499998
 46
0.0
 71
     1
 72
     1
  1
SITIO 6
  7
Calibri_B
 73
     2
 44
1.0
1001
REVIT
1002
{
1070
     1
1000
6778404
1002
}
1002
{
1070
     5
1000
6328837
1002
}
1002
{
1070
     2
1000
-2005020
1002
}
  0
MTEXT
  5
2F97
330
1F
100
AcDbEntity
  8
A-AREA-____-IDEN
 62
     5
100
AcDbMText
 10
135765.3152691919
 20
251236.1878231486
 30
0.0
 40
1999.999999999997
 41
5130.799999999993
 46
0.0
 71
     1
 72
     1
  1
C´5
  7
Calibri_2
 73
     2
 44
1.0
1001
REVIT
1002
{
1070
     1
1000
6778405
1002
}
1002
{
1070
     5
1000
6328837
1002
}
1002
{
1070
     2
1000
-2005020
1002
}
  0
MTEXT
  5
2F98
330
1F
100
AcDbEntity
  8
A-AREA-____-IDEN
 62
     5
100
AcDbMText
 10
133235.3152691924
 20
254761.8999079737
 30
0.0
 40
1999.999999999997
 41
11263.70937499998
 46
0.0
 71
     1
 72
     1
  1
SITIO 7
  7
Calibri_B
 73
     2
 44
1.0
1001
REVIT
1002
{
1070
     1
1000
6778405
1002
}
1002
{
1070
     5
1000
6328837
1002
}
1002
{
1070
     2
1000
-2005020
1002
}
  0
MTEXT
  5
2F99
330
1F
100
AcDbEntity
  8
A-AREA-____-IDEN
 62
     5
100
AcDbMText
 10
121288.1069473095
 20
255885.6679014956
 30
0.0
 40
1999.999999999997
 41
4008.437499999994
 46
0.0
 71
     1
 72
     1
  1
C6
  7
Calibri_2
 73
     2
 44
1.0
1001
REVIT
1002
{
1070
     1
1000
6778406
1002
}
1002
{
1070
     5
1000
6328837
1002
}
1002
{
1070
     2
1000
-2005020
1002
}
  0
MTEXT
  5
2F9A
330
1F
100
AcDbEntity
  8
A-AREA-____-IDEN
 62
     5
100
AcDbMText
 10
118295.6069473095
 20
259411.3799863205
 30
0.0
 40
1999.999999999997
 41
11263.70937499998
 46
0.0
 71
     1
 72
     1
  1
SITIO 8
  7
Calibri_B
 73
     2
 44
1.0
1001
REVIT
1002
{
1070
     1
1000
6778406
1002
}
1002
{
1070
     5
1000
6328837
1002
}
1002
{
1070
     2
1000
-2005020
1002
}
  0
MTEXT
  5
2F9B
330
1F
100
AcDbEntity
  8
A-AREA-____-IDEN
 62
     5
100
AcDbMText
 10
83225.15580875913
 20
279117.2995321374
 30
0.0
 40
1999.999999999997
 41
4008.437499999994
 46
0.0
 71
     1
 72
     1
  1
C8
  7
Calibri_2
 73
     2
 44
1.0
1001
REVIT
1002
{
1070
     1
1000
6778407
1002
}
1002
{
1070
     5
1000
6328837
1002
}
1002
{
1070
     2
1000
-2005020
1002
}
  0
MTEXT
  5
2F9C
330
1F
100
AcDbEntity
  8
A-AREA-____-IDEN
 62
     5
100
AcDbMText
 10
79422.65580875866
 20
282643.0116169626
 30
0.0
 40
1999.999999999997
 41
13227.84374999998
 46
0.0
 71
     1
 72
     1
  1
SITIO 12
  7
Calibri_B
 73
     2
 44
1.0
1001
REVIT
1002
{
1070
     1
1000
6778407
1002
}
1002
{
1070
     5
1000
6328837
1002
}
1002
{
1070
     2
1000
-2005020
1002
}
  0
MTEXT
  5
2F9D
330
1F
100
AcDbEntity
  8
A-AREA-____-IDEN
 62
     5
100
AcDbMText
 10
79514.0180727441
 20
262356.3695950514
 30
0.0
 40
1999.999999999997
 41
4008.437499999994
 46
0.0
 71
     1
 72
     1
  1
C9
  7
Calibri_2
 73
     2
 44
1.0
1001
REVIT
1002
{
1070
     1
1000
6778408
1002
}
1002
{
1070
     5
1000
6328837
1002
}
1002
{
1070
     2
1000
-2005020
1002
}
  0
MTEXT
  5
2F9E
330
1F
100
AcDbEntity
  8
A-AREA-____-IDEN
 62
     5
100
AcDbMText
 10
75711.51807274364
 20
265882.0816798765
 30
0.0
 40
1999.999999999997
 41
13227.84374999998
 46
0.0
 71
     1
 72
     1
  1
SITIO 13
  7
Calibri_B
 73
     2
 44
1.0
1001
REVIT
1002
{
1070
     1
1000
6778408
1002
}
1002
{
1070
     5
1000
6328837
1002
}
1002
{
1070
     2
1000
-2005020
1002
}
  0
MTEXT
  5
2F9F
330
1F
100
AcDbEntity
  8
A-AREA-____-IDEN
 62
     5
100
AcDbMText
 10
75499.90820320762
 20
244765.4861295925
 30
0.0
 40
1999.999999999997
 41
4048.521874999994
 46
0.0
 71
     1
 72
     1
  1
B3
  7
Calibri_2
 73
     2
 44
1.0
1001
REVIT
1002
{
1070
     1
1000
6778409
1002
}
1002
{
1070
     5
1000
6328837
1002
}
1002
{
1070
     2
1000
-2005020
1002
}
  0
MTEXT
  5
2FA0
330
1F
100
AcDbEntity
  8
A-AREA-____-IDEN
 62
     5
100
AcDbMText
 10
71714.90820320762
 20
248291.1982144174
 30
0.0
 40
1999.999999999997
 41
13227.84374999998
 46
0.0
 71
     1
 72
     1
  1
SITIO 14
  7
Calibri_B
 73
     2
 44
1.0
1001
REVIT
1002
{
1070
     1
1000
6778409
1002
}
1002
{
1070
     5
1000
6328837
1002
}
1002
{
1070
     2
1000
-2005020
1002
}
  0
MTEXT
  5
2FA1
330
1F
100
AcDbEntity
  8
A-AREA-____-IDEN
 62
     5
100
AcDbMText
 10
69942.65580875819
 20
226780.7417166276
 30
0.0
 40
1999.999999999997
 41
4048.521874999994
 46
0.0
 71
     1
 72
     1
  1
B4
  7
Calibri_2
 73
     2
 44
1.0
1001
REVIT
1002
{
1070
     1
1000
6778410
1002
}
1002
{
1070
     5
1000
6328837
1002
}
1002
{
1070
     2
1000
-2005020
1002
}
  0
MTEXT
  5
2FA2
330
1F
100
AcDbEntity
  8
A-AREA-____-IDEN
 62
     5
100
AcDbMText
 10
66157.6558087582
 20
230306.4538014528
 30
0.0
 40
1999.999999999997
 41
13227.84374999998
 46
0.0
 71
     1
 72
     1
  1
SITIO 15
  7
Calibri_B
 73
     2
 44
1.0
1001
REVIT
1002
{
1070
     1
1000
6778410
1002
}
1002
{
1070
     5
1000
6328837
1002
}
1002
{
1070
     2
1000
-2005020
1002
}
  0
MTEXT
  5
2FA3
330
1F
100
AcDbEntity
  8
A-AREA-____-IDEN
 62
     5
100
AcDbMText
 10
59703.78348069425
 20
210508.8301049174
 30
0.0
 40
1999.999999999997
 41
4048.521874999994
 46
0.0
 71
     1
 72
     1
  1
B5
  7
Calibri_2
 73
     2
 44
1.0
1001
REVIT
1002
{
1070
     1
1000
6778411
1002
}
1002
{
1070
     5
1000
6328837
1002
}
1002
{
1070
     2
1000
-2005020
1002
}
  0
MTEXT
  5
2FA4
330
1F
100
AcDbEntity
  8
A-AREA-____-IDEN
 62
     5
100
AcDbMText
 10
55918.78348069425
 20
214034.5421897425
 30
0.0
 40
1999.999999999997
 41
13227.84374999998
 46
0.0
 71
     1
 72
     1
  1
SITIO 16
  7
Calibri_B
 73
     2
 44
1.0
1001
REVIT
1002
{
1070
     1
1000
6778411
1002
}
1002
{
1070
     5
1000
6328837
1002
}
1002
{
1070
     2
1000
-2005020
1002
}
  0
MTEXT
  5
2FA5
330
1F
100
AcDbEntity
  8
A-AREA-____-IDEN
 62
     5
100
AcDbMText
 10
37341.7996868088
 20
205370.3317011973
 30
0.0
 40
1999.999999999997
 41
4048.521874999994
 46
0.0
 71
     1
 72
     1
  1
B6
  7
Calibri_2
 73
     2
 44
1.0
1001
REVIT
1002
{
1070
     1
1000
6778412
1002
}
1002
{
1070
     5
1000
6328837
1002
}
1002
{
1070
     2
1000
-2005020
1002
}
  0
MTEXT
  5
2FA6
330
1F
100
AcDbEntity
  8
A-AREA-____-IDEN
 62
     5
100
AcDbMText
 10
33556.7996868088
 20
208896.0437860224
 30
0.0
 40
1999.999999999997
 41
13227.84374999998
 46
0.0
 71
     1
 72
     1
  1
SITIO 17
  7
Calibri_B
 73
     2
 44
1.0
1001
REVIT
1002
{
1070
     1
1000
6778412
1002
}
1002
{
1070
     5
1000
6328837
1002
}
1002
{
1070
     2
1000
-2005020
1002
}
  0
MTEXT
  5
2FA7
330
1F
100
AcDbEntity
  8
A-AREA-____-IDEN
 62
     5
100
AcDbMText
 10
40556.10761330063
 20
170777.0922937657
 30
0.0
 40
1999.999999999997
 41
5331.221874999993
 46
0.0
 71
     1
 72
     1
  1
A´3
  7
Calibri_2
 73
     2
 44
1.0
1001
REVIT
1002
{
1070
     1
1000
6778413
1002
}
1002
{
1070
     5
1000
6328837
1002
}
1002
{
1070
     2
1000
-2005020
1002
}
  0
MTEXT
  5
2FA8
330
1F
100
AcDbEntity
  8
A-AREA-____-IDEN
 62
     5
100
AcDbMText
 10
37298.60761330064
 20
174302.8043785909
 30
0.0
 40
1999.999999999997
 41
13227.84374999998
 46
0.0
 71
     1
 72
     1
  1
SITIO 18
  7
Calibri_B
 73
     2
 44
1.0
1001
REVIT
1002
{
1070
     1
1000
6778413
1002
}
1002
{
1070
     5
1000
6328837
1002
}
1002
{
1070
     2
1000
-2005020
1002
}
  0
MTEXT
  5
2FA9
330
1F
100
AcDbEntity
  8
A-AREA-____-IDEN
 62
     5
100
AcDbMText
 10
46300.25448616753
 20
153103.3623146841
 30
0.0
 40
1999.999999999997
 41
4208.859374999994
 46
0.0
 71
     1
 72
     1
  1
A4
  7
Calibri_2
 73
     2
 44
1.0
1001
REVIT
1002
{
1070
     1
1000
6778414
1002
}
1002
{
1070
     5
1000
6328837
1002
}
1002
{
1070
     2
1000
-2005020
1002
}
  0
MTEXT
  5
2FAA
330
1F
100
AcDbEntity
  8
A-AREA-____-IDEN
 62
     5
100
AcDbMText
 10
42580.25448616707
 20
156629.0743995091
 30
0.0
 40
1999.999999999997
 41
13227.84374999998
 46
0.0
 71
     1
 72
     1
  1
SITIO 19
  7
Calibri_B
 73
     2
 44
1.0
1001
REVIT
1002
{
1070
     1
1000
6778414
1002
}
1002
{
1070
     5
1000
6328837
1002
}
1002
{
1070
     2
1000
-2005020
1002
}
  0
MTEXT
  5
2FAB
330
1F
100
AcDbEntity
  8
A-AREA-____-IDEN
 62
     5
100
AcDbMText
 10
54405.12769916393
 20
137808.5934302647
 30
0.0
 40
1999.999999999997
 41
4208.859374999994
 46
0.0
 71
     1
 72
     1
  1
A5
  7
Calibri_2
 73
     2
 44
1.0
1001
REVIT
1002
{
1070
     1
1000
6778415
1002
}
1002
{
1070
     5
1000
6328837
1002
}
1002
{
1070
     2
1000
-2005020
1002
}
  0
MTEXT
  5
2FAC
330
1F
100
AcDbEntity
  8
A-AREA-____-IDEN
 62
     5
100
AcDbMText
 10
50685.12769916347
 20
141334.3055150899
 30
0.0
 40
1999.999999999997
 41
13227.84374999998
 46
0.0
 71
     1
 72
     1
  1
SITIO 20
  7
Calibri_B
 73
     2
 44
1.0
1001
REVIT
1002
{
1070
     1
1000
6778415
1002
}
1002
{
1070
     5
1000
6328837
1002
}
1002
{
1070
     2
1000
-2005020
1002
}
  0
MTEXT
  5
2FAD
330
1F
100
AcDbEntity
  8
A-AREA-____-IDEN
 62
     5
100
AcDbMText
 10
63159.6064610255
 20
113924.0915908283
 30
0.0
 40
1999.999999999997
 41
4208.859374999994
 46
0.0
 71
     1
 72
     1
  1
A6
  7
Calibri_2
 73
     2
 44
1.0
1001
REVIT
1002
{
1070
     1
1000
6778416
1002
}
1002
{
1070
     5
1000
6328837
1002
}
1002
{
1070
     2
1000
-2005020
1002
}
  0
MTEXT
  5
2FAE
330
1F
100
AcDbEntity
  8
A-AREA-____-IDEN
 62
     5
100
AcDbMText
 10
59439.60646102504
 20
117449.8036756535
 30
0.0
 40
1999.999999999997
 41
13227.84374999998
 46
0.0
 71
     1
 72
     1
  1
SITIO 21
  7
Calibri_B
 73
     2
 44
1.0
1001
REVIT
1002
{
1070
     1
1000
6778416
1002
}
1002
{
1070
     5
1000
6328837
1002
}
1002
{
1070
     2
1000
-2005020
1002
}
  0
MTEXT
  5
2FAF
330
1F
100
AcDbEntity
  8
A-AREA-____-IDEN
 62
     5
100
AcDbMText
 10
74768.80655827812
 20
94892.61602155478
 30
0.0
 40
1999.999999999997
 41
4208.859374999994
 46
0.0
 71
     1
 72
     1
  1
A7
  7
Calibri_2
 73
     2
 44
1.0
1001
REVIT
1002
{
1070
     1
1000
6778417
1002
}
1002
{
1070
     5
1000
6328837
1002
}
1002
{
1070
     2
1000
-2005020
1002
}
  0
MTEXT
  5
2FB0
330
1F
100
AcDbEntity
  8
A-AREA-____-IDEN
 62
     5
100
AcDbMText
 10
71048.80655827813
 20
98418.32810637992
 30
0.0
 40
1999.999999999997
 41
13227.84374999998
 46
0.0
 71
     1
 72
     1
  1
SITIO 22
  7
Calibri_B
 73
     2
 44
1.0
1001
REVIT
1002
{
1070
     1
1000
6778417
1002
}
1002
{
1070
     5
1000
6328837
1002
}
1002
{
1070
     2
1000
-2005020
1002
}
  0
MTEXT
  5
2FB1
330
1F
100
AcDbEntity
  8
A-AREA-____-IDEN
 62
     5
100
AcDbMText
 10
85713.80655827766
 20
76696.71215332518
 30
0.0
 40
1999.999999999997
 41
4208.859374999994
 46
0.0
 71
     1
 72
     1
  1
A8
  7
Calibri_2
 73
     2
 44
1.0
1001
REVIT
1002
{
1070
     1
1000
6778418
1002
}
1002
{
1070
     5
1000
6328837
1002
}
1002
{
1070
     2
1000
-2005020
1002
}
  0
MTEXT
  5
2FB2
330
1F
100
AcDbEntity
  8
A-AREA-____-IDEN
 62
     5
100
AcDbMText
 10
81993.8065582772
 20
80222.4242381501
 30
0.0
 40
1999.999999999997
 41
13227.84374999998
 46
0.0
 71
     1
 72
     1
  1
SITIO 23
  7
Calibri_B
 73
     2
 44
1.0
1001
REVIT
1002
{
1070
     1
1000
6778418
1002
}
1002
{
1070
     5
1000
6328837
1002
}
1002
{
1070
     2
1000
-2005020
1002
}
  0
MTEXT
  5
2FB3
330
1F
100
AcDbEntity
  8
A-AREA-____-IDEN
 62
     5
100
AcDbMText
 10
97878.80868393994
 20
56610.9324648458
 30
0.0
 40
1999.999999999997
 41
4208.859374999994
 46
0.0
 71
     1
 72
     1
  1
A9
  7
Calibri_2
 73
     2
 44
1.0
1001
REVIT
1002
{
1070
     1
1000
6778419
1002
}
1002
{
1070
     5
1000
6328837
1002
}
1002
{
1070
     2
1000
-2005020
1002
}
  0
MTEXT
  5
2FB4
330
1F
100
AcDbEntity
  8
A-AREA-____-IDEN
 62
     5
100
AcDbMText
 10
94158.80868393948
 20
60136.64454967095
 30
0.0
 40
1999.999999999997
 41
13227.84374999998
 46
0.0
 71
     1
 72
     1
  1
SITIO 24
  7
Calibri_B
 73
     2
 44
1.0
1001
REVIT
1002
{
1070
     1
1000
6778419
1002
}
1002
{
1070
     5
1000
6328837
1002
}
1002
{
1070
     2
1000
-2005020
1002
}
  0
MTEXT
  5
2FB5
330
1F
100
AcDbEntity
  8
A-AREA-____-IDEN
 62
     5
100
AcDbMText
 10
115722.9089569605
 20
41383.80161388855
 30
0.0
 40
1999.999999999997
 41
4048.521874999994
 46
0.0
 71
     1
 72
     1
  1
B8
  7
Calibri_2
 73
     2
 44
1.0
1001
REVIT
1002
{
1070
     1
1000
6778420
1002
}
1002
{
1070
     5
1000
6328837
1002
}
1002
{
1070
     2
1000
-2005020
1002
}
  0
MTEXT
  5
2FB6
330
1F
100
AcDbEntity
  8
A-AREA-____-IDEN
 62
     5
100
AcDbMText
 10
111937.9089569605
 20
44909.51369871324
 30
0.0
 40
1999.999999999997
 41
13227.84374999998
 46
0.0
 71
     1
 72
     1
  1
SITIO 26
  7
Calibri_B
 73
     2
 44
1.0
1001
REVIT
1002
{
1070
     1
1000
6778420
1002
}
1002
{
1070
     5
1000
6328837
1002
}
1002
{
1070
     2
1000
-2005020
1002
}
  0
MTEXT
  5
2FB7
330
1F
100
AcDbEntity
  8
A-AREA-____-IDEN
 62
     5
100
AcDbMText
 10
137175.160784323
 20
31013.59782417477
 30
0.0
 40
1999.999999999997
 41
4048.521874999994
 46
0.0
 71
     1
 72
     1
  1
B9
  7
Calibri_2
 73
     2
 44
1.0
1001
REVIT
1002
{
1070
     1
1000
6778421
1002
}
1002
{
1070
     5
1000
6328837
1002
}
1002
{
1070
     2
1000
-2005020
1002
}
  0
MTEXT
  5
2FB8
330
1F
100
AcDbEntity
  8
A-AREA-____-IDEN
 62
     5
100
AcDbMText
 10
133390.160784323
 20
34539.30990899992
 30
0.0
 40
1999.999999999997
 41
13227.84374999998
 46
0.0
 71
     1
 72
     1
  1
SITIO 27
  7
Calibri_B
 73
     2
 44
1.0
1001
REVIT
1002
{
1070
     1
1000
6778421
1002
}
1002
{
1070
     5
1000
6328837
1002
}
1002
{
1070
     2
1000
-2005020
1002
}
  0
MTEXT
  5
2FB9
330
1F
100
AcDbEntity
  8
A-AREA-____-IDEN
 62
     5
100
AcDbMText
 10
153969.2908384774
 20
24018.10668558566
 30
0.0
 40
1999.999999999997
 41
7135.018749999992
 46
0.0
 71
     1
 72
     1
  1
B´10
  7
Calibri_2
 73
     2
 44
1.0
1001
REVIT
1002
{
1070
     1
1000
6778422
1002
}
1002
{
1070
     5
1000
6328837
1002
}
1002
{
1070
     2
1000
-2005020
1002
}
  0
MTEXT
  5
2FBA
330
1F
100
AcDbEntity
  8
A-AREA-____-IDEN
 62
     5
100
AcDbMText
 10
151456.7908384774
 20
27543.81877041081
 30
0.0
 40
1999.999999999997
 41
13227.84374999998
 46
0.0
 71
     1
 72
     1
  1
SITIO 28
  7
Calibri_B
 73
     2
 44
1.0
1001
REVIT
1002
{
1070
     1
1000
6778422
1002
}
1002
{
1070
     5
1000
6328837
1002
}
1002
{
1070
     2
1000
-2005020
1002
}
  0
MTEXT
  5
2FBB
330
1F
100
AcDbEntity
  8
A-AREA-____-IDEN
 62
     5
100
AcDbMText
 10
173113.0201069198
 20
16720.94443036322
 30
0.0
 40
1999.999999999997
 41
7135.018749999992
 46
0.0
 71
     1
 72
     1
  1
B´11
  7
Calibri_2
 73
     2
 44
1.0
1001
REVIT
1002
{
1070
     1
1000
6778423
1002
}
1002
{
1070
     5
1000
6328837
1002
}
1002
{
1070
     2
1000
-2005020
1002
}
  0
MTEXT
  5
2FBC
330
1F
100
AcDbEntity
  8
A-AREA-____-IDEN
 62
     5
100
AcDbMText
 10
170600.5201069198
 20
20246.65651518837
 30
0.0
 40
1999.999999999997
 41
13227.84374999998
 46
0.0
 71
     1
 72
     1
  1
SITIO 29
  7
Calibri_B
 73
     2
 44
1.0
1001
REVIT
1002
{
1070
     1
1000
6778423
1002
}
1002
{
1070
     5
1000
6328837
1002
}
1002
{
1070
     2
1000
-2005020
1002
}
  0
MTEXT
  5
2FBD
330
1F
100
AcDbEntity
  8
A-AREA-____-IDEN
 62
     5
100
AcDbMText
 10
196829.5560521555
 20
12754.66231825793
 30
0.0
 40
1999.999999999997
 41
7295.35624999999
 46
0.0
 71
     1
 72
     1
  1
A´10
  7
Calibri_2
 73
     2
 44
1.0
1001
REVIT
1002
{
1070
     1
1000
6778424
1002
}
1002
{
1070
     5
1000
6328837
1002
}
1002
{
1070
     2
1000
-2005020
1002
}
  0
MTEXT
  5
2FBE
330
1F
100
AcDbEntity
  8
A-AREA-____-IDEN
 62
     5
100
AcDbMText
 10
194382.0560521551
 20
16280.37440308308
 30
0.0
 40
1999.999999999997
 41
13227.84374999998
 46
0.0
 71
     1
 72
     1
  1
SITIO 30
  7
Calibri_B
 73
     2
 44
1.0
1001
REVIT
1002
{
1070
     1
1000
6778424
1002
}
1002
{
1070
     5
1000
6328837
1002
}
1002
{
1070
     2
1000
-2005020
1002
}
  0
MTEXT
  5
2FBF
330
1F
100
AcDbEntity
  8
A-AREA-____-IDEN
 62
     5
100
AcDbMText
 10
219043.6503961629
 20
18481.24161091525
 30
0.0
 40
1999.999999999997
 41
6012.656249999992
 46
0.0
 71
     1
 72
     1
  1
B12
  7
Calibri_2
 73
     2
 44
1.0
1001
REVIT
1002
{
1070
     1
1000
6778425
1002
}
1002
{
1070
     5
1000
6328837
1002
}
1002
{
1070
     2
1000
-2005020
1002
}
  0
MTEXT
  5
2FC0
330
1F
100
AcDbEntity
  8
A-AREA-____-IDEN
 62
     5
100
AcDbMText
 10
216068.6503961628
 20
22006.95369574041
 30
0.0
 40
1999.999999999997
 41
13227.84374999998
 46
0.0
 71
     1
 72
     1
  1
SITIO 31
  7
Calibri_B
 73
     2
 44
1.0
1001
REVIT
1002
{
1070
     1
1000
6778425
1002
}
1002
{
1070
     5
1000
6328837
1002
}
1002
{
1070
     2
1000
-2005020
1002
}
  0
MTEXT
  5
2FC1
330
1F
100
AcDbEntity
  8
A-AREA-____-IDEN
 62
     5
100
AcDbMText
 10
237232.057507898
 20
18481.24161091525
 30
0.0
 40
1999.999999999997
 41
6012.656249999992
 46
0.0
 71
     1
 72
     1
  1
B13
  7
Calibri_2
 73
     2
 44
1.0
1001
REVIT
1002
{
1070
     1
1000
6778426
1002
}
1002
{
1070
     5
1000
6328837
1002
}
1002
{
1070
     2
1000
-2005020
1002
}
  0
MTEXT
  5
2FC2
330
1F
100
AcDbEntity
  8
A-AREA-____-IDEN
 62
     5
100
AcDbMText
 10
234257.0575078975
 20
22006.95369574041
 30
0.0
 40
1999.999999999997
 41
13227.84374999998
 46
0.0
 71
     1
 72
     1
  1
SITIO 32
  7
Calibri_B
 73
     2
 44
1.0
1001
REVIT
1002
{
1070
     1
1000
6778426
1002
}
1002
{
1070
     5
1000
6328837
1002
}
1002
{
1070
     2
1000
-2005020
1002
}
  0
MTEXT
  5
2FC3
330
1F
100
AcDbEntity
  8
A-AREA-____-IDEN
 62
     5
100
AcDbMText
 10
234487.432496512
 20
59779.54359623728
 30
0.0
 40
1999.999999999997
 41
7094.934374999991
 46
0.0
 71
     1
 72
     1
  1
C´10
  7
Calibri_2
 73
     2
 44
1.0
1001
REVIT
1002
{
1070
     1
1000
6778427
1002
}
1002
{
1070
     5
1000
6328837
1002
}
1002
{
1070
     2
1000
-2005020
1002
}
  0
MTEXT
  5
2FC4
330
1F
100
AcDbEntity
  8
A-AREA-____-IDEN
 62
     5
100
AcDbMText
 10
231959.9324965116
 20
63305.25568106244
 30
0.0
 40
1999.999999999997
 41
13227.84374999998
 46
0.0
 71
     1
 72
     1
  1
SITIO 33
  7
Calibri_B
 73
     2
 44
1.0
1001
REVIT
1002
{
1070
     1
1000
6778427
1002
}
1002
{
1070
     5
1000
6328837
1002
}
1002
{
1070
     2
1000
-2005020
1002
}
  0
MTEXT
  5
2FC5
330
1F
100
AcDbEntity
  8
A-AREA-____-IDEN
 62
     5
100
AcDbMText
 10
233060.0718288074
 20
76622.39947504954
 30
0.0
 40
1999.999999999997
 41
7094.934374999991
 46
0.0
 71
     1
 72
     1
  1
C´11
  7
Calibri_2
 73
     2
 44
1.0
1001
REVIT
1002
{
1070
     1
1000
6778428
1002
}
1002
{
1070
     5
1000
6328837
1002
}
1002
{
1070
     2
1000
-2005020
1002
}
  0
MTEXT
  5
2FC6
330
1F
100
AcDbEntity
  8
A-AREA-____-IDEN
 62
     5
100
AcDbMText
 10
230532.571828807
 20
80148.11155987446
 30
0.0
 40
1999.999999999997
 41
13227.84374999998
 46
0.0
 71
     1
 72
     1
  1
SITIO 34
  7
Calibri_B
 73
     2
 44
1.0
1001
REVIT
1002
{
1070
     1
1000
6778428
1002
}
1002
{
1070
     5
1000
6328837
1002
}
1002
{
1070
     2
1000
-2005020
1002
}
  0
MTEXT
  5
2FC7
330
1F
100
AcDbEntity
  8
A-AREA-____-IDEN
 62
     5
100
AcDbMText
 10
231347.2390275781
 20
92228.20944185214
 30
0.0
 40
1999.999999999997
 41
7094.934374999991
 46
0.0
 71
     1
 72
     1
  1
C´12
  7
Calibri_2
 73
     2
 44
1.0
1001
REVIT
1002
{
1070
     1
1000
6778429
1002
}
1002
{
1070
     5
1000
6328837
1002
}
1002
{
1070
     2
1000
-2005020
1002
}
  0
MTEXT
  5
2FC8
330
1F
100
AcDbEntity
  8
A-AREA-____-IDEN
 62
     5
100
AcDbMText
 10
228819.7390275781
 20
95753.92152667706
 30
0.0
 40
1999.999999999997
 41
13227.84374999998
 46
0.0
 71
     1
 72
     1
  1
SITIO 35
  7
Calibri_B
 73
     2
 44
1.0
1001
REVIT
1002
{
1070
     1
1000
6778429
1002
}
1002
{
1070
     5
1000
6328837
1002
}
1002
{
1070
     2
1000
-2005020
1002
}
  0
MTEXT
  5
2FC9
330
1F
100
AcDbEntity
  8
A-AREA-____-IDEN
 62
     5
100
AcDbMText
 10
233060.0718288074
 20
109832.3243434334
 30
0.0
 40
1999.999999999997
 41
7094.934374999991
 46
0.0
 71
     1
 72
     1
  1
C´13
  7
Calibri_2
 73
     2
 44
1.0
1001
REVIT
1002
{
1070
     1
1000
6778430
1002
}
1002
{
1070
     5
1000
6328837
1002
}
1002
{
1070
     2
1000
-2005020
1002
}
  0
MTEXT
  5
2FCA
330
1F
100
AcDbEntity
  8
A-AREA-____-IDEN
 62
     5
100
AcDbMText
 10
230532.571828807
 20
113358.0364282583
 30
0.0
 40
1999.999999999997
 41
13227.84374999998
 46
0.0
 71
     1
 72
     1
  1
SITIO 36
  7
Calibri_B
 73
     2
 44
1.0
1001
REVIT
1002
{
1070
     1
1000
6778430
1002
}
1002
{
1070
     5
1000
6328837
1002
}
1002
{
1070
     2
1000
-2005020
1002
}
  0
MTEXT
  5
2FCB
330
1F
100
AcDbEntity
  8
A-AREA-____-IDEN
 62
     5
100
AcDbMText
 10
239407.3292552719
 20
130766.9474696541
 30
0.0
 40
1999.999999999997
 41
6012.656249999992
 46
0.0
 71
     1
 72
     1
  1
B18
  7
Calibri_2
 73
     2
 44
1.0
1001
REVIT
1002
{
1070
     1
1000
6778431
1002
}
1002
{
1070
     5
1000
6328837
1002
}
1002
{
1070
     2
1000
-2005020
1002
}
  0
MTEXT
  5
2FCC
330
1F
100
AcDbEntity
  8
A-AREA-____-IDEN
 62
     5
100
AcDbMText
 10
236432.3292552715
 20
134292.6595544793
 30
0.0
 40
1999.999999999997
 41
13227.84374999998
 46
0.0
 71
     1
 72
     1
  1
SITIO 48
  7
Calibri_B
 73
     2
 44
1.0
1001
REVIT
1002
{
1070
     1
1000
6778431
1002
}
1002
{
1070
     5
1000
6328837
1002
}
1002
{
1070
     2
1000
-2005020
1002
}
  0
MTEXT
  5
2FCD
330
1F
100
AcDbEntity
  8
A-AREA-____-IDEN
 62
     5
100
AcDbMText
 10
222672.9176435547
 20
122868.8851083895
 30
0.0
 40
1999.999999999997
 41
7135.018749999992
 46
0.0
 71
     1
 72
     1
  1
B´17
  7
Calibri_2
 73
     2
 44
1.0
1001
REVIT
1002
{
1070
     1
1000
6778432
1002
}
1002
{
1070
     5
1000
6328837
1002
}
1002
{
1070
     2
1000
-2005020
1002
}
  0
MTEXT
  5
2FCE
330
1F
100
AcDbEntity
  8
A-AREA-____-IDEN
 62
     5
100
AcDbMText
 10
220160.4176435547
 20
126394.5971932144
 30
0.0
 40
1999.999999999997
 41
13227.84374999998
 46
0.0
 71
     1
 72
     1
  1
SITIO 47
  7
Calibri_B
 73
     2
 44
1.0
1001
REVIT
1002
{
1070
     1
1000
6778432
1002
}
1002
{
1070
     5
1000
6328837
1002
}
1002
{
1070
     2
1000
-2005020
1002
}
  0
MTEXT
  5
2FCF
330
1F
100
AcDbEntity
  8
A-AREA-____-IDEN
 62
     5
100
AcDbMText
 10
190401.652023046
 20
99353.30391268557
 30
0.0
 40
1999.999999999997
 41
6172.99374999999
 46
0.0
 71
     1
 72
     1
  1
A13
  7
Calibri_2
 73
     2
 44
1.0
1001
REVIT
1002
{
1070
     1
1000
6778433
1002
}
1002
{
1070
     5
1000
6328837
1002
}
1002
{
1070
     2
1000
-2005020
1002
}
  0
MTEXT
  5
2FD0
330
1F
100
AcDbEntity
  8
A-AREA-____-IDEN
 62
     5
100
AcDbMText
 10
187491.652023046
 20
102879.0159975107
 30
0.0
 40
1999.999999999997
 41
13227.84374999998
 46
0.0
 71
     1
 72
     1
  1
SITIO 46
  7
Calibri_B
 73
     2
 44
1.0
1001
REVIT
1002
{
1070
     1
1000
6778433
1002
}
1002
{
1070
     5
1000
6328837
1002
}
1002
{
1070
     2
1000
-2005020
1002
}
  0
MTEXT
  5
2FD1
330
1F
100
AcDbEntity
  8
A-AREA-____-IDEN
 62
     5
100
AcDbMText
 10
171910.952695633
 20
97058.54417704287
 30
0.0
 40
1999.999999999997
 41
6012.656249999992
 46
0.0
 71
     1
 72
     1
  1
B16
  7
Calibri_2
 73
     2
 44
1.0
1001
REVIT
1002
{
1070
     1
1000
6778434
1002
}
1002
{
1070
     5
1000
6328837
1002
}
1002
{
1070
     2
1000
-2005020
1002
}
  0
MTEXT
  5
2FD2
330
1F
100
AcDbEntity
  8
A-AREA-____-IDEN
 62
     5
100
AcDbMText
 10
168935.952695633
 20
100584.256261868
 30
0.0
 40
1999.999999999997
 41
13227.84374999998
 46
0.0
 71
     1
 72
     1
  1
SITIO 45
  7
Calibri_B
 73
     2
 44
1.0
1001
REVIT
1002
{
1070
     1
1000
6778434
1002
}
1002
{
1070
     5
1000
6328837
1002
}
1002
{
1070
     2
1000
-2005020
1002
}
  0
MTEXT
  5
2FD3
330
1F
100
AcDbEntity
  8
A-AREA-____-IDEN
 62
     5
100
AcDbMText
 10
155210.5498612432
 20
97712.14257153063
 30
0.0
 40
1999.999999999997
 41
5972.571874999991
 46
0.0
 71
     1
 72
     1
  1
C17
  7
Calibri_2
 73
     2
 44
1.0
1001
REVIT
1002
{
1070
     1
1000
6778435
1002
}
1002
{
1070
     5
1000
6328837
1002
}
1002
{
1070
     2
1000
-2005020
1002
}
  0
MTEXT
  5
2FD4
330
1F
100
AcDbEntity
  8
A-AREA-____-IDEN
 62
     5
100
AcDbMText
 10
152218.0498612432
 20
101237.8546563557
 30
0.0
 40
1999.999999999997
 41
13227.84374999998
 46
0.0
 71
     1
 72
     1
  1
SITIO 44
  7
Calibri_B
 73
     2
 44
1.0
1001
REVIT
1002
{
1070
     1
1000
6778435
1002
}
1002
{
1070
     5
1000
6328837
1002
}
1002
{
1070
     2
1000
-2005020
1002
}
  0
MTEXT
  5
2FD5
330
1F
100
AcDbEntity
  8
A-AREA-____-IDEN
 62
     5
100
AcDbMText
 10
121679.4398195173
 20
102443.8560087861
 30
0.0
 40
1999.999999999997
 41
5972.571874999991
 46
0.0
 71
     1
 72
     1
  1
C16
  7
Calibri_2
 73
     2
 44
1.0
1001
REVIT
1002
{
1070
     1
1000
6778436
1002
}
1002
{
1070
     5
1000
6328837
1002
}
1002
{
1070
     2
1000
-2005020
1002
}
  0
MTEXT
  5
2FD6
330
1F
100
AcDbEntity
  8
A-AREA-____-IDEN
 62
     5
100
AcDbMText
 10
118686.9398195173
 20
105969.568093611
 30
0.0
 40
1999.999999999997
 41
13227.84374999998
 46
0.0
 71
     1
 72
     1
  1
SITIO 43
  7
Calibri_B
 73
     2
 44
1.0
1001
REVIT
1002
{
1070
     1
1000
6778436
1002
}
1002
{
1070
     5
1000
6328837
1002
}
1002
{
1070
     2
1000
-2005020
1002
}
  0
MTEXT
  5
2FD7
330
1F
100
AcDbEntity
  8
A-AREA-____-IDEN
 62
     5
100
AcDbMText
 10
112770.3593417613
 20
117254.5998154514
 30
0.0
 40
1999.999999999997
 41
5972.571874999991
 46
0.0
 71
     1
 72
     1
  1
C15
  7
Calibri_2
 73
     2
 44
1.0
1001
REVIT
1002
{
1070
     1
1000
6778437
1002
}
1002
{
1070
     5
1000
6328837
1002
}
1002
{
1070
     2
1000
-2005020
1002
}
  0
MTEXT
  5
2FD8
330
1F
100
AcDbEntity
  8
A-AREA-____-IDEN
 62
     5
100
AcDbMText
 10
109777.8593417618
 20
120780.3119002765
 30
0.0
 40
1999.999999999997
 41
13227.84374999998
 46
0.0
 71
     1
 72
     1
  1
SITIO 42
  7
Calibri_B
 73
     2
 44
1.0
1001
REVIT
1002
{
1070
     1
1000
6778437
1002
}
1002
{
1070
     5
1000
6328837
1002
}
1002
{
1070
     2
1000
-2005020
1002
}
  0
MTEXT
  5
2FD9
330
1F
100
AcDbEntity
  8
A-AREA-____-IDEN
 62
     5
100
AcDbMText
 10
99926.56106055688
 20
133989.0668802923
 30
0.0
 40
1999.999999999997
 41
6012.656249999992
 46
0.0
 71
     1
 72
     1
  1
B15
  7
Calibri_2
 73
     2
 44
1.0
1001
REVIT
1002
{
1070
     1
1000
6778438
1002
}
1002
{
1070
     5
1000
6328837
1002
}
1002
{
1070
     2
1000
-2005020
1002
}
  0
MTEXT
  5
2FDA
330
1F
100
AcDbEntity
  8
A-AREA-____-IDEN
 62
     5
100
AcDbMText
 10
96951.56106055641
 20
137514.7789651173
 30
0.0
 40
1999.999999999997
 41
13227.84374999998
 46
0.0
 71
     1
 72
     1
  1
SITIO 41
  7
Calibri_B
 73
     2
 44
1.0
1001
REVIT
1002
{
1070
     1
1000
6778438
1002
}
1002
{
1070
     5
1000
6328837
1002
}
1002
{
1070
     2
1000
-2005020
1002
}
  0
MTEXT
  5
2FDB
330
1F
100
AcDbEntity
  8
A-AREA-____-IDEN
 62
     5
100
AcDbMText
 10
92704.80999401977
 20
159409.3182013995
 30
0.0
 40
1999.999999999997
 41
6172.99374999999
 46
0.0
 71
     1
 72
     1
  1
A12
  7
Calibri_2
 73
     2
 44
1.0
1001
REVIT
1002
{
1070
     1
1000
6778439
1002
}
1002
{
1070
     5
1000
6328837
1002
}
1002
{
1070
     2
1000
-2005020
1002
}
  0
MTEXT
  5
2FDC
330
1F
100
AcDbEntity
  8
A-AREA-____-IDEN
 62
     5
100
AcDbMText
 10
89794.80999401976
 20
162935.0302862246
 30
0.0
 40
1999.999999999997
 41
13227.84374999998
 46
0.0
 71
     1
 72
     1
  1
SITIO 40
  7
Calibri_B
 73
     2
 44
1.0
1001
REVIT
1002
{
1070
     1
1000
6778439
1002
}
1002
{
1070
     5
1000
6328837
1002
}
1002
{
1070
     2
1000
-2005020
1002
}
  0
MTEXT
  5
2FDD
330
1F
100
AcDbEntity
  8
A-AREA-____-IDEN
 62
     5
100
AcDbMText
 10
95260.02976846204
 20
186402.9268624607
 30
0.0
 40
1999.999999999997
 41
4208.859374999994
 46
0.0
 71
     1
 72
     1
  1
A2
  7
Calibri_2
 73
     2
 44
1.0
1001
REVIT
1002
{
1070
     1
1000
6778440
1002
}
1002
{
1070
     5
1000
6328837
1002
}
1002
{
1070
     2
1000
-2005020
1002
}
  0
MTEXT
  5
2FDE
330
1F
100
AcDbEntity
  8
A-AREA-____-IDEN
 62
     5
100
AcDbMText
 10
91540.02976846156
 20
189928.6389472858
 30
0.0
 40
1999.999999999997
 41
13227.84374999998
 46
0.0
 71
     1
 72
     1
  1
SITIO 11
  7
Calibri_B
 73
     2
 44
1.0
1001
REVIT
1002
{
1070
     1
1000
6778440
1002
}
1002
{
1070
     5
1000
6328837
1002
}
1002
{
1070
     2
1000
-2005020
1002
}
  0
MTEXT
  5
2FDF
330
1F
100
AcDbEntity
  8
A-AREA-____-IDEN
 62
     5
100
AcDbMText
 10
103508.5728908332
 20
202799.7912453679
 30
0.0
 40
1999.999999999997
 41
4008.437499999994
 46
0.0
 71
     1
 72
     1
  1
C7
  7
Calibri_2
 73
     2
 44
1.0
1001
REVIT
1002
{
1070
     1
1000
6778441
1002
}
1002
{
1070
     5
1000
6328837
1002
}
1002
{
1070
     2
1000
-2005020
1002
}
  0
MTEXT
  5
2FE0
330
1F
100
AcDbEntity
  8
A-AREA-____-IDEN
 62
     5
100
AcDbMText
 10
99706.07289083275
 20
206325.5033301929
 30
0.0
 40
1999.999999999997
 41
13227.84374999998
 46
0.0
 71
     1
 72
     1
  1
SITIO 10
  7
Calibri_B
 73
     2
 44
1.0
1001
REVIT
1002
{
1070
     1
1000
6778441
1002
}
1002
{
1070
     5
1000
6328837
1002
}
1002
{
1070
     2
1000
-2005020
1002
}
  0
MTEXT
  5
2FE1
330
1F
100
AcDbEntity
  8
A-AREA-____-IDEN
 62
     5
100
AcDbMText
 10
110180.5256182884
 20
216804.3582153948
 30
0.0
 40
1999.999999999997
 41
4048.521874999994
 46
0.0
 71
     1
 72
     1
  1
B2
  7
Calibri_2
 73
     2
 44
1.0
1001
REVIT
1002
{
1070
     1
1000
6778442
1002
}
1002
{
1070
     5
1000
6328837
1002
}
1002
{
1070
     2
1000
-2005020
1002
}
  0
MTEXT
  5
2FE2
330
1F
100
AcDbEntity
  8
A-AREA-____-IDEN
 62
     5
100
AcDbMText
 10
107205.5256182888
 20
220330.0703002197
 30
0.0
 40
1999.999999999997
 41
11263.70937499998
 46
0.0
 71
     1
 72
     1
  1
SITIO 9
  7
Calibri_B
 73
     2
 44
1.0
1001
REVIT
1002
{
1070
     1
1000
6778442
1002
}
1002
{
1070
     5
1000
6328837
1002
}
1002
{
1070
     2
1000
-2005020
1002
}
  0
MTEXT
  5
2FE3
330
1F
100
AcDbEntity
  8
A-AREA-____-IDEN
 62
     5
100
AcDbMText
 10
141465.5498612446
 20
75922.39947504978
 30
0.0
 40
1999.999999999997
 41
5170.884374999993
 46
0.0
 71
     1
 72
     1
  1
B´7
  7
Calibri_2
 73
     2
 44
1.0
1001
REVIT
1002
{
1070
     1
1000
6778443
1002
}
1002
{
1070
     5
1000
6328837
1002
}
1002
{
1070
     2
1000
-2005020
1002
}
  0
MTEXT
  5
2FE4
330
1F
100
AcDbEntity
  8
A-AREA-____-IDEN
 62
     5
100
AcDbMText
 10
138143.0498612441
 20
79448.1115598747
 30
0.0
 40
1999.999999999997
 41
13227.84374999998
 46
0.0
 71
     1
 72
     1
  1
SITIO 25
  7
Calibri_B
 73
     2
 44
1.0
1001
REVIT
1002
{
1070
     1
1000
6778443
1002
}
1002
{
1070
     5
1000
6328837
1002
}
1002
{
1070
     2
1000
-2005020
1002
}
  0
MTEXT
  5
2FE5
330
1F
100
AcDbEntity
  8
A-AREA-____-IDEN
 62
     5
100
AcDbMText
 10
176222.8303652962
 20
61510.88869306291
 30
0.0
 40
1999.999999999997
 41
6012.656249999992
 46
0.0
 71
     1
 72
     1
  1
B14
  7
Calibri_2
 73
     2
 44
1.0
1001
REVIT
1002
{
1070
     1
1000
6778444
1002
}
1002
{
1070
     5
1000
6328837
1002
}
1002
{
1070
     2
1000
-2005020
1002
}
  0
MTEXT
  5
2FE6
330
1F
100
AcDbEntity
  8
A-AREA-____-IDEN
 62
     5
100
AcDbMText
 10
173247.8303652962
 20
65036.60077788806
 30
0.0
 40
1999.999999999997
 41
13227.84374999998
 46
0.0
 71
     1
 72
     1
  1
SITIO 38
  7
Calibri_B
 73
     2
 44
1.0
1001
REVIT
1002
{
1070
     1
1000
6778444
1002
}
1002
{
1070
     5
1000
6328837
1002
}
1002
{
1070
     2
1000
-2005020
1002
}
  0
MTEXT
  5
2FE7
330
1F
100
AcDbEntity
  8
A-AREA-____-IDEN
 62
     5
100
AcDbMText
 10
193952.2600225594
 20
58709.87973232041
 30
0.0
 40
1999.999999999997
 41
6172.99374999999
 46
0.0
 71
     1
 72
     1
  1
A11
  7
Calibri_2
 73
     2
 44
1.0
1001
REVIT
1002
{
1070
     1
1000
6778445
1002
}
1002
{
1070
     5
1000
6328837
1002
}
1002
{
1070
     2
1000
-2005020
1002
}
  0
MTEXT
  5
2FE8
330
1F
100
AcDbEntity
  8
A-AREA-____-IDEN
 62
     5
100
AcDbMText
 10
191042.2600225594
 20
62235.59181714509
 30
0.0
 40
1999.999999999997
 41
13227.84374999998
 46
0.0
 71
     1
 72
     1
  1
SITIO 39
  7
Calibri_B
 73
     2
 44
1.0
1001
REVIT
1002
{
1070
     1
1000
6778445
1002
}
1002
{
1070
     5
1000
6328837
1002
}
1002
{
1070
     2
1000
-2005020
1002
}
  0
MTEXT
  5
2FE9
330
1F
100
AcDbEntity
  8
A-AREA-____-IDEN
 62
     5
100
AcDbMText
 10
158325.6948441348
 20
64166.08377529433
 30
0.0
 40
1999.999999999997
 41
5972.571874999991
 46
0.0
 71
     1
 72
     1
  1
C14
  7
Calibri_2
 73
     2
 44
1.0
1001
REVIT
1002
{
1070
     1
1000
6778446
1002
}
1002
{
1070
     5
1000
6328837
1002
}
1002
{
1070
     2
1000
-2005020
1002
}
  0
MTEXT
  5
2FEA
330
1F
100
AcDbEntity
  8
A-AREA-____-IDEN
 62
     5
100
AcDbMText
 10
155333.1948441353
 20
67691.79586011925
 30
0.0
 40
1999.999999999997
 41
13227.84374999998
 46
0.0
 71
     1
 72
     1
  1
SITIO 37
  7
Calibri_B
 73
     2
 44
1.0
1001
REVIT
1002
{
1070
     1
1000
6778446
1002
}
1002
{
1070
     5
1000
6328837
1002
}
1002
{
1070
     2
1000
-2005020
1002
}
  0
LINE
  5
2FEB
330
1F
100
AcDbEntity
  8
1
100
AcDbLine
 10
231240.7788951696
 20
177302.1518517082
 30
0.0
 11
228232.0969421953
 21
177154.1145485576
 31
0.0
  0
LINE
  5
2FEC
330
1F
100
AcDbEntity
  8
1
100
AcDbLine
 10
228232.0969421953
 20
177154.1145485576
 30
0.0
 11
228457.4660278928
 21
172573.7561762835
 31
0.0
  0
LINE
  5
2FED
330
1F
100
AcDbEntity
  8
1
100
AcDbLine
 10
228457.4660278928
 20
172573.7561762835
 30
0.0
 11
229363.4502075502
 21
169379.2076489759
 31
0.0
  0
LINE
  5
2FEE
330
1F
100
AcDbEntity
  8
1
100
AcDbLine
 10
229363.4502075502
 20
169379.2076489759
 30
0.0
 11
207317.2549437801
 21
163126.8361605209
 31
0.0
  0
LINE
  5
2FEF
330
1F
100
AcDbEntity
  8
1
100
AcDbLine
 10
207317.2549437801
 20
163126.8361605209
 30
0.0
 11
204395.3619105459
 21
165189.1446712193
 31
0.0
  0
LINE
  5
2FF0
330
1F
100
AcDbEntity
  8
1
100
AcDbLine
 10
204395.3619105459
 20
165189.1446712193
 30
0.0
 11
202203.6917431896
 21
173782.69515643
 31
0.0
  0
LINE
  5
2FF1
330
1F
100
AcDbEntity
  8
1
100
AcDbLine
 10
202203.6917431896
 20
173782.69515643
 30
0.0
 11
200945.1301552959
 21
177787.434620289
 31
0.0
  0
LINE
  5
2FF2
330
1F
100
AcDbEntity
  8
1
100
AcDbLine
 10
200945.1301552959
 20
177787.434620289
 30
0.0
 11
199783.0360931599
 21
181051.6060800227
 31
0.0
  0
LINE
  5
2FF3
330
1F
100
AcDbEntity
  8
1
100
AcDbLine
 10
199783.0360931599
 20
181051.6060800227
 30
0.0
 11
207040.7249223493
 21
183569.1689004543
 31
0.0
  0
LINE
  5
2FF4
330
1F
100
AcDbEntity
  8
1
100
AcDbLine
 10
207040.7249223493
 20
183569.1689004543
 30
0.0
 11
207228.4222804565
 21
182929.9173146553
 31
0.0
  0
LINE
  5
2FF5
330
1F
100
AcDbEntity
  8
1
100
AcDbLine
 10
207228.4222804565
 20
182929.9173146553
 30
0.0
 11
212624.1067103321
 21
184288.2983009099
 31
0.0
  0
LINE
  5
2FF6
330
1F
100
AcDbEntity
  8
1
100
AcDbLine
 10
212624.1067103321
 20
184288.2983009099
 30
0.0
 11
212342.1805967373
 21
185408.1493271609
 31
0.0
  0
LINE
  5
2FF7
330
1F
100
AcDbEntity
  8
1
100
AcDbLine
 10
212342.1805967373
 20
185408.1493271609
 30
0.0
 11
236597.4697646044
 21
193821.8765680211
 31
0.0
  0
LINE
  5
2FF8
330
1F
100
AcDbEntity
  8
1
100
AcDbLine
 10
236597.4697646044
 20
193821.8765680211
 30
0.0
 11
237275.6862072699
 21
192257.1643721241
 31
0.0
  0
LINE
  5
2FF9
330
1F
100
AcDbEntity
  8
1
100
AcDbLine
 10
237275.6862072699
 20
192257.1643721241
 30
0.0
 11
235392.9745683755
 21
190279.0384434607
 31
0.0
  0
LINE
  5
2FFA
330
1F
100
AcDbEntity
  8
1
100
AcDbLine
 10
235392.9745683755
 20
190279.0384434607
 30
0.0
 11
232667.727646723
 21
185525.2315549439
 31
0.0
  0
LINE
  5
2FFB
330
1F
100
AcDbEntity
  8
1
100
AcDbLine
 10
232667.727646723
 20
185525.2315549439
 30
0.0
 11
231673.3674908366
 21
181397.9012776984
 31
0.0
  0
LINE
  5
2FFC
330
1F
100
AcDbEntity
  8
1
100
AcDbLine
 10
231673.3674908366
 20
181397.9012776984
 30
0.0
 11
231177.2388702567
 21
178844.2544326446
 31
0.0
  0
LINE
  5
2FFD
330
1F
100
AcDbEntity
  8
1
100
AcDbLine
 10
231177.2388702567
 20
178844.2544326446
 30
0.0
 11
231240.7788951698
 21
177302.1518517082
 31
0.0
  0
LINE
  5
2FFE
330
1F
100
AcDbEntity
  8
2
100
AcDbLine
 10
212048.9110772703
 20
213872.2259881888
 30
0.0
 11
191933.3570526274
 21
197580.8521193967
 31
0.0
  0
LINE
  5
2FFF
330
1F
100
AcDbEntity
  8
2
100
AcDbLine
 10
191933.3570526274
 20
197580.8521193967
 30
0.0
 11
193364.9083867833
 21
195064.1859231033
 31
0.0
  0
LINE
  5
3000
330
1F
100
AcDbEntity
  8
2
100
AcDbLine
 10
193364.9083867833
 20
195064.1859231033
 30
0.0
 11
195313.8188485234
 21
191346.1671690034
 31
0.0
  0
LINE
  5
3001
330
1F
100
AcDbEntity
  8
2
100
AcDbLine
 10
195313.8188485234
 20
191346.1671690034
 30
0.0
 11
197113.9144495578
 21
187553.8629520632
 31
0.0
  0
LINE
  5
3002
330
1F
100
AcDbEntity
  8
2
100
AcDbLine
 10
197113.9144495578
 20
187553.8629520632
 30
0.0
 11
198762.3692628444
 21
183693.2267134701
 31
0.0
  0
LINE
  5
3003
330
1F
100
AcDbEntity
  8
2
100
AcDbLine
 10
198762.3692628444
 20
183693.2267134701
 30
0.0
 11
199783.0360931599
 21
181051.6060800227
 31
0.0
  0
LINE
  5
3004
330
1F
100
AcDbEntity
  8
2
100
AcDbLine
 10
199783.0360931599
 20
181051.6060800227
 30
0.0
 11
207040.7249223493
 21
183569.1689004543
 31
0.0
  0
LINE
  5
3005
330
1F
100
AcDbEntity
  8
2
100
AcDbLine
 10
207040.7249223493
 20
183569.1689004543
 30
0.0
 11
207228.4222804565
 21
182929.9173146553
 31
0.0
  0
LINE
  5
3006
330
1F
100
AcDbEntity
  8
2
100
AcDbLine
 10
207228.4222804565
 20
182929.9173146553
 30
0.0
 11
212624.1067103321
 21
184288.2983009099
 31
0.0
  0
LINE
  5
3007
330
1F
100
AcDbEntity
  8
2
100
AcDbLine
 10
212624.1067103321
 20
184288.2983009099
 30
0.0
 11
212342.1805967373
 21
185408.1493271609
 31
0.0
  0
LINE
  5
3008
330
1F
100
AcDbEntity
  8
2
100
AcDbLine
 10
212342.1805967373
 20
185408.1493271609
 30
0.0
 11
236597.4697646044
 21
193821.8765680211
 31
0.0
  0
SPLINE
  5
300A
330
1F
100
AcDbEntity
  8
2
100
AcDbSpline
210
0.0
220
0.0
230
1.0
 70
     8
 71
     3
 72
    11
 73
     7
 74
     0
 42
0.000000001
 43
0.0000000001
 40
0.0
 40
0.0
 40
0.0
 40
0.0
 40
2253.198458779473
 40
5292.498851141914
 40
9939.532460172788
 40
17144.98513973221
 40
17144.98513973221
 40
17144.98513973221
 40
17144.98513973221
 10
236597.4697646044
 20
193821.8765680211
 30
0.0
 10
235910.1236314624
 20
195967.6767874481
 30
0.0
 10
235403.9474857364
 20
197504.1978960659
 30
0.0
 10
233781.7835939434
 20
198706.671563235
 30
0.0
 10
229239.3519943881
 20
201413.917348961
 30
0.0
 10
226452.7696357058
 20
203942.6188578684
 30
0.0
 10
224712.9327747985
 20
205620.1435276073
 30
0.0
  0
LINE
  5
300B
330
1F
100
AcDbEntity
  8
2
100
AcDbLine
 10
224712.9327747985
 20
205620.1435276073
 30
0.0
 11
221234.0378089981
 21
202028.7689688468
 31
0.0
  0
SPLINE
  5
300C
330
1F
100
AcDbEntity
  8
2
100
AcDbSpline
210
0.0
220
0.0
230
1.0
 70
  1064
 71
     3
 72
     9
 73
     5
 74
     3
 42
0.000000001
 43
0.0000000001
 44
0.0000000001
 40
0.0
 40
0.0
 40
0.0
 40
0.0
 40
7129.159452442443
 40
15022.77111680922
 40
15022.77111680922
 40
15022.77111680922
 40
15022.77111680922
 10
221234.0378089981
 20
202028.7689688468
 30
0.0
 10
219586.0055820356
 20
203749.8515862696
 30
0.0
 10
216113.2243791544
 20
207376.5666860147
 30
0.0
 10
213448.8750765512
 20
211634.7781097428
 30
0.0
 10
212048.9110772699
 20
213872.2259881884
 30
0.0
 11
221234.0378089981
 21
202028.7689688468
 31
0.0
 11
216472.0034168057
 21
207334.2324684786
 31
0.0
 11
212048.9110772699
 21
213872.2259881884
 31
0.0
  0
LINE
  5
300D
330
1F
100
AcDbEntity
  8
3
100
AcDbLine
 10
203299.5871745683
 20
237757.6455412987
 30
0.0
 11
186099.4452055769
 21
215189.5119248463
 31
0.0
  0
LINE
  5
300E
330
1F
100
AcDbEntity
  8
3
100
AcDbLine
 10
186099.4452055769
 20
215189.5119248463
 30
0.0
 11
181820.1847567942
 21
210910.2514760633
 31
0.0
  0
LINE
  5
300F
330
1F
100
AcDbEntity
  8
3
100
AcDbLine
 10
181820.1847567942
 20
210910.2514760633
 30
0.0
 11
184976.6792075195
 21
207499.5539076032
 31
0.0
  0
LINE
  5
3010
330
1F
100
AcDbEntity
  8
3
100
AcDbLine
 10
184976.6792075195
 20
207499.5539076032
 30
0.0
 11
187688.8433115381
 21
204101.0803635741
 31
0.0
  0
LINE
  5
3011
330
1F
100
AcDbEntity
  8
3
100
AcDbLine
 10
187688.8433115381
 20
204101.0803635741
 30
0.0
 11
190157.4374975557
 21
200521.7648835414
 31
0.0
  0
LINE
  5
3012
330
1F
100
AcDbEntity
  8
3
100
AcDbLine
 10
190157.4374975557
 20
200521.7648835414
 30
0.0
 11
191933.3570526272
 21
197580.8521193971
 31
0.0
  0
LINE
  5
3013
330
1F
100
AcDbEntity
  8
3
100
AcDbLine
 10
191933.3570526272
 20
197580.8521193971
 30
0.0
 11
212048.9110772699
 21
213872.2259881884
 31
0.0
  0
LINE
  5
3014
330
1F
100
AcDbEntity
  8
3
100
AcDbLine
 10
212048.9110772699
 20
213872.2259881884
 30
0.0
 11
209796.875308666
 21
217554.2711024793
 31
0.0
  0
LINE
  5
3015
330
1F
100
AcDbEntity
  8
3
100
AcDbLine
 10
209796.875308666
 20
217554.2711024793
 30
0.0
 11
208518.0360030984
 21
220413.2680383671
 31
0.0
  0
LINE
  5
3016
330
1F
100
AcDbEntity
  8
3
100
AcDbLine
 10
208518.0360030984
 20
220413.2680383671
 30
0.0
 11
205908.8753093287
 21
228661.2711024975
 31
0.0
  0
LINE
  5
3017
330
1F
100
AcDbEntity
  8
3
100
AcDbLine
 10
205908.8753093287
 20
228661.2711024975
 30
0.0
 11
204690.8753089859
 21
234233.271102483
 31
0.0
  0
LINE
  5
3018
330
1F
100
AcDbEntity
  8
3
100
AcDbLine
 10
204690.8753089859
 20
234233.271102483
 30
0.0
 11
203748.8753091801
 21
236865.2711024665
 31
0.0
  0
LINE
  5
3019
330
1F
100
AcDbEntity
  8
3
100
AcDbLine
 10
203748.8753091801
 20
236865.2711024665
 30
0.0
 11
203299.5871745683
 21
237757.6455412987
 31
0.0
  0
LINE
  5
301A
330
1F
100
AcDbEntity
  8
4
100
AcDbLine
 10
188254.6460665619
 20
248933.1047967445
 30
0.0
 11
167471.2456698912
 21
221663.4137673414
 31
0.0
  0
LINE
  5
301B
330
1F
100
AcDbEntity
  8
4
100
AcDbLine
 10
167471.2456698912
 20
221663.4137673414
 30
0.0
 11
171972.7727926329
 21
218969.0221812097
 31
0.0
  0
LINE
  5
301C
330
1F
100
AcDbEntity
  8
4
100
AcDbLine
 10
171972.7727926329
 20
218969.0221812097
 30
0.0
 11
175516.3304709975
 21
216449.3683286345
 31
0.0
  0
LINE
  5
301D
330
1F
100
AcDbEntity
  8
4
100
AcDbLine
 10
175516.3304709975
 20
216449.3683286345
 30
0.0
 11
178875.5729605761
 21
213688.7621526913
 31
0.0
  0
LINE
  5
301E
330
1F
100
AcDbEntity
  8
4
100
AcDbLine
 10
178875.5729605761
 20
213688.7621526913
 30
0.0
 11
181820.1847567941
 21
210910.2514760633
 31
0.0
  0
LINE
  5
301F
330
1F
100
AcDbEntity
  8
4
100
AcDbLine
 10
181820.1847567941
 20
210910.2514760633
 30
0.0
 11
186099.4452055769
 21
215189.5119248463
 31
0.0
  0
LINE
  5
3020
330
1F
100
AcDbEntity
  8
4
100
AcDbLine
 10
186099.4452055769
 20
215189.5119248463
 30
0.0
 11
203299.5871745683
 21
237757.6455412987
 31
0.0
  0
LINE
  5
3021
330
1F
100
AcDbEntity
  8
4
100
AcDbLine
 10
203299.5871745683
 20
237757.6455412987
 30
0.0
 11
201156.988316592
 21
241727.4431779151
 31
0.0
  0
LINE
  5
3022
330
1F
100
AcDbEntity
  8
4
100
AcDbLine
 10
201156.988316592
 20
241727.4431779151
 30
0.0
 11
196824.8109135801
 21
245278.5507319515
 31
0.0
  0
LINE
  5
3023
330
1F
100
AcDbEntity
  8
4
100
AcDbLine
 10
196824.8109135801
 20
245278.5507319515
 30
0.0
 11
194686.8753092626
 21
246554.2711024796
 31
0.0
  0
LINE
  5
3024
330
1F
100
AcDbEntity
  8
4
100
AcDbLine
 10
194686.8753092626
 20
246554.2711024796
 30
0.0
 11
188254.6460665619
 21
248933.1047967445
 31
0.0
  0
LINE
  5
3025
330
1F
100
AcDbEntity
  8
5
100
AcDbLine
 10
164575.0070467457
 20
253853.3940918175
 30
0.0
 11
174922.8753088304
 21
252461.2711024858
 31
0.0
  0
LINE
  5
3026
330
1F
100
AcDbEntity
  8
5
100
AcDbLine
 10
174922.8753088304
 20
252461.2711024858
 30
0.0
 11
180163.8753092178
 21
251328.2711024551
 31
0.0
  0
LINE
  5
3027
330
1F
100
AcDbEntity
  8
5
100
AcDbLine
 10
180163.8753092178
 20
251328.2711024551
 30
0.0
 11
186033.8753093296
 21
249459.2711024493
 31
0.0
  0
LINE
  5
3028
330
1F
100
AcDbEntity
  8
5
100
AcDbLine
 10
186033.8753093296
 20
249459.2711024493
 30
0.0
 11
188254.6460665619
 21
248933.1047967445
 31
0.0
  0
LINE
  5
3029
330
1F
100
AcDbEntity
  8
5
100
AcDbLine
 10
188254.6460665619
 20
248933.1047967445
 30
0.0
 11
167471.2456698912
 21
221663.4137673414
 31
0.0
  0
LINE
  5
302A
330
1F
100
AcDbEntity
  8
5
100
AcDbLine
 10
167471.2456698912
 20
221663.4137673414
 30
0.0
 11
164402.5240434833
 21
223237.6437387444
 31
0.0
  0
LINE
  5
302B
330
1F
100
AcDbEntity
  8
5
100
AcDbLine
 10
164402.5240434833
 20
223237.6437387444
 30
0.0
 11
160414.6604194619
 21
224965.0168497529
 31
0.0
  0
LINE
  5
302C
330
1F
100
AcDbEntity
  8
5
100
AcDbLine
 10
160414.6604194619
 20
224965.0168497529
 30
0.0
 11
156312.0525624441
 21
226411.6108693686
 31
0.0
  0
LINE
  5
302D
330
1F
100
AcDbEntity
  8
5
100
AcDbLine
 10
156312.0525624441
 20
226411.6108693686
 30
0.0
 11
154477.6987024044
 21
226954.6409894816
 31
0.0
  0
LINE
  5
302E
330
1F
100
AcDbEntity
  8
5
100
AcDbLine
 10
154477.6987024044
 20
226954.6409894816
 30
0.0
 11
164575.0070467535
 21
253853.3940918164
 31
0.0
  0
LINE
  5
302F
330
1F
100
AcDbEntity
  8
6
100
AcDbLine
 10
164575.0070467457
 20
253853.3940918175
 30
0.0
 11
154477.6987024189
 21
226954.6409894773
 31
0.0
  0
LINE
  5
3030
330
1F
100
AcDbEntity
  8
6
100
AcDbLine
 10
154477.6987024189
 20
226954.6409894773
 30
0.0
 11
149997.1594834278
 21
228035.7497065304
 31
0.0
  0
LINE
  5
3031
330
1F
100
AcDbEntity
  8
6
100
AcDbLine
 10
149997.1594834278
 20
228035.7497065304
 30
0.0
 11
146137.8506100648
 21
228814.3651675074
 31
0.0
  0
LINE
  5
3032
330
1F
100
AcDbEntity
  8
6
100
AcDbLine
 10
146137.8506100648
 20
228814.3651675074
 30
0.0
 11
144228.3615362841
 21
229234.2081968525
 31
0.0
  0
LINE
  5
3033
330
1F
100
AcDbEntity
  8
6
100
AcDbLine
 10
144228.3615362841
 20
229234.2081968525
 30
0.0
 11
142322.7190035829
 21
229671.1787102159
 31
0.0
  0
LINE
  5
3034
330
1F
100
AcDbEntity
  8
6
100
AcDbLine
 10
142322.7190035829
 20
229671.1787102159
 30
0.0
 11
140421.0766372192
 21
230125.2414809307
 31
0.0
  0
LINE
  5
3035
330
1F
100
AcDbEntity
  8
6
100
AcDbLine
 10
140421.0766372192
 20
230125.2414809307
 30
0.0
 11
138149.870455158
 21
230692.7187599902
 31
0.0
  0
LINE
  5
3036
330
1F
100
AcDbEntity
  8
6
100
AcDbLine
 10
138149.870455158
 20
230692.7187599902
 30
0.0
 11
147965.205588339
 21
256840.3085296456
 31
0.0
  0
LINE
  5
3037
330
1F
100
AcDbEntity
  8
6
100
AcDbLine
 10
147965.205588339
 20
256840.3085296456
 30
0.0
 11
155327.8753090916
 21
255786.2711024978
 31
0.0
  0
LINE
  5
3038
330
1F
100
AcDbEntity
  8
6
100
AcDbLine
 10
155327.8753090916
 20
255786.2711024978
 30
0.0
 11
161521.8753092253
 21
254221.2711024952
 31
0.0
  0
LINE
  5
3039
330
1F
100
AcDbEntity
  8
6
100
AcDbLine
 10
161521.8753092253
 20
254221.2711024952
 30
0.0
 11
164575.0070467457
 21
253853.3940918175
 31
0.0
  0
LINE
  5
303A
330
1F
100
AcDbEntity
  8
7
100
AcDbLine
 10
147965.205588339
 20
256840.3085296456
 30
0.0
 11
138149.8704551558
 21
230692.7187599908
 31
0.0
  0
LINE
  5
303B
330
1F
100
AcDbEntity
  8
7
100
AcDbLine
 10
138149.8704551558
 20
230692.7187599908
 30
0.0
 11
133462.6477914039
 21
231942.0202114935
 31
0.0
  0
LINE
  5
303C
330
1F
100
AcDbEntity
  8
7
100
AcDbLine
 10
133462.6477914039
 20
231942.0202114935
 30
0.0
 11
129103.7867036321
 21
233206.4095815823
 31
0.0
  0
LINE
  5
303D
330
1F
100
AcDbEntity
  8
7
100
AcDbLine
 10
129103.7867036321
 20
233206.4095815823
 30
0.0
 11
125370.2665021686
 21
234368.3844178569
 31
0.0
  0
LINE
  5
303E
330
1F
100
AcDbEntity
  8
7
100
AcDbLine
 10
125370.2665021686
 20
234368.3844178569
 30
0.0
 11
122192.4997899617
 21
235417.6780533198
 31
0.0
  0
LINE
  5
303F
330
1F
100
AcDbEntity
  8
7
100
AcDbLine
 10
122192.4997899617
 20
235417.6780533198
 30
0.0
 11
131322.9202101138
 21
259740.6873373909
 31
0.0
  0
LINE
  5
3040
330
1F
100
AcDbEntity
  8
7
100
AcDbLine
 10
131322.9202101138
 20
259740.6873373909
 30
0.0
 11
137983.8753085845
 21
258286.2711024975
 31
0.0
  0
LINE
  5
3041
330
1F
100
AcDbEntity
  8
7
100
AcDbLine
 10
137983.8753085845
 20
258286.2711024975
 30
0.0
 11
145883.8753089571
 21
257138.2711024528
 31
0.0
  0
LINE
  5
3042
330
1F
100
AcDbEntity
  8
7
100
AcDbLine
 10
145883.8753089571
 20
257138.2711024528
 30
0.0
 11
147965.205588339
 21
256840.3085296456
 31
0.0
  0
LINE
  5
3043
330
1F
100
AcDbEntity
  8
7
100
AcDbLine
 10
131322.9202101139
 20
259740.687337391
 30
0.0
 11
122192.4997899616
 21
235417.6780533195
 31
0.0
  0
LINE
  5
304F
330
1F
100
AcDbEntity
  8
12
100
AcDbLine
 10
103016.2222404255
 20
284560.7290620911
 30
0.0
 11
106086.8753087037
 21
277645.2711024942
 31
0.0
  0
LINE
  5
3050
330
1F
100
AcDbEntity
  8
12
100
AcDbLine
 10
106086.8753087037
 20
277645.2711024942
 30
0.0
 11
110050.8753093222
 21
272071.2711024719
 31
0.0
  0
LINE
  5
3051
330
1F
100
AcDbEntity
  8
12
100
AcDbLine
 10
110050.8753093222
 20
272071.2711024719
 30
0.0
 11
115975.8753091359
 21
266259.2711024958
 31
0.0
  0
LINE
  5
3052
330
1F
100
AcDbEntity
  8
12
100
AcDbLine
 10
115975.8753091359
 20
266259.2711024958
 30
0.0
 11
112382.9428199174
 21
256733.5325429957
 31
0.0
  0
LINE
  5
3053
330
1F
100
AcDbEntity
  8
12
100
AcDbLine
 10
112382.9428199174
 20
256733.5325429957
 30
0.0
 11
75139.19043021522
 21
272019.1803148509
 31
0.0
  0
LINE
  5
3054
330
1F
100
AcDbEntity
  8
12
100
AcDbLine
 10
75139.19043021522
 20
272019.1803148509
 30
0.0
 11
75384.38874703891
 21
272875.97638816
 31
0.0
  0
LINE
  5
3055
330
1F
100
AcDbEntity
  8
12
100
AcDbLine
 10
75384.38874703891
 20
272875.97638816
 30
0.0
 11
68960.14654061726
 21
291816.1219036367
 31
0.0
  0
LINE
  5
3056
330
1F
100
AcDbEntity
  8
12
100
AcDbLine
 10
68960.14654061726
 20
291816.1219036367
 30
0.0
 11
87899.93157661859
 21
298240.541981019
 31
0.0
  0
SPLINE
  5
3057
330
1F
100
AcDbEntity
  8
12
100
AcDbSpline
210
0.0
220
0.0
230
1.0
 70
     8
 71
     3
 72
     9
 73
     5
 74
     0
 42
0.000000001
 43
0.0000000001
 40
0.0
 40
0.0
 40
0.0
 40
0.0
 40
11506.09706330183
 40
21212.36969468586
 40
21212.36969468586
 40
21212.36969468586
 40
21212.36969468586
 10
87899.93157629753
 20
298240.5419821635
 30
0.0
 10
88982.67622693277
 20
294834.0562946171
 30
0.0
 10
92434.90188710943
 20
288760.6053301457
 30
0.0
 10
99922.04470185999
 20
285144.6353551294
 30
0.0
 10
103016.2222404255
 20
284560.7290620911
 30
0.0
  0
LINE
  5
3058
330
1F
100
AcDbEntity
  8
13
100
AcDbLine
 10
75139.1904302155
 20
272019.1803148508
 30
0.0
 11
70543.79902452057
 21
255961.5117193753
 31
0.0
  0
LINE
  5
3059
330
1F
100
AcDbEntity
  8
13
100
AcDbLine
 10
70543.79902452057
 20
255961.5117193753
 30
0.0
 11
100160.1663255525
 21
243806.3090397829
 31
0.0
  0
LINE
  5
305A
330
1F
100
AcDbEntity
  8
13
100
AcDbLine
 10
100160.1663255525
 20
243806.3090397829
 30
0.0
 11
105996.7085797597
 21
259354.5822740266
 31
0.0
  0
LINE
  5
305B
330
1F
100
AcDbEntity
  8
13
100
AcDbLine
 10
105996.7085797597
 20
259354.5822740266
 30
0.0
 11
75139.1904302155
 21
272019.1803148508
 31
0.0
  0
LINE
  5
305C
330
1F
100
AcDbEntity
  8
14
100
AcDbLine
 10
70543.79902452025
 20
255961.5117193754
 30
0.0
 11
65321.38583985427
 21
237712.8419577336
 31
0.0
  0
LINE
  5
305D
330
1F
100
AcDbEntity
  8
14
100
AcDbLine
 10
65321.38583985427
 20
237712.8419577336
 30
0.0
 11
92113.01086286235
 21
226716.9750791191
 31
0.0
  0
LINE
  5
305E
330
1F
100
AcDbEntity
  8
14
100
AcDbLine
 10
92113.01086286235
 20
226716.9750791191
 30
0.0
 11
92803.71519850969
 21
227941.645505644
 31
0.0
  0
LINE
  5
305F
330
1F
100
AcDbEntity
  8
14
100
AcDbLine
 10
92803.71519850969
 20
227941.645505644
 30
0.0
 11
94334.54056478119
 21
230032.2048544066
 31
0.0
  0
LINE
  5
3060
330
1F
100
AcDbEntity
  8
14
100
AcDbLine
 10
94334.54056478119
 20
230032.2048544066
 30
0.0
 11
95430.86558136403
 21
231207.6749556156
 31
0.0
  0
LINE
  5
3061
330
1F
100
AcDbEntity
  8
14
100
AcDbLine
 10
95430.86558136403
 20
231207.6749556156
 30
0.0
 11
100160.1663255525
 21
243806.3090397829
 31
0.0
  0
LINE
  5
3062
330
1F
100
AcDbEntity
  8
14
100
AcDbLine
 10
100160.1663255525
 20
243806.3090397829
 30
0.0
 11
70543.79902452057
 21
255961.5117193753
 31
0.0
  0
LINE
  5
3063
330
1F
100
AcDbEntity
  8
15
100
AcDbLine
 10
65321.38583985358
 20
237712.8419577339
 30
0.0
 11
92113.01086286235
 21
226716.9750791191
 31
0.0
  0
LINE
  5
3064
330
1F
100
AcDbEntity
  8
15
100
AcDbLine
 10
92113.01086286235
 20
226716.9750791191
 30
0.0
 11
91530.83594628638
 21
225684.7354266389
 31
0.0
  0
LINE
  5
3065
330
1F
100
AcDbEntity
  8
15
100
AcDbLine
 10
91530.83594628638
 20
225684.7354266389
 30
0.0
 11
90394.78546400149
 21
223010.9797384415
 31
0.0
  0
LINE
  5
3066
330
1F
100
AcDbEntity
  8
15
100
AcDbLine
 10
90394.78546400149
 20
223010.9797384415
 30
0.0
 11
88360.25208066464
 21
217950.6600899399
 31
0.0
  0
LINE
  5
3067
330
1F
100
AcDbEntity
  8
15
100
AcDbLine
 10
88360.25208066464
 20
217950.6600899399
 30
0.0
 11
86122.04323260126
 21
212383.7559995066
 31
0.0
  0
LINE
  5
3068
330
1F
100
AcDbEntity
  8
15
100
AcDbLine
 10
86122.04323260126
 20
212383.7559995066
 30
0.0
 11
84898.29661507448
 21
209340.0364395128
 31
0.0
  0
LINE
  5
3069
330
1F
100
AcDbEntity
  8
15
100
AcDbLine
 10
84898.29661507448
 20
209340.0364395128
 30
0.0
 11
56591.31252662169
 21
220957.8397084212
 31
0.0
  0
LINE
  5
306A
330
1F
100
AcDbEntity
  8
15
100
AcDbLine
 10
56591.31252662169
 20
220957.8397084212
 30
0.0
 11
60955.28767320014
 21
222456.3923485571
 31
0.0
  0
LINE
  5
306B
330
1F
100
AcDbEntity
  8
15
100
AcDbLine
 10
60955.28767320014
 20
222456.3923485571
 30
0.0
 11
65321.38583985427
 21
237712.8419577336
 31
0.0
  0
LINE
  5
306C
330
1F
100
AcDbEntity
  8
16
100
AcDbLine
 10
56591.31252662199
 20
220957.839708421
 30
0.0
 11
84898.29661507451
 21
209340.0364395128
 31
0.0
  0
LINE
  5
306D
330
1F
100
AcDbEntity
  8
16
100
AcDbLine
 10
84898.29661507451
 20
209340.0364395128
 30
0.0
 11
78661.34707176558
 21
193827.4090314122
 31
0.0
  0
LINE
  5
306E
330
1F
100
AcDbEntity
  8
16
100
AcDbLine
 10
78661.34707176558
 20
193827.4090314122
 30
0.0
 11
77879.46575970478
 21
191882.7029867185
 31
0.0
  0
LINE
  5
306F
330
1F
100
AcDbEntity
  8
16
100
AcDbLine
 10
77879.46575970478
 20
191882.7029867185
 30
0.0
 11
55953.69153904602
 21
200881.5186365316
 31
0.0
  0
LINE
  5
3070
330
1F
100
AcDbEntity
  8
16
100
AcDbLine
 10
55953.69153904602
 20
200881.5186365316
 30
0.0
 11
45258.31126076136
 21
217066.1816679455
 31
0.0
  0
LINE
  5
3071
330
1F
100
AcDbEntity
  8
16
100
AcDbLine
 10
45258.31126076136
 20
217066.1816679455
 30
0.0
 11
56591.31252662199
 21
220957.839708421
 31
0.0
  0
LINE
  5
3072
330
1F
100
AcDbEntity
  8
17
100
AcDbLine
 10
61635.10632560277
 20
198549.7421720008
 30
0.0
 11
55953.69153904648
 21
200881.5186365313
 31
0.0
  0
LINE
  5
3073
330
1F
100
AcDbEntity
  8
17
100
AcDbLine
 10
55953.69153904648
 20
200881.5186365313
 30
0.0
 11
45258.31126076136
 21
217066.1816679455
 31
0.0
  0
LINE
  5
3074
330
1F
100
AcDbEntity
  8
17
100
AcDbLine
 10
45258.31126076136
 20
217066.1816679455
 30
0.0
 11
25365.29572736092
 21
210235.0861766679
 31
0.0
  0
LINE
  5
3075
330
1F
100
AcDbEntity
  8
17
100
AcDbLine
 10
25365.29572736092
 20
210235.0861766679
 30
0.0
 11
33317.344102841
 21
182568.9560017377
 31
0.0
  0
LINE
  5
3076
330
1F
100
AcDbEntity
  8
17
100
AcDbLine
 10
33317.344102841
 20
182568.9560017377
 30
0.0
 11
59015.26426808223
 21
192166.4496334429
 31
0.0
  0
LINE
  5
3077
330
1F
100
AcDbEntity
  8
17
100
AcDbLine
 10
59015.26426808223
 20
192166.4496334429
 30
0.0
 11
61635.10632560277
 21
198549.7421720008
 31
0.0
  0
LINE
  5
3078
330
1F
100
AcDbEntity
  8
18
100
AcDbLine
 10
33317.344102841
 20
182568.9560017377
 30
0.0
 11
59015.26426808223
 21
192166.4496334429
 31
0.0
  0
LINE
  5
3079
330
1F
100
AcDbEntity
  8
18
100
AcDbLine
 10
59015.26426808223
 20
192166.4496334429
 30
0.0
 11
75551.73096187983
 21
185298.4702757303
 31
0.0
  0
LINE
  5
307A
330
1F
100
AcDbEntity
  8
18
100
AcDbLine
 10
75551.73096187983
 20
185298.4702757303
 30
0.0
 11
74625.29454669509
 21
181648.5445686773
 31
0.0
  0
LINE
  5
307B
330
1F
100
AcDbEntity
  8
18
100
AcDbLine
 10
74625.29454669509
 20
181648.5445686773
 30
0.0
 11
73871.17407387741
 21
177317.2476315975
 31
0.0
  0
LINE
  5
307C
330
1F
100
AcDbEntity
  8
18
100
AcDbLine
 10
73871.17407387741
 20
177317.2476315975
 30
0.0
 11
73708.80533823477
 21
175883.1407197866
 31
0.0
  0
LINE
  5
307D
330
1F
100
AcDbEntity
  8
18
100
AcDbLine
 10
73708.80533823477
 20
175883.1407197866
 30
0.0
 11
38628.33633215832
 21
162792.39295724
 31
0.0
  0
LINE
  5
307E
330
1F
100
AcDbEntity
  8
18
100
AcDbLine
 10
38628.33633215832
 20
162792.39295724
 30
0.0
 11
33317.344102841
 21
182568.9560017377
 31
0.0
  0
LINE
  5
307F
330
1F
100
AcDbEntity
  8
19
100
AcDbLine
 10
73708.80533823477
 20
175883.1407197866
 30
0.0
 11
73623.82307566369
 21
175132.5427081213
 31
0.0
  0
LINE
  5
3080
330
1F
100
AcDbEntity
  8
19
100
AcDbLine
 10
73623.82307566369
 20
175132.5427081213
 30
0.0
 11
73390.49396394113
 21
170742.2820813582
 31
0.0
  0
LINE
  5
3081
330
1F
100
AcDbEntity
  8
19
100
AcDbLine
 10
73390.49396394113
 20
170742.2820813582
 30
0.0
 11
73695.66299962312
 21
164156.8362182857
 31
0.0
  0
LINE
  5
3082
330
1F
100
AcDbEntity
  8
19
100
AcDbLine
 10
73695.66299962312
 20
164156.8362182857
 30
0.0
 11
74782.34413648487
 21
157654.5020633077
 31
0.0
  0
LINE
  5
3083
330
1F
100
AcDbEntity
  8
19
100
AcDbLine
 10
74782.34413648487
 20
157654.5020633077
 30
0.0
 11
75529.48581565185
 21
154792.1587817148
 31
0.0
  0
LINE
  5
3084
330
1F
100
AcDbEntity
  8
19
100
AcDbLine
 10
75529.48581565185
 20
154792.1587817148
 30
0.0
 11
44543.78345532012
 21
143219.818329058
 31
0.0
  0
LINE
  5
3085
330
1F
100
AcDbEntity
  8
19
100
AcDbLine
 10
44543.78345532012
 20
143219.818329058
 30
0.0
 11
42389.52786893457
 21
149579.5855297093
 31
0.0
  0
LINE
  5
3086
330
1F
100
AcDbEntity
  8
19
100
AcDbLine
 10
42389.52786893457
 20
149579.5855297093
 30
0.0
 11
38630.84366588499
 21
162782.4496288921
 31
0.0
  0
LINE
  5
3087
330
1F
100
AcDbEntity
  8
20
100
AcDbLine
 10
75529.48581565451
 20
154792.1587817046
 30
0.0
 11
44543.78345532012
 21
143219.818329058
 31
0.0
  0
LINE
  5
3088
330
1F
100
AcDbEntity
  8
20
100
AcDbLine
 10
44543.78345532012
 20
143219.818329058
 30
0.0
 11
47366.99829471776
 21
135293.6090065586
 31
0.0
  0
LINE
  5
3089
330
1F
100
AcDbEntity
  8
20
100
AcDbLine
 10
47366.99829471776
 20
135293.6090065586
 30
0.0
 11
51175.44594855806
 21
123909.5989715586
 31
0.0
  0
LINE
  5
308A
330
1F
100
AcDbEntity
  8
20
100
AcDbLine
 10
51175.44594855806
 20
123909.5989715586
 30
0.0
 11
77210.59736401414
 21
133633.0395575442
 31
0.0
  0
LINE
  5
308B
330
1F
100
AcDbEntity
  8
20
100
AcDbLine
 10
77210.59736401414
 20
133633.0395575442
 30
0.0
 11
77380.99133158534
 21
133176.7985071913
 31
0.0
  0
LINE
  5
308C
330
1F
100
AcDbEntity
  8
20
100
AcDbLine
 10
77380.99133158534
 20
133176.7985071913
 30
0.0
 11
80642.50648848538
 21
135195.8857985841
 31
0.0
  0
LINE
  5
308D
330
1F
100
AcDbEntity
  8
20
100
AcDbLine
 10
80642.50648848538
 20
135195.8857985841
 30
0.0
 11
82216.74984417264
 21
135783.8240629962
 31
0.0
  0
LINE
  5
308E
330
1F
100
AcDbEntity
  8
20
100
AcDbLine
 10
82216.74984417264
 20
135783.8240629962
 30
0.0
 11
79116.22258753948
 21
143710.4717501012
 31
0.0
  0
LINE
  5
308F
330
1F
100
AcDbEntity
  8
20
100
AcDbLine
 10
79116.22258753948
 20
143710.4717501012
 30
0.0
 11
76505.29716733734
 21
151534.5116431954
 31
0.0
  0
LINE
  5
3090
330
1F
100
AcDbEntity
  8
20
100
AcDbLine
 10
76505.29716733734
 20
151534.5116431954
 30
0.0
 11
75529.48581565451
 21
154792.1587817046
 31
0.0
  0
LINE
  5
3091
330
1F
100
AcDbEntity
  8
21
100
AcDbLine
 10
82216.74984417264
 20
135783.8240629962
 30
0.0
 11
80642.50648848538
 21
135195.8857985841
 31
0.0
  0
LINE
  5
3092
330
1F
100
AcDbEntity
  8
21
100
AcDbLine
 10
80642.50648848538
 20
135195.8857985841
 30
0.0
 11
77380.99133158534
 21
133176.7985071909
 31
0.0
  0
LINE
  5
3093
330
1F
100
AcDbEntity
  8
21
100
AcDbLine
 10
77380.99133158534
 20
133176.7985071909
 30
0.0
 11
77210.59736401421
 21
133633.0395575439
 31
0.0
  0
LINE
  5
3094
330
1F
100
AcDbEntity
  8
21
100
AcDbLine
 10
77210.59736401421
 20
133633.0395575439
 30
0.0
 11
51175.44594855806
 21
123909.5989715586
 31
0.0
  0
LINE
  5
3095
330
1F
100
AcDbEntity
  8
21
100
AcDbLine
 10
51175.44594855806
 20
123909.5989715586
 30
0.0
 11
52626.91823055142
 21
119487.9723663839
 31
0.0
  0
LINE
  5
3096
330
1F
100
AcDbEntity
  8
21
100
AcDbLine
 10
52626.91823055142
 20
119487.9723663839
 30
0.0
 11
56095.33636026982
 21
110061.3929109409
 31
0.0
  0
LINE
  5
3097
330
1F
100
AcDbEntity
  8
21
100
AcDbLine
 10
56095.33636026982
 20
110061.3929109409
 30
0.0
 11
62035.33636160999
 21
102087.3929068801
 31
0.0
  0
LINE
  5
3098
330
1F
100
AcDbEntity
  8
21
100
AcDbLine
 10
62035.33636160999
 20
102087.3929068801
 30
0.0
 11
63166.16512888683
 21
100243.0809823904
 31
0.0
  0
LINE
  5
309A
330
1F
100
AcDbEntity
  8
21
100
AcDbLine
 10
63166.16512888683
 20
100243.0809823904
 30
0.0
 11
91460.12621601657
 21
117758.8595247057
 31
0.0
  0
LINE
  5
309B
330
1F
100
AcDbEntity
  8
21
100
AcDbLine
 10
91460.12621601657
 20
117758.8595247057
 30
0.0
 11
88265.21006428091
 21
122971.7543256356
 31
0.0
  0
LINE
  5
309C
330
1F
100
AcDbEntity
  8
21
100
AcDbLine
 10
88265.21006428091
 20
122971.7543256356
 30
0.0
 11
85489.52406381257
 21
128500.5270450662
 31
0.0
  0
LINE
  5
309D
330
1F
100
AcDbEntity
  8
21
100
AcDbLine
 10
85489.52406381257
 20
128500.5270450662
 30
0.0
 11
82922.25611038938
 21
134129.1055342563
 31
0.0
  0
LINE
  5
309E
330
1F
100
AcDbEntity
  8
21
100
AcDbLine
 10
82922.25611038938
 20
134129.1055342563
 30
0.0
 11
82216.74984416948
 21
135783.8240630042
 31
0.0
  0
LINE
  5
309F
330
1F
100
AcDbEntity
  8
22
100
AcDbLine
 10
91460.10104313786
 20
117758.8439410775
 30
0.0
 11
63166.16512888683
 21
100243.0809823904
 31
0.0
  0
LINE
  5
30A0
330
1F
100
AcDbEntity
  8
22
100
AcDbLine
 10
63166.16512888683
 20
100243.0809823904
 30
0.0
 11
67186.96759813526
 21
93685.40031964068
 31
0.0
  0
LINE
  5
30A1
330
1F
100
AcDbEntity
  8
22
100
AcDbLine
 10
67186.96759813526
 20
93685.40031964068
 30
0.0
 11
71268.33636068472
 21
87734.39290210429
 31
0.0
  0
LINE
  5
30A2
330
1F
100
AcDbEntity
  8
22
100
AcDbLine
 10
71268.33636068472
 20
87734.39290210429
 30
0.0
 11
74215.05502236414
 21
83008.03141308913
 31
0.0
  0
LINE
  5
30A3
330
1F
100
AcDbEntity
  8
22
100
AcDbLine
 10
74215.05502236414
 20
83008.03141308913
 30
0.0
 11
102227.9435580262
 21
100349.8079996273
 31
0.0
  0
LINE
  5
30A4
330
1F
100
AcDbEntity
  8
22
100
AcDbLine
 10
102227.9435580262
 20
100349.8079996273
 30
0.0
 11
99962.56144368894
 21
104012.4029986794
 31
0.0
  0
LINE
  5
30A5
330
1F
100
AcDbEntity
  8
22
100
AcDbLine
 10
99962.56144368894
 20
104012.4029986794
 30
0.0
 11
97896.13995444694
 21
107353.3250291437
 31
0.0
  0
LINE
  5
30A6
330
1F
100
AcDbEntity
  8
22
100
AcDbLine
 10
97896.13995444694
 20
107353.3250291437
 30
0.0
 11
94739.96511216149
 21
112456.12429668
 31
0.0
  0
LINE
  5
30A7
330
1F
100
AcDbEntity
  8
22
100
AcDbLine
 10
94739.96511216149
 20
112456.12429668
 30
0.0
 11
91460.12632220685
 21
117758.8593514433
 31
0.0
  0
LINE
  5
30A8
330
1F
100
AcDbEntity
  8
23
100
AcDbLine
 10
74215.05502236414
 20
83008.03141308913
 30
0.0
 11
102227.9435580262
 21
100349.8079996273
 31
0.0
  0
LINE
  5
30A9
330
1F
100
AcDbEntity
  8
23
100
AcDbLine
 10
102227.9435580262
 20
100349.8079996273
 30
0.0
 11
106233.0830574936
 21
93874.430708286
 31
0.0
  0
LINE
  5
30AA
330
1F
100
AcDbEntity
  8
23
100
AcDbLine
 10
106233.0830574936
 20
93874.430708286
 30
0.0
 11
109389.257899779
 21
88771.63144086662
 31
0.0
  0
LINE
  5
30AB
330
1F
100
AcDbEntity
  8
23
100
AcDbLine
 10
109389.257899779
 20
88771.63144086662
 30
0.0
 11
112956.3087130766
 21
83004.54147203835
 31
0.0
  0
LINE
  5
30AC
330
1F
100
AcDbEntity
  8
23
100
AcDbLine
 10
112956.3087130766
 20
83004.54147203835
 30
0.0
 11
86411.08124049068
 21
66571.34131553245
 31
0.0
  0
LINE
  5
30AD
330
1F
100
AcDbEntity
  8
23
100
AcDbLine
 10
86411.08124049068
 20
66571.34131553245
 30
0.0
 11
81706.3364213115
 21
72633.39258652448
 31
0.0
  0
LINE
  5
30AE
330
1F
100
AcDbEntity
  8
23
100
AcDbLine
 10
81706.3364213115
 20
72633.39258652448
 30
0.0
 11
76458.27254946943
 21
79341.57282849878
 31
0.0
  0
LINE
  5
30AF
330
1F
100
AcDbEntity
  8
23
100
AcDbLine
 10
76458.27254946943
 20
79341.57282849878
 30
0.0
 11
74209.03305540562
 21
83004.30342889811
 31
0.0
  0
LINE
  5
30B0
330
1F
100
AcDbEntity
  8
24
100
AcDbLine
 10
112956.3087130763
 20
83004.54147203813
 30
0.0
 11
86411.08124049068
 21
66571.34131553245
 31
0.0
  0
LINE
  5
30B1
330
1F
100
AcDbEntity
  8
24
100
AcDbLine
 10
86411.08124049068
 20
66571.34131553245
 30
0.0
 11
90346.33636128356
 21
61809.39290793181
 31
0.0
  0
LINE
  5
30B2
330
1F
100
AcDbEntity
  8
24
100
AcDbLine
 10
90346.33636128356
 20
61809.39290793181
 30
0.0
 11
93229.33636445565
 21
56834.39291022752
 31
0.0
  0
LINE
  5
30B3
330
1F
100
AcDbEntity
  8
24
100
AcDbLine
 10
93229.33636445565
 20
56834.39291022752
 30
0.0
 11
99887.33638197569
 21
46404.39290953089
 31
0.0
  0
LINE
  5
30B4
330
1F
100
AcDbEntity
  8
24
100
AcDbLine
 10
99887.33638197569
 20
46404.39290953089
 30
0.0
 11
102356.3363629222
 21
42938.39291056698
 31
0.0
  0
LINE
  5
30B5
330
1F
100
AcDbEntity
  8
24
100
AcDbLine
 10
102356.3363629222
 20
42938.39291056698
 30
0.0
 11
116044.4538363788
 21
60929.48820026206
 31
0.0
  0
LINE
  5
30B6
330
1F
100
AcDbEntity
  8
24
100
AcDbLine
 10
116044.4538363788
 20
60929.48820026206
 30
0.0
 11
117743.2369829762
 21
59626.06595213093
 31
0.0
  0
LINE
  5
30B7
330
1F
100
AcDbEntity
  8
24
100
AcDbLine
 10
117743.2369829762
 20
59626.06595213093
 30
0.0
 11
119349.4439409171
 21
61773.72963062429
 31
0.0
  0
LINE
  5
30B8
330
1F
100
AcDbEntity
  8
24
100
AcDbLine
 10
119349.4439409171
 20
61773.72963062429
 30
0.0
 11
118470.2898209436
 21
62431.23642684554
 31
0.0
  0
LINE
  5
30B9
330
1F
100
AcDbEntity
  8
24
100
AcDbLine
 10
118470.2898209436
 20
62431.23642684554
 30
0.0
 11
124830.0331902812
 21
66368.32590329775
 31
0.0
  0
LINE
  5
30BA
330
1F
100
AcDbEntity
  8
24
100
AcDbLine
 10
124830.0331902812
 20
66368.32590329775
 30
0.0
 11
121747.9676216693
 21
69752.93148935295
 31
0.0
  0
LINE
  5
30BB
330
1F
100
AcDbEntity
  8
24
100
AcDbLine
 10
121747.9676216693
 20
69752.93148935295
 30
0.0
 11
117839.7016351849
 21
75116.04852553496
 31
0.0
  0
LINE
  5
30BC
330
1F
100
AcDbEntity
  8
24
100
AcDbLine
 10
117839.7016351849
 20
75116.04852553496
 30
0.0
 11
115701.6075852808
 21
78566.03290602692
 31
0.0
  0
LINE
  5
30BD
330
1F
100
AcDbEntity
  8
24
100
AcDbLine
 10
115701.6075852808
 20
78566.03290602692
 30
0.0
 11
112956.3087130763
 21
83004.54147203813
 31
0.0
  0
LINE
  5
30D8
330
1F
100
AcDbEntity
  8
26
100
AcDbLine
 10
124830.0331902818
 20
66368.32590329715
 30
0.0
 11
118470.2898209442
 21
62431.2364268459
 31
0.0
  0
LINE
  5
30D9
330
1F
100
AcDbEntity
  8
26
100
AcDbLine
 10
118470.2898209442
 20
62431.2364268459
 30
0.0
 11
119349.4439409171
 21
61773.72963062429
 31
0.0
  0
LINE
  5
30DA
330
1F
100
AcDbEntity
  8
26
100
AcDbLine
 10
119349.4439409171
 20
61773.72963062429
 30
0.0
 11
117743.2369829762
 21
59626.06595213093
 31
0.0
  0
LINE
  5
30DB
330
1F
100
AcDbEntity
  8
26
100
AcDbLine
 10
117743.2369829762
 20
59626.06595213093
 30
0.0
 11
116044.4538363788
 21
60929.48820026253
 31
0.0
  0
LINE
  5
30DC
330
1F
100
AcDbEntity
  8
26
100
AcDbLine
 10
116044.4538363788
 20
60929.48820026253
 30
0.0
 11
102356.3363629222
 21
42938.39291056698
 31
0.0
  0
LINE
  5
30DD
330
1F
100
AcDbEntity
  8
26
100
AcDbLine
 10
102356.3363629222
 20
42938.39291056698
 30
0.0
 11
121681.9238218604
 21
33604.44132810179
 31
0.0
  0
LINE
  5
30DE
330
1F
100
AcDbEntity
  8
26
100
AcDbLine
 10
121681.9238218604
 20
33604.44132810179
 30
0.0
 11
132713.5618765686
 21
48354.87448196799
 31
0.0
  0
LINE
  5
30DF
330
1F
100
AcDbEntity
  8
26
100
AcDbLine
 10
132713.5618765686
 20
48354.87448196799
 30
0.0
 11
133953.3316787152
 21
47916.18211187084
 31
0.0
  0
LINE
  5
30E0
330
1F
100
AcDbEntity
  8
26
100
AcDbLine
 10
133953.3316787152
 20
47916.18211187084
 30
0.0
 11
134897.3680452808
 21
50584.08303555601
 31
0.0
  0
LINE
  5
30E1
330
1F
100
AcDbEntity
  8
26
100
AcDbLine
 10
134897.3680452808
 20
50584.08303555601
 30
0.0
 11
134488.8618531615
 21
50728.632894175
 31
0.0
  0
LINE
  5
30E2
330
1F
100
AcDbEntity
  8
26
100
AcDbLine
 10
134488.8618531615
 20
50728.632894175
 30
0.0
 11
138725.1422800498
 21
56392.97493911541
 31
0.0
  0
LINE
  5
30E3
330
1F
100
AcDbEntity
  8
26
100
AcDbLine
 10
138725.1422800498
 20
56392.9749391154
 30
0.0
 11
137083.5647997201
 21
57229.4398099993
 31
0.0
  0
LINE
  5
30E4
330
1F
100
AcDbEntity
  8
26
100
AcDbLine
 10
137083.5647997201
 20
57229.4398099993
 30
0.0
 11
135156.1567620114
 21
58317.61063049768
 31
0.0
  0
LINE
  5
30E5
330
1F
100
AcDbEntity
  8
26
100
AcDbLine
 10
135156.1567620114
 20
58317.61063049768
 30
0.0
 11
133276.965851388
 21
59487.08016847806
 31
0.0
  0
LINE
  5
30E6
330
1F
100
AcDbEntity
  8
26
100
AcDbLine
 10
133276.965851388
 20
59487.08016847806
 30
0.0
 11
131449.4191626365
 21
60735.71565414607
 31
0.0
  0
LINE
  5
30E7
330
1F
100
AcDbEntity
  8
26
100
AcDbLine
 10
131449.4191626365
 20
60735.71565414607
 30
0.0
 11
129676.8496021932
 21
62061.23994214122
 31
0.0
  0
LINE
  5
30E8
330
1F
100
AcDbEntity
  8
26
100
AcDbLine
 10
129676.8496021932
 20
62061.23994214122
 30
0.0
 11
127962.489822345
 21
63461.23566437268
 31
0.0
  0
LINE
  5
30E9
330
1F
100
AcDbEntity
  8
26
100
AcDbLine
 10
127962.489822345
 20
63461.23566437268
 30
0.0
 11
126309.4663102335
 21
64933.14963864709
 31
0.0
  0
LINE
  5
30EA
330
1F
100
AcDbEntity
  8
26
100
AcDbLine
 10
126309.4663102335
 20
64933.14963864709
 30
0.0
 11
124830.0331902818
 21
66368.32590329715
 31
0.0
  0
LINE
  5
30EB
330
1F
100
AcDbEntity
  8
27
100
AcDbLine
 10
138725.1422800498
 20
56392.9749391154
 30
0.0
 11
134488.8618531615
 21
50728.632894175
 31
0.0
  0
LINE
  5
30EC
330
1F
100
AcDbEntity
  8
27
100
AcDbLine
 10
134488.8618531615
 20
50728.632894175
 30
0.0
 11
134897.3680452808
 21
50584.08303555601
 31
0.0
  0
LINE
  5
30ED
330
1F
100
AcDbEntity
  8
27
100
AcDbLine
 10
134897.3680452808
 20
50584.08303555601
 30
0.0
 11
133953.3316787147
 21
47916.1821118713
 31
0.0
  0
LINE
  5
30EE
330
1F
100
AcDbEntity
  8
27
100
AcDbLine
 10
133953.3316787147
 20
47916.1821118713
 30
0.0
 11
132713.5618765686
 21
48354.87448196799
 31
0.0
  0
LINE
  5
30EF
330
1F
100
AcDbEntity
  8
27
100
AcDbLine
 10
132713.5618765686
 20
48354.87448196799
 30
0.0
 11
121681.9238218604
 21
33604.44132810179
 31
0.0
  0
LINE
  5
30F0
330
1F
100
AcDbEntity
  8
27
100
AcDbLine
 10
121681.9238218604
 20
33604.44132810179
 30
0.0
 11
129387.3364043339
 21
30421.3929039383
 31
0.0
  0
LINE
  5
30F1
330
1F
100
AcDbEntity
  8
27
100
AcDbLine
 10
129387.3364043339
 20
30421.3929039383
 30
0.0
 11
140838.3363766755
 21
25319.71877886427
 31
0.0
  0
LINE
  5
30F2
330
1F
100
AcDbEntity
  8
27
100
AcDbLine
 10
140838.3363766755
 20
25319.71877886427
 30
0.0
 11
145204.0908161361
 21
23532.91326079133
 31
0.0
  0
LINE
  5
30F3
330
1F
100
AcDbEntity
  8
27
100
AcDbLine
 10
145204.0908161361
 20
23532.91326079133
 30
0.0
 11
154695.1146777865
 21
50355.09111777727
 31
0.0
  0
LINE
  5
30F4
330
1F
100
AcDbEntity
  8
27
100
AcDbLine
 10
154695.1146777865
 20
50355.09111777727
 30
0.0
 11
150768.2369701184
 21
51746.08862876367
 31
0.0
  0
LINE
  5
30F5
330
1F
100
AcDbEntity
  8
27
100
AcDbLine
 10
150768.2369701184
 20
51746.08862876367
 30
0.0
 11
145112.700427441
 21
53749.8117654476
 31
0.0
  0
LINE
  5
30F6
330
1F
100
AcDbEntity
  8
27
100
AcDbLine
 10
145112.700427441
 20
53749.8117654476
 30
0.0
 11
141068.8906242279
 21
55304.78045659126
 31
0.0
  0
LINE
  5
30F7
330
1F
100
AcDbEntity
  8
27
100
AcDbLine
 10
141068.8906242279
 20
55304.78045659126
 30
0.0
 11
138725.1422800498
 21
56392.97493911541
 31
0.0
  0
LINE
  5
30F8
330
1F
100
AcDbEntity
  8
28
100
AcDbLine
 10
154695.1146777865
 20
50355.09111777727
 30
0.0
 11
145204.090816136
 21
23532.91326079127
 31
0.0
  0
LINE
  5
30F9
330
1F
100
AcDbEntity
  8
28
100
AcDbLine
 10
145204.090816136
 20
23532.91326079127
 30
0.0
 11
159698.0852292921
 21
17600.84595021087
 31
0.0
  0
LINE
  5
30FA
330
1F
100
AcDbEntity
  8
28
100
AcDbLine
 10
159698.0852292921
 20
17600.84595021087
 30
0.0
 11
162568.153617696
 21
16426.19123594335
 31
0.0
  0
LINE
  5
30FB
330
1F
100
AcDbEntity
  8
28
100
AcDbLine
 10
162568.153617696
 20
16426.19123594335
 30
0.0
 11
172361.7282575333
 21
44103.3949469986
 31
0.0
  0
LINE
  5
30FC
330
1F
100
AcDbEntity
  8
28
100
AcDbLine
 10
172361.7282575333
 20
44103.3949469986
 30
0.0
 11
163964.4889045848
 21
47070.73464316723
 31
0.0
  0
LINE
  5
30FD
330
1F
100
AcDbEntity
  8
28
100
AcDbLine
 10
163964.4889045848
 20
47070.73464316723
 30
0.0
 11
158308.9523609766
 21
49074.45777985069
 31
0.0
  0
LINE
  5
30FE
330
1F
100
AcDbEntity
  8
28
100
AcDbLine
 10
158308.9523609766
 20
49074.45777985069
 30
0.0
 11
154695.1146777865
 21
50355.09111777727
 31
0.0
  0
LINE
  5
30FF
330
1F
100
AcDbEntity
  8
29
100
AcDbLine
 10
172361.7282575333
 20
44103.39494699861
 30
0.0
 11
162568.153617696
 21
16426.19123594334
 31
0.0
  0
LINE
  5
3100
330
1F
100
AcDbEntity
  8
29
100
AcDbLine
 10
162568.153617696
 20
16426.19123594334
 30
0.0
 11
170551.3363529259
 21
13966.39291326037
 31
0.0
  0
LINE
  5
3101
330
1F
100
AcDbEntity
  8
29
100
AcDbLine
 10
170551.3363529259
 20
13966.39291326037
 30
0.0
 11
183756.3363613808
 21
10515.39291011623
 31
0.0
  0
LINE
  5
3102
330
1F
100
AcDbEntity
  8
29
100
AcDbLine
 10
183756.3363613808
 20
10515.39291011623
 30
0.0
 11
185553.1812659298
 21
10315.26798701464
 31
0.0
  0
LINE
  5
3103
330
1F
100
AcDbEntity
  8
29
100
AcDbLine
 10
185553.1812659298
 20
10315.26798701464
 30
0.0
 11
187002.468489776
 21
29345.23201065824
 31
0.0
  0
LINE
  5
3104
330
1F
100
AcDbEntity
  8
29
100
AcDbLine
 10
187002.468489776
 20
29345.23201065824
 30
0.0
 11
189528.6614551974
 21
29580.75613367871
 31
0.0
  0
LINE
  5
3105
330
1F
100
AcDbEntity
  8
29
100
AcDbLine
 10
189528.6614551974
 20
29580.75613367871
 30
0.0
 11
189278.9480896118
 21
32259.14057864842
 31
0.0
  0
LINE
  5
3106
330
1F
100
AcDbEntity
  8
29
100
AcDbLine
 10
189278.9480896118
 20
32259.14057864842
 30
0.0
 11
188186.2119693934
 21
32645.80510107323
 31
0.0
  0
LINE
  5
3107
330
1F
100
AcDbEntity
  8
29
100
AcDbLine
 10
188186.2119693934
 20
32645.80510107323
 30
0.0
 11
190658.0124791205
 21
39631.25512894557
 31
0.0
  0
LINE
  5
3108
330
1F
100
AcDbEntity
  8
29
100
AcDbLine
 10
190658.0124791205
 20
39631.25512894557
 30
0.0
 11
185677.7884799588
 21
40505.01108342862
 31
0.0
  0
LINE
  5
3109
330
1F
100
AcDbEntity
  8
29
100
AcDbLine
 10
185677.7884799588
 20
40505.01108342862
 30
0.0
 11
181579.8306099746
 21
41414.02464591327
 31
0.0
  0
LINE
  5
310A
330
1F
100
AcDbEntity
  8
29
100
AcDbLine
 10
181579.8306099746
 20
41414.02464591327
 30
0.0
 11
177521.0387908942
 21
42484.43266271903
 31
0.0
  0
LINE
  5
310B
330
1F
100
AcDbEntity
  8
29
100
AcDbLine
 10
177521.0387908942
 20
42484.43266271903
 30
0.0
 11
173507.7667643196
 21
43714.55948782933
 31
0.0
  0
LINE
  5
310C
330
1F
100
AcDbEntity
  8
29
100
AcDbLine
 10
173507.7667643196
 20
43714.55948782933
 30
0.0
 11
172361.7282575333
 21
44103.39494699861
 31
0.0
  0
LINE
  5
310D
330
1F
100
AcDbEntity
  8
30
100
AcDbLine
 10
190658.0124791205
 20
39631.25512894557
 30
0.0
 11
188186.2119693934
 21
32645.80510107323
 31
0.0
  0
LINE
  5
310E
330
1F
100
AcDbEntity
  8
30
100
AcDbLine
 10
188186.2119693934
 20
32645.80510107323
 30
0.0
 11
189278.9480896118
 21
32259.14057864842
 31
0.0
  0
LINE
  5
310F
330
1F
100
AcDbEntity
  8
30
100
AcDbLine
 10
189278.9480896118
 20
32259.14057864842
 30
0.0
 11
189528.6614551974
 21
29580.75613367871
 31
0.0
  0
LINE
  5
3110
330
1F
100
AcDbEntity
  8
30
100
AcDbLine
 10
189528.6614551974
 20
29580.75613367871
 30
0.0
 11
187002.468489776
 21
29345.23201065824
 31
0.0
  0
LINE
  5
3111
330
1F
100
AcDbEntity
  8
30
100
AcDbLine
 10
187002.468489776
 20
29345.23201065824
 30
0.0
 11
185553.1812659298
 21
10315.2679870146
 31
0.0
  0
LINE
  5
3112
330
1F
100
AcDbEntity
  8
30
100
AcDbLine
 10
185553.1812659298
 20
10315.2679870146
 30
0.0
 11
206435.335678252
 21
8049.390955372592
 31
0.0
  0
LINE
  5
3113
330
1F
100
AcDbEntity
  8
30
100
AcDbLine
 10
206435.335678252
 20
8049.390955372592
 30
0.0
 11
211924.549046719
 21
9068.249946526032
 31
0.0
  0
LINE
  5
3114
330
1F
100
AcDbEntity
  8
30
100
AcDbLine
 10
211924.549046719
 20
9068.249946526032
 30
0.0
 11
208953.0899834811
 21
40939.63062088412
 31
0.0
  0
LINE
  5
3115
330
1F
100
AcDbEntity
  8
30
100
AcDbLine
 10
208953.0899834811
 20
40939.63062088412
 30
0.0
 11
207662.090409855
 21
40242.5704200504
 31
0.0
  0
LINE
  5
3116
330
1F
100
AcDbEntity
  8
30
100
AcDbLine
 10
207662.090409855
 20
40242.5704200504
 30
0.0
 11
206073.8414971964
 21
39615.6710493759
 31
0.0
  0
LINE
  5
3117
330
1F
100
AcDbEntity
  8
30
100
AcDbLine
 10
206073.8414971964
 20
39615.6710493759
 30
0.0
 11
203401.9383172222
 21
38927.9479716554
 31
0.0
  0
LINE
  5
3118
330
1F
100
AcDbEntity
  8
30
100
AcDbLine
 10
203401.9383172222
 20
38927.9479716554
 30
0.0
 11
200647.5795813414
 21
38655.20812941051
 31
0.0
  0
LINE
  5
3119
330
1F
100
AcDbEntity
  8
30
100
AcDbLine
 10
200647.5795813414
 20
38655.20812941051
 30
0.0
 11
198142.2616083854
 21
38759.29084667759
 31
0.0
  0
LINE
  5
311A
330
1F
100
AcDbEntity
  8
30
100
AcDbLine
 10
198142.2616083854
 20
38759.29084667759
 30
0.0
 11
193965.4908765327
 21
39176.6044217277
 31
0.0
  0
LINE
  5
311B
330
1F
100
AcDbEntity
  8
30
100
AcDbLine
 10
193965.4908765327
 20
39176.6044217277
 30
0.0
 11
190658.0124791206
 21
39631.25512894587
 31
0.0
  0
LINE
  5
311C
330
1F
100
AcDbEntity
  8
31
100
AcDbLine
 10
208953.0899834811
 20
40939.63062088366
 30
0.0
 11
211924.5538887667
 21
9068.198011519731
 31
0.0
  0
LINE
  5
311D
330
1F
100
AcDbEntity
  8
31
100
AcDbLine
 10
211924.5538887667
 20
9068.198011519731
 30
0.0
 11
225757.3356770153
 21
11697.39095541403
 31
0.0
  0
LINE
  5
311E
330
1F
100
AcDbEntity
  8
31
100
AcDbLine
 10
225757.3356770153
 20
11697.39095541403
 30
0.0
 11
230381.5927486801
 21
12974.89405563766
 31
0.0
  0
LINE
  5
311F
330
1F
100
AcDbEntity
  8
31
100
AcDbLine
 10
230381.5927486801
 20
12974.89405563766
 30
0.0
 11
227573.9713634534
 21
43088.97877081607
 31
0.0
  0
LINE
  5
3120
330
1F
100
AcDbEntity
  8
31
100
AcDbLine
 10
227573.9713634534
 20
43088.97877081607
 30
0.0
 11
209878.2422863195
 21
41439.15584396838
 31
0.0
  0
LINE
  5
3121
330
1F
100
AcDbEntity
  8
31
100
AcDbLine
 10
209878.2422863195
 20
41439.15584396838
 30
0.0
 11
208953.0899834811
 21
40939.63062088366
 31
0.0
  0
LINE
  5
3122
330
1F
100
AcDbEntity
  8
32
100
AcDbLine
 10
226933.4426562066
 20
49959.18422445381
 30
0.0
 11
230381.592748679
 21
12974.89405563735
 31
0.0
  0
LINE
  5
3123
330
1F
100
AcDbEntity
  8
32
100
AcDbLine
 10
230381.592748679
 20
12974.89405563735
 30
0.0
 11
252863.2921942213
 21
19263.4949417723
 31
0.0
  0
LINE
  5
3124
330
1F
100
AcDbEntity
  8
32
100
AcDbLine
 10
226933.4426562066
 20
49959.18422445381
 30
0.0
 11
244992.0151850611
 21
51642.83607368718
 31
0.0
  0
SPLINE
  5
3125
330
1F
100
AcDbEntity
  8
32
100
AcDbSpline
210
0.0
220
0.0
230
1.0
 70
  1064
 71
     3
 72
     9
 73
     5
 74
     3
 42
0.000000001
 43
0.0000000001
 44
0.0000000001
 40
0.0
 40
0.0
 40
0.0
 40
0.0
 40
16438.04046059452
 40
33369.36628084306
 40
33369.36628084306
 40
33369.36628084306
 40
33369.36628084306
 10
244992.0151850611
 20
51642.83607368718
 30
0.0
 10
245858.4631787466
 20
46222.84058700098
 30
0.0
 10
247617.3602038455
 20
35220.20222087021
 30
0.0
 10
251097.4997070826
 20
24634.55843867218
 30
0.0
 10
252863.2921807339
 20
19263.49497929878
 30
0.0
 11
244992.0151850611
 21
51642.83607368718
 31
0.0
 11
248009.0416159828
 21
35484.03891241115
 31
0.0
 11
252863.2921807339
 21
19263.49497929878
 31
0.0
  0
LINE
  5
3126
330
1F
100
AcDbEntity
  8
33
100
AcDbLine
 10
217595.0248000879
 20
65835.85283637361
 30
0.0
 11
243309.4947022061
 21
68233.28567518652
 31
0.0
  0
LINE
  5
3127
330
1F
100
AcDbEntity
  8
33
100
AcDbLine
 10
243309.4947022061
 20
68233.28567518652
 30
0.0
 11
243431.4922406619
 21
66742.2617449248
 31
0.0
  0
LINE
  5
3128
330
1F
100
AcDbEntity
  8
33
100
AcDbLine
 10
243431.4922406619
 20
66742.2617449248
 30
0.0
 11
244992.0151850611
 21
51642.83607368718
 31
0.0
  0
LINE
  5
3129
330
1F
100
AcDbEntity
  8
33
100
AcDbLine
 10
244992.0151850611
 20
51642.83607368718
 30
0.0
 11
216566.3495055196
 21
48992.63077586783
 31
0.0
  0
LINE
  5
312A
330
1F
100
AcDbEntity
  8
33
100
AcDbLine
 10
216566.3495055196
 20
48992.63077586783
 30
0.0
 11
217005.2333902122
 21
49888.48216096018
 31
0.0
  0
LINE
  5
312B
330
1F
100
AcDbEntity
  8
33
100
AcDbLine
 10
217005.2333902122
 20
49888.48216096018
 30
0.0
 11
217855.3308080473
 21
52514.22793452056
 31
0.0
  0
LINE
  5
312C
330
1F
100
AcDbEntity
  8
33
100
AcDbLine
 10
217855.3308080473
 20
52514.22793452056
 30
0.0
 11
218296.6287871442
 21
55238.6476124589
 31
0.0
  0
LINE
  5
312D
330
1F
100
AcDbEntity
  8
33
100
AcDbLine
 10
218296.6287871442
 20
55238.6476124589
 30
0.0
 11
218318.8814334195
 21
57998.48661289119
 31
0.0
  0
LINE
  5
312E
330
1F
100
AcDbEntity
  8
33
100
AcDbLine
 10
218318.8814334195
 20
57998.48661289119
 30
0.0
 11
218126.4385748265
 21
60111.55037038249
 31
0.0
  0
LINE
  5
312F
330
1F
100
AcDbEntity
  8
33
100
AcDbLine
 10
218126.4385748265
 20
60111.55037038249
 30
0.0
 11
217595.0247991706
 21
65835.85283628809
 31
0.0
  0
LINE
  5
3130
330
1F
100
AcDbEntity
  8
34
100
AcDbLine
 10
217595.0247991706
 20
65835.85283628809
 30
0.0
 11
243311.5283441382
 21
68233.47527738206
 31
0.0
  0
LINE
  5
3131
330
1F
100
AcDbEntity
  8
34
100
AcDbLine
 10
243311.5283441382
 20
68233.47527738206
 30
0.0
 11
242412.0794217599
 21
83884.68811376167
 31
0.0
  0
LINE
  5
3132
330
1F
100
AcDbEntity
  8
34
100
AcDbLine
 10
242412.0794217599
 20
83884.68811376167
 30
0.0
 11
242345.6010414386
 21
84815.40963178884
 31
0.0
  0
LINE
  5
3133
330
1F
100
AcDbEntity
  8
34
100
AcDbLine
 10
242345.6010414386
 20
84815.40963178884
 30
0.0
 11
216060.567036627
 21
82364.78148614464
 31
0.0
  0
LINE
  5
3134
330
1F
100
AcDbEntity
  8
34
100
AcDbLine
 10
216060.567036627
 20
82364.78148614464
 30
0.0
 11
217017.192085229
 21
72060.17255985166
 31
0.0
  0
LINE
  5
3135
330
1F
100
AcDbEntity
  8
34
100
AcDbLine
 10
217017.192085229
 20
72060.17255985166
 30
0.0
 11
217595.0247991706
 21
65835.85283628809
 31
0.0
  0
LINE
  5
3136
330
1F
100
AcDbEntity
  8
35
100
AcDbLine
 10
214526.1092728448
 20
98893.71013588586
 30
0.0
 11
216060.5670366272
 21
82364.78148614466
 31
0.0
  0
LINE
  5
3137
330
1F
100
AcDbEntity
  8
35
100
AcDbLine
 10
216060.5670366272
 20
82364.78148614466
 30
0.0
 11
242345.6010414386
 21
84815.40963178884
 31
0.0
  0
LINE
  5
3138
330
1F
100
AcDbEntity
  8
35
100
AcDbLine
 10
214526.109272845
 20
98893.71013588588
 30
0.0
 11
242158.2543984416
 21
101469.93326563
 31
0.0
  0
SPLINE
  5
3139
330
1F
100
AcDbEntity
  8
35
100
AcDbSpline
210
0.0
220
0.0
230
1.0
 70
     8
 71
     3
 72
     8
 73
     4
 74
     0
 42
0.000000001
 43
0.0000000001
 40
0.0
 40
0.0
 40
0.0
 40
0.0
 40
16655.57733117701
 40
16655.57733117701
 40
16655.57733117701
 40
16655.57733117701
 10
242158.2543984417
 20
101469.93326563
 30
0.0
 10
242062.8587999563
 20
95918.42538768297
 30
0.0
 10
242107.7821955234
 20
94364.59230256334
 30
0.0
 10
242345.6010414386
 20
84815.40963178884
 30
0.0
  0
LINE
  5
313B
330
1F
100
AcDbEntity
  8
36
100
AcDbLine
 10
212991.6515092233
 20
115422.6387856422
 30
0.0
 11
214526.1092728448
 21
98893.71013588586
 31
0.0
  0
LINE
  5
313C
330
1F
100
AcDbEntity
  8
36
100
AcDbLine
 10
214526.1092728448
 20
98893.71013588586
 30
0.0
 11
242158.2543984417
 21
101469.93326563
 31
0.0
  0
LINE
  5
313D
330
1F
100
AcDbEntity
  8
36
100
AcDbLine
 10
212991.6515092233
 20
115422.6387856422
 30
0.0
 11
244973.2282999876
 21
118404.3717448296
 31
0.0
  0
SPLINE
  5
313E
330
1F
100
AcDbEntity
  8
36
100
AcDbSpline
210
0.0
220
0.0
230
1.0
 70
     8
 71
     3
 72
     8
 73
     4
 74
     0
 42
0.000000001
 43
0.0000000001
 40
0.0
 40
0.0
 40
0.0
 40
0.0
 40
17166.8076435946
 40
17166.8076435946
 40
17166.8076435946
 40
17166.8076435946
 10
244973.2282999876
 20
118404.3717448296
 30
0.0
 10
243600.3388994518
 20
113502.7724286585
 30
0.0
 10
242272.4888716676
 20
107114.7460920299
 30
0.0
 10
242158.2543984417
 20
101469.93326563
 30
0.0
  0
LINE
  5
3141
330
1F
100
AcDbEntity
  8
47
100
AcDbLine
 10
236602.3058514577
 20
117623.9269429088
 30
0.0
 11
225988.106590729
 21
146280.8068439613
 31
0.0
  0
LINE
  5
3142
330
1F
100
AcDbEntity
  8
47
100
AcDbLine
 10
225988.106590729
 20
146280.8068439613
 30
0.0
 11
217655.4477205055
 21
143495.1909988211
 31
0.0
  0
LINE
  5
3143
330
1F
100
AcDbEntity
  8
47
100
AcDbLine
 10
217655.4477205055
 20
143495.1909988211
 30
0.0
 11
211586.0010808782
 21
141990.0297801724
 31
0.0
  0
LINE
  5
3144
330
1F
100
AcDbEntity
  8
47
100
AcDbLine
 10
211586.0010808782
 20
141990.0297801724
 30
0.0
 11
209382.4787425926
 21
138209.4476330498
 31
0.0
  0
LINE
  5
3145
330
1F
100
AcDbEntity
  8
47
100
AcDbLine
 10
209382.4787425926
 20
138209.4476330498
 30
0.0
 11
211896.4073765219
 21
126834.4812311028
 31
0.0
  0
LINE
  5
3146
330
1F
100
AcDbEntity
  8
47
100
AcDbLine
 10
211896.4073765219
 20
126834.4812311028
 30
0.0
 11
212991.6515092232
 21
115422.6387856422
 31
0.0
  0
LINE
  5
3147
330
1F
100
AcDbEntity
  8
47
100
AcDbLine
 10
212991.6515092232
 20
115422.6387856422
 30
0.0
 11
236602.3058514577
 21
117623.9269429088
 31
0.0
  0
LINE
  5
3149
330
1F
100
AcDbEntity
  8
48
100
AcDbLine
 10
241445.4585405659
 20
153079.3897453161
 30
0.0
 11
235731.3057534164
 21
150566.1428735029
 31
0.0
  0
LINE
  5
314A
330
1F
100
AcDbEntity
  8
48
100
AcDbLine
 10
235731.3057534164
 20
150566.1428735029
 30
0.0
 11
229610.704705031
 21
147874.1284994622
 31
0.0
  0
LINE
  5
314B
330
1F
100
AcDbEntity
  8
48
100
AcDbLine
 10
229610.704705031
 20
147874.1284994622
 30
0.0
 11
227686.6654817355
 21
147027.8813409914
 31
0.0
  0
LINE
  5
314C
330
1F
100
AcDbEntity
  8
48
100
AcDbLine
 10
227686.6654817355
 20
147027.8813409914
 30
0.0
 11
225988.1065907291
 21
146280.8068439613
 31
0.0
  0
LINE
  5
314D
330
1F
100
AcDbEntity
  8
48
100
AcDbLine
 10
225988.1065907291
 20
146280.8068439613
 30
0.0
 11
236602.3058514578
 21
117623.9269429085
 31
0.0
  0
LINE
  5
314E
330
1F
100
AcDbEntity
  8
48
100
AcDbLine
 10
236602.3058514578
 20
117623.9269429085
 30
0.0
 11
244973.2282999876
 21
118404.3717448296
 31
0.0
  0
LINE
  5
314F
330
1F
100
AcDbEntity
  8
48
100
AcDbLine
 10
225988.1065907291
 20
146280.8068439613
 30
0.0
 11
241445.4585405659
 21
153079.3897453161
 31
0.0
  0
LINE
  5
3150
330
1F
100
AcDbEntity
  8
48
100
AcDbLine
 10
241445.4585405659
 20
153079.3897453161
 30
0.0
 11
242060.2199274228
 21
152738.7759775346
 31
0.0
  0
LINE
  5
3151
330
1F
100
AcDbEntity
  8
48
100
AcDbLine
 10
242060.2199274228
 20
152738.7759775346
 30
0.0
 11
246417.1140777871
 21
151936.5497138429
 31
0.0
  0
LINE
  5
3152
330
1F
100
AcDbEntity
  8
48
100
AcDbLine
 10
246417.1140777871
 20
151936.5497138429
 30
0.0
 11
250634.1471817178
 21
152322.5202547185
 31
0.0
  0
LINE
  5
3153
330
1F
100
AcDbEntity
  8
48
100
AcDbLine
 10
250634.1471817178
 20
152322.5202547185
 30
0.0
 11
254165.4065703495
 21
153973.443795692
 31
0.0
  0
LINE
  5
3154
330
1F
100
AcDbEntity
  8
48
100
AcDbLine
 10
254165.4065703495
 20
153973.443795692
 30
0.0
 11
255666.0880707076
 21
155748.0991291482
 31
0.0
  0
LINE
  5
3155
330
1F
100
AcDbEntity
  8
48
100
AcDbLine
 10
255666.0880707076
 20
155748.0991291482
 30
0.0
 11
258248.736457891
 21
158311.0401133593
 31
0.0
  0
LINE
  5
3156
330
1F
100
AcDbEntity
  8
48
100
AcDbLine
 10
258248.736457891
 20
158311.0401133593
 30
0.0
 11
260830.4825210819
 21
159781.5989863992
 31
0.0
  0
LINE
  5
3157
330
1F
100
AcDbEntity
  8
48
100
AcDbLine
 10
260830.4825210819
 20
159781.5989863992
 30
0.0
 11
263652.5901343344
 21
151556.6681702844
 31
0.0
  0
SPLINE
  5
3158
330
1F
100
AcDbEntity
  8
48
100
AcDbSpline
210
0.0
220
0.0
230
1.0
 70
  1064
 71
     3
 72
     9
 73
     5
 74
     3
 42
0.000000001
 43
0.0000000001
 44
0.0000000001
 40
0.0
 40
0.0
 40
0.0
 40
0.0
 40
27207.67654358615
 40
38263.60571635881
 40
38263.60571635881
 40
38263.60571635881
 40
38263.60571635881
 10
263652.5901343344
 20
151556.6681702843
 30
0.0
 10
258015.576311726
 20
144304.2289713366
 30
0.0
 10
250087.9433151923
 20
134104.737164462
 30
0.0
 10
246119.790753874
 20
121923.9128040937
 30
0.0
 10
244973.2282999876
 20
118404.3717448296
 30
0.0
 11
263652.5901343344
 21
151556.6681702843
 31
0.0
 11
248743.4806941257
 21
128797.5794670807
 31
0.0
 11
244973.2282999876
 21
118404.3717448296
 31
0.0
  0
LINE
  5
316D
330
1F
100
AcDbEntity
  8
9
100
AcDbLine
 10
98886.20615685603
 20
215179.2372153738
 30
0.0
 11
130487.0459804679
 21
200619.0106995811
 31
0.0
  0
LINE
  5
316E
330
1F
100
AcDbEntity
  8
9
100
AcDbLine
 10
130487.0459804679
 20
200619.0106995811
 30
0.0
 11
139110.3402211639
 21
219334.608273323
 31
0.0
  0
LINE
  5
316F
330
1F
100
AcDbEntity
  8
9
100
AcDbLine
 10
139110.3402211639
 20
219334.608273323
 30
0.0
 11
135874.0668200162
 21
220126.2887630154
 31
0.0
  0
LINE
  5
3170
330
1F
100
AcDbEntity
  8
9
100
AcDbLine
 10
135874.0668200162
 20
220126.2887630154
 30
0.0
 11
131912.1115354487
 21
221166.7898959288
 31
0.0
  0
LINE
  5
3171
330
1F
100
AcDbEntity
  8
9
100
AcDbLine
 10
131912.1115354487
 20
221166.7898959288
 30
0.0
 11
127954.4608805786
 21
222282.4266136986
 31
0.0
  0
LINE
  5
3172
330
1F
100
AcDbEntity
  8
9
100
AcDbLine
 10
127954.4608805786
 20
222282.4266136986
 30
0.0
 11
120117.3821747222
 21
224721.5424484299
 31
0.0
  0
LINE
  5
3173
330
1F
100
AcDbEntity
  8
9
100
AcDbLine
 10
120117.3821747222
 20
224721.5424484299
 30
0.0
 11
114562.2272312693
 21
226629.9514026231
 31
0.0
  0
LINE
  5
3174
330
1F
100
AcDbEntity
  8
9
100
AcDbLine
 10
114562.2272312693
 20
226629.9514026231
 30
0.0
 11
113892.2989986351
 21
226819.9045355619
 31
0.0
  0
LINE
  5
3175
330
1F
100
AcDbEntity
  8
9
100
AcDbLine
 10
113892.2989986351
 20
226819.9045355619
 30
0.0
 11
113402.745765247
 21
226927.851266259
 31
0.0
  0
LINE
  5
3176
330
1F
100
AcDbEntity
  8
9
100
AcDbLine
 10
113402.745765247
 20
226927.851266259
 30
0.0
 11
111945.5844629753
 21
227115.3721423693
 31
0.0
  0
LINE
  5
3177
330
1F
100
AcDbEntity
  8
9
100
AcDbLine
 10
111945.5844629753
 20
227115.3721423693
 30
0.0
 11
110636.1118481235
 21
227127.7597934489
 31
0.0
  0
LINE
  5
3178
330
1F
100
AcDbEntity
  8
9
100
AcDbLine
 10
110636.1118481235
 20
227127.7597934489
 30
0.0
 11
109334.3616512838
 21
226985.217136033
 31
0.0
  0
LINE
  5
3179
330
1F
100
AcDbEntity
  8
9
100
AcDbLine
 10
109334.3616512838
 20
226985.217136033
 30
0.0
 11
108058.5999973008
 21
226689.7443250265
 31
0.0
  0
LINE
  5
317A
330
1F
100
AcDbEntity
  8
9
100
AcDbLine
 10
108058.5999973008
 20
226689.7443250265
 30
0.0
 11
106724.2024215927
 21
226208.5129213879
 31
0.0
  0
LINE
  5
317B
330
1F
100
AcDbEntity
  8
9
100
AcDbLine
 10
106724.2024215927
 20
226208.5129213879
 30
0.0
 11
105182.6504366283
 21
225346.3860334584
 31
0.0
  0
LINE
  5
317C
330
1F
100
AcDbEntity
  8
9
100
AcDbLine
 10
105182.6504366283
 20
225346.3860334584
 30
0.0
 11
104562.938934398
 21
224937.556830099
 31
0.0
  0
LINE
  5
317D
330
1F
100
AcDbEntity
  8
9
100
AcDbLine
 10
104562.938934398
 20
224937.556830099
 30
0.0
 11
103562.7866261642
 21
224092.2359783857
 31
0.0
  0
LINE
  5
317E
330
1F
100
AcDbEntity
  8
9
100
AcDbLine
 10
103562.7866261642
 20
224092.2359783857
 30
0.0
 11
102669.609438492
 21
223134.5792038805
 31
0.0
  0
LINE
  5
317F
330
1F
100
AcDbEntity
  8
9
100
AcDbLine
 10
102669.609438492
 20
223134.5792038805
 30
0.0
 11
101895.9404136181
 21
222078.0243228133
 31
0.0
  0
LINE
  5
3180
330
1F
100
AcDbEntity
  8
9
100
AcDbLine
 10
101895.9404136181
 20
222078.0243228133
 30
0.0
 11
101190.722980044
 21
220827.6210886155
 31
0.0
  0
LINE
  5
3181
330
1F
100
AcDbEntity
  8
9
100
AcDbLine
 10
101190.722980044
 20
220827.6210886155
 30
0.0
 11
100839.3588965164
 21
220037.145798107
 31
0.0
  0
LINE
  5
3182
330
1F
100
AcDbEntity
  8
9
100
AcDbLine
 10
100839.3588965164
 20
220037.145798107
 30
0.0
 11
98886.20615685605
 21
215179.2372153738
 31
0.0
  0
LINE
  5
3183
330
1F
100
AcDbEntity
  8
10
100
AcDbLine
 10
98886.20615685605
 20
215179.2372153738
 30
0.0
 11
130487.045980468
 21
200619.010699581
 31
0.0
  0
LINE
  5
3184
330
1F
100
AcDbEntity
  8
10
100
AcDbLine
 10
130487.045980468
 20
200619.010699581
 30
0.0
 11
123540.4265982449
 21
185542.3904165715
 31
0.0
  0
LINE
  5
3185
330
1F
100
AcDbEntity
  8
10
100
AcDbLine
 10
123540.4265982449
 20
185542.3904165715
 30
0.0
 11
92686.23924088071
 21
199758.5935109038
 31
0.0
  0
LINE
  5
3186
330
1F
100
AcDbEntity
  8
10
100
AcDbLine
 10
92686.23924088071
 20
199758.5935109038
 30
0.0
 11
98886.20615685603
 21
215179.2372153738
 31
0.0
  0
LINE
  5
3187
330
1F
100
AcDbEntity
  8
11
100
AcDbLine
 10
130079.6835884719
 20
182529.3988772915
 30
0.0
 11
92686.23924088071
 21
199758.5935109038
 31
0.0
  0
LINE
  5
3188
330
1F
100
AcDbEntity
  8
11
100
AcDbLine
 10
92686.23924088071
 20
199758.5935109038
 30
0.0
 11
87244.80580150325
 21
186217.9567697993
 31
0.0
  0
LINE
  5
3189
330
1F
100
AcDbEntity
  8
11
100
AcDbLine
 10
87244.80580150325
 20
186217.9567697993
 30
0.0
 11
86067.02514063391
 21
182800.1094198519
 31
0.0
  0
LINE
  5
318A
330
1F
100
AcDbEntity
  8
11
100
AcDbLine
 10
86067.02514063391
 20
182800.1094198519
 30
0.0
 11
85592.08519145181
 21
181095.8688410787
 31
0.0
  0
LINE
  5
318B
330
1F
100
AcDbEntity
  8
11
100
AcDbLine
 10
85592.08519145181
 20
181095.8688410787
 30
0.0
 11
85185.26598489975
 21
179374.0959044008
 31
0.0
  0
LINE
  5
318C
330
1F
100
AcDbEntity
  8
11
100
AcDbLine
 10
85185.26598489975
 20
179374.0959044008
 30
0.0
 11
84847.21060864309
 21
177637.5123423004
 31
0.0
  0
LINE
  5
318D
330
1F
100
AcDbEntity
  8
11
100
AcDbLine
 10
84847.21060864309
 20
177637.5123423004
 30
0.0
 11
84578.45345227759
 21
175888.8632942188
 31
0.0
  0
LINE
  5
318E
330
1F
100
AcDbEntity
  8
11
100
AcDbLine
 10
84578.45345227759
 20
175888.8632942188
 30
0.0
 11
84370.63652998075
 21
174053.3394572034
 31
0.0
  0
LINE
  5
318F
330
1F
100
AcDbEntity
  8
11
100
AcDbLine
 10
84370.63652998075
 20
174053.3394572034
 30
0.0
 11
84247.50844341174
 21
172338.2702795807
 31
0.0
  0
LINE
  5
3190
330
1F
100
AcDbEntity
  8
11
100
AcDbLine
 10
84247.50844341174
 20
172338.2702795807
 30
0.0
 11
84191.34232524237
 21
170648.0139663816
 31
0.0
  0
LINE
  5
3191
330
1F
100
AcDbEntity
  8
11
100
AcDbLine
 10
84191.34232524237
 20
170648.0139663816
 30
0.0
 11
84195.6432672044
 21
169990.9159036444
 31
0.0
  0
LINE
  5
3192
330
1F
100
AcDbEntity
  8
11
100
AcDbLine
 10
84195.6432672044
 20
169990.9159036444
 30
0.0
 11
124701.8845188035
 21
169174.5983855637
 31
0.0
  0
LINE
  5
3193
330
1F
100
AcDbEntity
  8
11
100
AcDbLine
 10
124701.8845188035
 20
169174.5983855637
 30
0.0
 11
124701.8845188035
 21
170857.6733845709
 31
0.0
  0
LINE
  5
3194
330
1F
100
AcDbEntity
  8
11
100
AcDbLine
 10
124701.8845188035
 20
170857.6733845709
 30
0.0
 11
130079.6835884719
 21
182529.3988772916
 31
0.0
  0
LINE
  5
3195
330
1F
100
AcDbEntity
  8
40
100
AcDbLine
 10
84194.9621702704
 20
169990.9296297108
 30
0.0
 11
124701.8845188035
 21
169174.5983855635
 31
0.0
  0
LINE
  5
3196
330
1F
100
AcDbEntity
  8
40
100
AcDbLine
 10
124701.8845188035
 20
169174.5983855635
 30
0.0
 11
124903.0353242449
 21
157803.9210980696
 31
0.0
  0
LINE
  5
3197
330
1F
100
AcDbEntity
  8
40
100
AcDbLine
 10
124903.0353242449
 20
157803.9210980696
 30
0.0
 11
125990.6623022796
 21
155920.8051343813
 31
0.0
  0
LINE
  5
3198
330
1F
100
AcDbEntity
  8
40
100
AcDbLine
 10
125990.6623022796
 20
155920.8051343813
 30
0.0
 11
110855.9448564887
 21
147179.4810118169
 31
0.0
  0
LINE
  5
3199
330
1F
100
AcDbEntity
  8
40
100
AcDbLine
 10
110855.9448564887
 20
147179.4810118169
 30
0.0
 11
91110.8295750747
 21
142561.0151126999
 31
0.0
  0
LINE
  5
319A
330
1F
100
AcDbEntity
  8
40
100
AcDbLine
 10
91110.8295750747
 20
142561.0151126999
 30
0.0
 11
89272.7489189968
 21
147383.2764252484
 31
0.0
  0
LINE
  5
319B
330
1F
100
AcDbEntity
  8
40
100
AcDbLine
 10
89272.7489189968
 20
147383.2764252484
 30
0.0
 11
88006.87931108255
 21
151024.9931875384
 31
0.0
  0
LINE
  5
319C
330
1F
100
AcDbEntity
  8
40
100
AcDbLine
 10
88006.87931108255
 20
151024.9931875384
 30
0.0
 11
86831.09641187668
 21
154700.2591596203
 31
0.0
  0
LINE
  5
319D
330
1F
100
AcDbEntity
  8
40
100
AcDbLine
 10
86831.09641187668
 20
154700.2591596203
 30
0.0
 11
85801.35862032431
 21
158144.4386494959
 31
0.0
  0
LINE
  5
319E
330
1F
100
AcDbEntity
  8
40
100
AcDbLine
 10
85801.35862032431
 20
158144.4386494959
 30
0.0
 11
84943.77134778783
 21
161833.122787505
 31
0.0
  0
LINE
  5
319F
330
1F
100
AcDbEntity
  8
40
100
AcDbLine
 10
84943.77134778783
 20
161833.122787505
 30
0.0
 11
84659.7380624502
 21
163540.1606169931
 31
0.0
  0
LINE
  5
31A0
330
1F
100
AcDbEntity
  8
40
100
AcDbLine
 10
84659.7380624502
 20
163540.1606169931
 30
0.0
 11
84437.22625660537
 21
165299.1725530078
 31
0.0
  0
LINE
  5
31A1
330
1F
100
AcDbEntity
  8
40
100
AcDbLine
 10
84437.22625660537
 20
165299.1725530078
 30
0.0
 11
84285.14368477616
 21
167061.8054685959
 31
0.0
  0
LINE
  5
31A2
330
1F
100
AcDbEntity
  8
40
100
AcDbLine
 10
84285.14368477616
 20
167061.8054685959
 30
0.0
 11
84203.24782909652
 21
168829.0906729442
 31
0.0
  0
LINE
  5
31A3
330
1F
100
AcDbEntity
  8
40
100
AcDbLine
 10
84203.24782909652
 20
168829.0906729442
 30
0.0
 11
84194.9621702704
 21
169990.9296297108
 31
0.0
  0
LINE
  5
31A4
330
1F
100
AcDbEntity
  8
41
100
AcDbLine
 10
119755.8665174616
 20
152319.7883999559
 30
0.0
 11
110855.9448564887
 21
147179.4810118169
 31
0.0
  0
LINE
  5
31A5
330
1F
100
AcDbEntity
  8
41
100
AcDbLine
 10
110855.9448564887
 20
147179.4810118169
 30
0.0
 11
91110.8295750747
 21
142561.0151126999
 31
0.0
  0
LINE
  5
31A6
330
1F
100
AcDbEntity
  8
41
100
AcDbLine
 10
91110.8295750747
 20
142561.0151126999
 30
0.0
 11
93608.67831668723
 21
136662.9614284916
 31
0.0
  0
LINE
  5
31A7
330
1F
100
AcDbEntity
  8
41
100
AcDbLine
 10
93608.67831668723
 20
136662.9614284916
 30
0.0
 11
96938.7980204617
 21
129708.8840747647
 31
0.0
  0
LINE
  5
31A8
330
1F
100
AcDbEntity
  8
41
100
AcDbLine
 10
96938.7980204617
 20
129708.8840747647
 30
0.0
 11
99716.7706655647
 21
124940.9713767803
 31
0.0
  0
LINE
  5
31A9
330
1F
100
AcDbEntity
  8
41
100
AcDbLine
 10
99716.7706655647
 20
124940.9713767803
 30
0.0
 11
102416.117410099
 21
120576.7566933653
 31
0.0
  0
LINE
  5
31AA
330
1F
100
AcDbEntity
  8
41
100
AcDbLine
 10
102416.117410099
 20
120576.7566933653
 30
0.0
 11
129166.2036024744
 21
136026.7427635779
 31
0.0
  0
LINE
  5
31AB
330
1F
100
AcDbEntity
  8
41
100
AcDbLine
 10
129166.2036024744
 20
136026.7427635779
 30
0.0
 11
119755.8665174616
 21
152319.7883999559
 31
0.0
  0
LINE
  5
31AC
330
1F
100
AcDbEntity
  8
42
100
AcDbLine
 10
129166.2036024744
 20
136026.7427635779
 30
0.0
 11
102416.117410099
 21
120576.7566933653
 31
0.0
  0
LINE
  5
31AD
330
1F
100
AcDbEntity
  8
42
100
AcDbLine
 10
102416.117410099
 20
120576.7566933653
 30
0.0
 11
111152.2498604395
 21
106452.4662167942
 31
0.0
  0
LINE
  5
31AE
330
1F
100
AcDbEntity
  8
42
100
AcDbLine
 10
111152.2498604395
 20
106452.4662167942
 30
0.0
 11
137468.6190015973
 21
121651.9513222057
 31
0.0
  0
LINE
  5
31AF
330
1F
100
AcDbEntity
  8
42
100
AcDbLine
 10
137468.6190015973
 20
121651.9513222057
 30
0.0
 11
129166.2036024743
 21
136026.7427635778
 31
0.0
  0
LINE
  5
31B0
330
1F
100
AcDbEntity
  8
43
100
AcDbLine
 10
137468.6190015973
 20
121651.9513222057
 30
0.0
 11
111150.4712659937
 21
106451.4389580701
 31
0.0
  0
LINE
  5
31B1
330
1F
100
AcDbEntity
  8
43
100
AcDbLine
 10
111150.4712659937
 20
106451.4389580701
 30
0.0
 11
117094.7900908307
 21
96844.7633979629
 31
0.0
  0
LINE
  5
31B2
330
1F
100
AcDbEntity
  8
43
100
AcDbLine
 10
117094.7900908307
 20
96844.7633979629
 30
0.0
 11
147556.5040399405
 21
99684.8251532082
 31
0.0
  0
LINE
  5
31B3
330
1F
100
AcDbEntity
  8
43
100
AcDbLine
 10
147556.5040399405
 20
99684.8251532082
 30
0.0
 11
145843.6823493728
 21
118135.0609688269
 31
0.0
  0
LINE
  5
31B4
330
1F
100
AcDbEntity
  8
43
100
AcDbLine
 10
145843.6823493728
 20
118135.0609688269
 30
0.0
 11
139740.988749493
 21
117717.5732366264
 31
0.0
  0
LINE
  5
31B5
330
1F
100
AcDbEntity
  8
43
100
AcDbLine
 10
139740.988749493
 20
117717.5732366264
 30
0.0
 11
137468.6190015973
 21
121651.9513222057
 31
0.0
  0
LINE
  5
31B6
330
1F
100
AcDbEntity
  8
44
100
AcDbLine
 10
145843.6823493728
 20
118135.0609688267
 30
0.0
 11
148328.5788074755
 21
91368.1617160536
 31
0.0
  0
LINE
  5
31B7
330
1F
100
AcDbEntity
  8
44
100
AcDbLine
 10
148328.5788074755
 20
91368.1617160536
 30
0.0
 11
164856.9004618996
 21
92909.14394339907
 31
0.0
  0
LINE
  5
31B8
330
1F
100
AcDbEntity
  8
44
100
AcDbLine
 10
164856.9004618996
 20
92909.14394339907
 30
0.0
 11
162409.566084824
 21
119271.4305873552
 31
0.0
  0
LINE
  5
31B9
330
1F
100
AcDbEntity
  8
44
100
AcDbLine
 10
162475.0821801211
 20
119275.955480886
 30
0.0
 11
145843.6823493728
 21
118135.0609688269
 31
0.0
  0
LINE
  5
31BA
330
1F
100
AcDbEntity
  8
45
100
AcDbLine
 10
162409.5660848241
 20
119271.4305873533
 30
0.0
 11
165041.7748907674
 21
90917.70675663665
 31
0.0
  0
LINE
  5
31BB
330
1F
100
AcDbEntity
  8
45
100
AcDbLine
 10
165041.7748907674
 20
90917.70675663665
 30
0.0
 11
183700.856083776
 21
92657.34572895302
 31
0.0
  0
LINE
  5
31BC
330
1F
100
AcDbEntity
  8
45
100
AcDbLine
 10
183700.856083776
 20
92657.34572895302
 30
0.0
 11
180831.7497801705
 21
123562.8907563045
 31
0.0
  0
LINE
  5
31BD
330
1F
100
AcDbEntity
  8
45
100
AcDbLine
 10
180831.7497801705
 20
123562.8907563045
 30
0.0
 11
174821.131762772
 21
121802.3091179471
 31
0.0
  0
LINE
  5
31BE
330
1F
100
AcDbEntity
  8
45
100
AcDbLine
 10
174821.131762772
 20
121802.3091179471
 30
0.0
 11
170805.7254233245
 21
120636.1052683418
 31
0.0
  0
LINE
  5
31BF
330
1F
100
AcDbEntity
  8
45
100
AcDbLine
 10
170805.7254233245
 20
120636.1052683418
 30
0.0
 11
167038.8780363626
 21
119830.5807079505
 31
0.0
  0
LINE
  5
31C0
330
1F
100
AcDbEntity
  8
45
100
AcDbLine
 10
167038.8780363626
 20
119830.5807079505
 30
0.0
 11
164207.5056747047
 21
119433.2850034266
 31
0.0
  0
LINE
  5
31C1
330
1F
100
AcDbEntity
  8
45
100
AcDbLine
 10
164207.5056747047
 20
119433.2850034266
 30
0.0
 11
162409.5660848241
 21
119271.4305873534
 31
0.0
  0
LINE
  5
31C2
330
1F
100
AcDbEntity
  8
46
100
AcDbLine
 10
180830.0063485402
 20
123581.6707173975
 30
0.0
 11
183700.856083776
 21
92657.34572895306
 31
0.0
  0
LINE
  5
31C3
330
1F
100
AcDbEntity
  8
46
100
AcDbLine
 10
183700.856083776
 20
92657.34572895306
 30
0.0
 11
204083.0018048395
 21
94557.63088603134
 31
0.0
  0
LINE
  5
31C4
330
1F
100
AcDbEntity
  8
46
100
AcDbLine
 10
204083.0018048395
 20
94557.63088603134
 30
0.0
 11
201156.9227440144
 21
126094.4860535176
 31
0.0
  0
LINE
  5
31C5
330
1F
100
AcDbEntity
  8
46
100
AcDbLine
 10
201156.9227440144
 20
126094.4860535176
 30
0.0
 11
197169.8232834131
 21
128443.4855430928
 31
0.0
  0
LINE
  5
31C6
330
1F
100
AcDbEntity
  8
46
100
AcDbLine
 10
197169.8232834131
 20
128443.4855430928
 30
0.0
 11
188244.9414728052
 21
125777.3981596011
 31
0.0
  0
LINE
  5
31C7
330
1F
100
AcDbEntity
  8
46
100
AcDbLine
 10
188244.9414728052
 20
125777.3981596011
 30
0.0
 11
180831.7497801705
 21
123562.8907563045
 31
0.0
  0
LINE
  5
31C8
330
1F
100
AcDbEntity
  8
25
100
AcDbLine
 10
117094.7900908307
 20
96844.7633979629
 30
0.0
 11
147556.0962429127
 21
99684.78713273619
 31
0.0
  0
LINE
  5
31C9
330
1F
100
AcDbEntity
  8
25
100
AcDbLine
 10
147556.0962429127
 20
99684.78713273619
 30
0.0
 11
150953.1513373713
 21
63096.69460512313
 31
0.0
  0
LINE
  5
31CA
330
1F
100
AcDbEntity
  8
25
100
AcDbLine
 10
150953.1513373713
 20
63096.69460512313
 30
0.0
 11
147954.3355242555
 21
64200.83609504799
 31
0.0
  0
LINE
  5
31CB
330
1F
100
AcDbEntity
  8
25
100
AcDbLine
 10
147954.3355242555
 20
64200.83609504799
 30
0.0
 11
145347.0539495941
 21
65223.98012771724
 31
0.0
  0
LINE
  5
31CC
330
1F
100
AcDbEntity
  8
25
100
AcDbLine
 10
145347.0539495941
 20
65223.98012771724
 30
0.0
 11
142192.362044219
 21
66747.49603329541
 31
0.0
  0
LINE
  5
31CD
330
1F
100
AcDbEntity
  8
25
100
AcDbLine
 10
142192.362044219
 20
66747.49603329541
 30
0.0
 11
139179.1462077937
 21
68534.59201407677
 31
0.0
  0
LINE
  5
31CE
330
1F
100
AcDbEntity
  8
25
100
AcDbLine
 10
139179.1462077937
 20
68534.59201407677
 30
0.0
 11
137732.5024434531
 21
69522.98303598196
 31
0.0
  0
LINE
  5
31CF
330
1F
100
AcDbEntity
  8
25
100
AcDbLine
 10
137732.5024434531
 20
69522.98303598196
 30
0.0
 11
135864.2610814135
 21
70938.7895061617
 31
0.0
  0
LINE
  5
31D0
330
1F
100
AcDbEntity
  8
25
100
AcDbLine
 10
135864.2610814135
 20
70938.7895061617
 30
0.0
 11
135003.0697811913
 21
71653.0696170564
 31
0.0
  0
LINE
  5
31D1
330
1F
100
AcDbEntity
  8
25
100
AcDbLine
 10
135003.0697811913
 20
71653.0696170564
 30
0.0
 11
133663.8344416433
 21
72845.57486376201
 31
0.0
  0
LINE
  5
31D2
330
1F
100
AcDbEntity
  8
25
100
AcDbLine
 10
133663.8344416433
 20
72845.57486376201
 30
0.0
 11
132406.2778829002
 21
74065.51194657071
 31
0.0
  0
LINE
  5
31D3
330
1F
100
AcDbEntity
  8
25
100
AcDbLine
 10
132406.2778829002
 20
74065.51194657071
 30
0.0
 11
131201.9534232734
 21
75338.0281898916
 31
0.0
  0
LINE
  5
31D4
330
1F
100
AcDbEntity
  8
25
100
AcDbLine
 10
131201.9534232734
 20
75338.0281898916
 30
0.0
 11
130053.057399376
 21
76660.80289381172
 31
0.0
  0
LINE
  5
31D5
330
1F
100
AcDbEntity
  8
25
100
AcDbLine
 10
130053.057399376
 20
76660.80289381172
 30
0.0
 11
127929.8267548818
 21
79447.39101362541
 31
0.0
  0
LINE
  5
31D6
330
1F
100
AcDbEntity
  8
25
100
AcDbLine
 10
127929.8267548818
 20
79447.39101362541
 30
0.0
 11
126913.0690963628
 21
80975.71020537952
 31
0.0
  0
LINE
  5
31D7
330
1F
100
AcDbEntity
  8
25
100
AcDbLine
 10
126913.0690963628
 20
80975.71020537952
 30
0.0
 11
125938.7045494682
 21
82546.2145311028
 31
0.0
  0
LINE
  5
31D8
330
1F
100
AcDbEntity
  8
25
100
AcDbLine
 10
125938.7045494682
 20
82546.2145311028
 30
0.0
 11
117094.7900908307
 21
96844.7633979629
 31
0.0
  0
LINE
  5
31D9
330
1F
100
AcDbEntity
  8
37
100
AcDbLine
 10
168187.5118506075
 20
57032.34143075916
 30
0.0
 11
164856.900461899
 21
92909.14394340475
 31
0.0
  0
LINE
  5
31DA
330
1F
100
AcDbEntity
  8
37
100
AcDbLine
 10
164856.900461899
 20
92909.14394340475
 30
0.0
 11
148328.2636934823
 21
91368.13245900514
 31
0.0
  0
LINE
  5
31DB
330
1F
100
AcDbEntity
  8
37
100
AcDbLine
 10
148328.2636934823
 20
91368.13245900514
 30
0.0
 11
150953.1513373713
 21
63096.69460512313
 31
0.0
  0
LINE
  5
31DC
330
1F
100
AcDbEntity
  8
37
100
AcDbLine
 10
150953.1513373713
 20
63096.69460512313
 30
0.0
 11
168187.5118506075
 21
57032.34143075916
 31
0.0
  0
LINE
  5
31DD
330
1F
100
AcDbEntity
  8
38
100
AcDbLine
 10
184366.4040277001
 20
85488.17185660677
 30
0.0
 11
165707.3228346921
 21
83748.5328842901
 31
0.0
  0
LINE
  5
31DE
330
1F
100
AcDbEntity
  8
38
100
AcDbLine
 10
165707.3228346921
 20
83748.5328842901
 30
0.0
 11
168187.5118506067
 21
57032.34143075942
 31
0.0
  0
LINE
  5
31E1
330
1F
100
AcDbEntity
  8
38
100
AcDbLine
 10
184366.4040277001
 20
85488.17185660674
 30
0.0
 11
187557.3960923479
 21
51115.32592477963
 31
0.0
  0
LINE
  5
31E2
330
1F
100
AcDbEntity
  8
38
100
AcDbLine
 10
168187.5118506067
 20
57032.34143075942
 30
0.0
 11
178673.4903241197
 21
53405.97620635886
 31
0.0
  0
LINE
  5
31E3
330
1F
100
AcDbEntity
  8
38
100
AcDbLine
 10
178673.4903241197
 20
53405.97620635886
 30
0.0
 11
182262.5894999105
 21
52381.91451638877
 31
0.0
  0
LINE
  5
31E4
330
1F
100
AcDbEntity
  8
38
100
AcDbLine
 10
182262.5894999105
 20
52381.91451638877
 30
0.0
 11
185997.3133692347
 21
51475.56850304675
 31
0.0
  0
LINE
  5
31E5
330
1F
100
AcDbEntity
  8
38
100
AcDbLine
 10
185997.3133692347
 20
51475.56850304675
 30
0.0
 11
187557.3960923479
 21
51115.32592477963
 31
0.0
  0
LINE
  5
31E6
330
1F
100
AcDbEntity
  8
39
100
AcDbLine
 10
184366.4040277001
 20
85488.17185660677
 30
0.0
 11
187557.3960923479
 21
51115.32592477963
 31
0.0
  0
LINE
  5
31E7
330
1F
100
AcDbEntity
  8
39
100
AcDbLine
 10
187557.3960923479
 20
51115.32592477963
 30
0.0
 11
191517.8570760014
 21
50423.21854023087
 31
0.0
  0
LINE
  5
31E8
330
1F
100
AcDbEntity
  8
39
100
AcDbLine
 10
191517.8570760014
 20
50423.21854023087
 30
0.0
 11
197125.5788438186
 21
49694.30863674904
 31
0.0
  0
LINE
  5
31E9
330
1F
100
AcDbEntity
  8
39
100
AcDbLine
 10
197125.5788438186
 20
49694.30863674904
 30
0.0
 11
199490.3159572514
 21
49487.90057193732
 31
0.0
  0
LINE
  5
31EA
330
1F
100
AcDbEntity
  8
39
100
AcDbLine
 10
199490.3159572514
 20
49487.90057193732
 30
0.0
 11
202226.8025539174
 21
49749.35578980424
 31
0.0
  0
LINE
  5
31EB
330
1F
100
AcDbEntity
  8
39
100
AcDbLine
 10
202226.8025539174
 20
49749.35578980424
 30
0.0
 11
203097.7461922765
 21
50051.83635944894
 31
0.0
  0
LINE
  5
31EC
330
1F
100
AcDbEntity
  8
39
100
AcDbLine
 10
203097.7461922765
 20
50051.83635944894
 30
0.0
 11
204185.6046595054
 21
50639.21288314082
 31
0.0
  0
LINE
  5
31ED
330
1F
100
AcDbEntity
  8
39
100
AcDbLine
 10
204185.6046595054
 20
50639.21288314082
 30
0.0
 11
205070.4639303448
 21
51308.55122915876
 31
0.0
  0
LINE
  5
31EE
330
1F
100
AcDbEntity
  8
39
100
AcDbLine
 10
205070.4639303448
 20
51308.55122915876
 30
0.0
 11
205843.3581365642
 21
52104.55644152301
 31
0.0
  0
LINE
  5
31EF
330
1F
100
AcDbEntity
  8
39
100
AcDbLine
 10
205843.3581365642
 20
52104.55644152301
 30
0.0
 11
206554.2252703524
 21
53104.20666680845
 31
0.0
  0
LINE
  5
31F0
330
1F
100
AcDbEntity
  8
39
100
AcDbLine
 10
206554.2252703524
 20
53104.20666680845
 30
0.0
 11
206967.6217620728
 21
53948.03309246698
 31
0.0
  0
LINE
  5
31F1
330
1F
100
AcDbEntity
  8
39
100
AcDbLine
 10
206967.6217620728
 20
53948.03309246698
 30
0.0
 11
207326.2302076031
 21
55055.68803936603
 31
0.0
  0
LINE
  5
31F2
330
1F
100
AcDbEntity
  8
39
100
AcDbLine
 10
207326.2302076031
 20
55055.68803936603
 30
0.0
 11
207503.6333439114
 21
56150.91307637083
 31
0.0
  0
LINE
  5
31F3
330
1F
100
AcDbEntity
  8
39
100
AcDbLine
 10
207503.6333439114
 20
56150.91307637083
 30
0.0
 11
207515.0306944657
 21
57564.44619824678
 31
0.0
  0
LINE
  5
31F4
330
1F
100
AcDbEntity
  8
39
100
AcDbLine
 10
207515.0306944657
 20
57564.44619824678
 30
0.0
 11
204747.7636853937
 21
87388.3837267718
 31
0.0
  0
LINE
  5
31F5
330
1F
100
AcDbEntity
  8
39
100
AcDbLine
 10
204747.7636853937
 20
87388.3837267718
 30
0.0
 11
184366.4040277001
 21
85488.17185660674
 31
0.0
  0
LINE
  5
31F8
330
1F
100
AcDbEntity
  8
19
100
AcDbLine
 10
38630.84366588499
 20
162782.4496288921
 30
0.0
 11
73708.80533823477
 21
175883.1407197866
 31
0.0
  0
LINE
  5
31F9
330
1F
100
AcDbEntity
  8
8
100
AcDbLine
 10
115975.8753091359
 20
266259.2711024958
 30
0.0
 11
105000.6221302614
 21
237067.3784767163
 31
0.0
  0
LINE
  5
31FA
330
1F
100
AcDbEntity
  8
8
100
AcDbLine
 10
105000.6221302614
 20
237067.3784767163
 30
0.0
 11
107521.7968759212
 21
237651.2952191687
 31
0.0
  0
LINE
  5
31FB
330
1F
100
AcDbEntity
  8
8
100
AcDbLine
 10
107521.7968759212
 20
237651.2952191687
 30
0.0
 11
110097.5135642356
 21
237933.3381966871
 31
0.0
  0
LINE
  5
31FC
330
1F
100
AcDbEntity
  8
8
100
AcDbLine
 10
110097.5135642356
 20
237933.3381966871
 30
0.0
 11
112688.5102664523
 21
237908.827288455
 31
0.0
  0
LINE
  5
31FD
330
1F
100
AcDbEntity
  8
8
100
AcDbLine
 10
112688.5102664523
 20
237908.827288455
 30
0.0
 11
115258.4301888492
 21
237578.1064309691
 31
0.0
  0
LINE
  5
31FE
330
1F
100
AcDbEntity
  8
8
100
AcDbLine
 10
115258.4301888492
 20
237578.1064309691
 30
0.0
 11
118642.5051990609
 21
236650.4132651844
 31
0.0
  0
LINE
  5
31FF
330
1F
100
AcDbEntity
  8
8
100
AcDbLine
 10
118642.5051990609
 20
236650.4132651844
 30
0.0
 11
121658.2130607172
 21
235597.2122629903
 31
0.0
  0
LINE
  5
3200
330
1F
100
AcDbEntity
  8
8
100
AcDbLine
 10
121658.2130607172
 20
235597.2122629903
 30
0.0
 11
122192.4997899616
 21
235417.6780533195
 31
0.0
  0
LINE
  5
3201
330
1F
100
AcDbEntity
  8
8
100
AcDbLine
 10
122192.4997899616
 20
235417.6780533195
 30
0.0
 11
131322.9202101139
 21
259740.687337391
 31
0.0
  0
LINE
  5
3202
330
1F
100
AcDbEntity
  8
8
100
AcDbLine
 10
131322.9202101139
 20
259740.687337391
 30
0.0
 11
129634.875309121
 21
260109.2711024723
 31
0.0
  0
LINE
  5
3203
330
1F
100
AcDbEntity
  8
8
100
AcDbLine
 10
129634.875309121
 20
260109.2711024723
 30
0.0
 11
122236.8753090763
 21
262789.2711024653
 31
0.0
  0
LINE
  5
3204
330
1F
100
AcDbEntity
  8
8
100
AcDbLine
 10
122236.8753090763
 20
262789.2711024653
 30
0.0
 11
115975.8753091359
 21
266259.2711024958
 31
0.0
  0
LINE
  5
320D
330
1F
100
AcDbEntity
  8
Etapa1
100
AcDbLine
 10
147965.205588339
 20
256840.3085296456
 30
0.0
 11
138149.870455158
 21
230692.7187599902
 31
0.0
  0
LINE
  5
320E
330
1F
100
AcDbEntity
  8
Etapa1
100
AcDbLine
 10
138149.870455158
 20
230692.7187599902
 30
0.0
 11
133886.9852938956
 21
220638.6356912911
 31
0.0
  0
LINE
  5
3210
330
1F
100
AcDbEntity
  8
Etapa1
100
AcDbLine
 10
133886.9852938956
 20
220638.6356912911
 30
0.0
 11
129911.2094661432
 21
221721.2828918357
 31
0.0
  0
LINE
  5
3211
330
1F
100
AcDbEntity
  8
Etapa1
100
AcDbLine
 10
129911.2094661432
 20
221721.2828918357
 30
0.0
 11
122068.3602199365
 21
224085.4001378546
 31
0.0
  0
LINE
  5
3212
330
1F
100
AcDbEntity
  8
Etapa1
100
AcDbLine
 10
122068.3602199365
 20
224085.4001378546
 30
0.0
 11
118172.1943933429
 21
225375.1760348099
 31
0.0
  0
LINE
  5
3213
330
1F
100
AcDbEntity
  8
Etapa1
100
AcDbLine
 10
118172.1943933429
 20
225375.1760348099
 30
0.0
 11
115105.1670367821
 21
226445.8731681227
 31
0.0
  0
LINE
  5
3214
330
1F
100
AcDbEntity
  8
Etapa1
100
AcDbLine
 10
115105.1670367821
 20
226445.8731681227
 30
0.0
 11
113402.745765247
 21
226927.851266259
 31
0.0
  0
LINE
  5
3215
330
1F
100
AcDbEntity
  8
Etapa1
100
AcDbLine
 10
113402.745765247
 20
226927.851266259
 30
0.0
 11
111945.5844629753
 21
227115.3721423693
 31
0.0
  0
LINE
  5
3216
330
1F
100
AcDbEntity
  8
Etapa1
100
AcDbLine
 10
111945.5844629753
 20
227115.3721423693
 30
0.0
 11
110636.1118481235
 21
227127.7597934489
 31
0.0
  0
LINE
  5
3217
330
1F
100
AcDbEntity
  8
Etapa1
100
AcDbLine
 10
110636.1118481235
 20
227127.7597934489
 30
0.0
 11
109334.3616512838
 21
226985.217136033
 31
0.0
  0
LINE
  5
3218
330
1F
100
AcDbEntity
  8
Etapa1
100
AcDbLine
 10
109334.3616512838
 20
226985.217136033
 30
0.0
 11
108058.5999973008
 21
226689.7443250265
 31
0.0
  0
LINE
  5
3219
330
1F
100
AcDbEntity
  8
Etapa1
100
AcDbLine
 10
108058.5999973008
 20
226689.7443250265
 30
0.0
 11
106724.2024215927
 21
226208.5129213879
 31
0.0
  0
LINE
  5
321A
330
1F
100
AcDbEntity
  8
Etapa1
100
AcDbLine
 10
106724.2024215927
 20
226208.5129213879
 30
0.0
 11
105182.6504366283
 21
225346.3860334584
 31
0.0
  0
LINE
  5
321B
330
1F
100
AcDbEntity
  8
Etapa1
100
AcDbLine
 10
105182.6504366283
 20
225346.3860334584
 30
0.0
 11
103562.7866261621
 21
224092.2359783835
 31
0.0
  0
LINE
  5
321C
330
1F
100
AcDbEntity
  8
Etapa1
100
AcDbLine
 10
103562.7866261621
 20
224092.2359783835
 30
0.0
 11
101895.9404136181
 21
222078.0243228133
 31
0.0
  0
LINE
  5
321D
330
1F
100
AcDbEntity
  8
Etapa1
100
AcDbLine
 10
101895.9404136181
 20
222078.0243228133
 30
0.0
 11
101190.722980044
 21
220827.6210886155
 31
0.0
  0
LINE
  5
321E
330
1F
100
AcDbEntity
  8
Etapa1
100
AcDbLine
 10
101190.722980044
 20
220827.6210886155
 30
0.0
 11
100839.3588965173
 21
220037.1457981068
 31
0.0
  0
LINE
  5
321F
330
1F
100
AcDbEntity
  8
Etapa1
100
AcDbLine
 10
100839.3588965173
 20
220037.1457981068
 30
0.0
 11
98886.20615741436
 21
215179.2372151165
 31
0.0
  0
LINE
  5
3220
330
1F
100
AcDbEntity
  8
Etapa1
100
AcDbLine
 10
98886.20615741436
 20
215179.2372151165
 30
0.0
 11
88681.77443516222
 21
189798.6331062839
 31
0.0
  0
LINE
  5
3221
330
1F
100
AcDbEntity
  8
Etapa1
100
AcDbLine
 10
88681.77443516222
 20
189798.6331062839
 30
0.0
 11
87935.70481833596
 21
187942.9984067174
 31
0.0
  0
LINE
  5
3222
330
1F
100
AcDbEntity
  8
Etapa1
100
AcDbLine
 10
87935.70481833596
 20
187942.9984067174
 30
0.0
 11
86609.33506217224
 21
184484.1236321444
 31
0.0
  0
LINE
  5
3223
330
1F
100
AcDbEntity
  8
Etapa1
100
AcDbLine
 10
86609.33506217224
 20
184484.1236321444
 30
0.0
 11
86067.02514063391
 21
182800.1094198519
 31
0.0
  0
LINE
  5
3224
330
1F
100
AcDbEntity
  8
Etapa1
100
AcDbLine
 10
86067.02514063391
 20
182800.1094198519
 30
0.0
 11
85592.08519145181
 21
181095.8688410787
 31
0.0
  0
LINE
  5
3225
330
1F
100
AcDbEntity
  8
Etapa1
100
AcDbLine
 10
85592.08519145181
 20
181095.8688410787
 30
0.0
 11
85185.2659848995
 21
179374.0959043995
 31
0.0
  0
LINE
  5
3226
330
1F
100
AcDbEntity
  8
Etapa1
100
AcDbLine
 10
85185.2659848995
 20
179374.0959043995
 30
0.0
 11
84578.45345227759
 21
175888.8632942188
 31
0.0
  0
LINE
  5
3227
330
1F
100
AcDbEntity
  8
Etapa1
100
AcDbLine
 10
84578.45345227759
 20
175888.8632942188
 30
0.0
 11
84370.63652997663
 21
174053.339457167
 31
0.0
  0
LINE
  5
3228
330
1F
100
AcDbEntity
  8
Etapa1
100
AcDbLine
 10
84370.63652997663
 20
174053.339457167
 30
0.0
 11
84191.34232524237
 21
170648.0139663816
 31
0.0
  0
LINE
  5
3229
330
1F
100
AcDbEntity
  8
Etapa1
100
AcDbLine
 10
84191.34232524237
 20
170648.0139663816
 30
0.0
 11
84285.14368477616
 21
167061.8054685959
 31
0.0
  0
LINE
  5
322A
330
1F
100
AcDbEntity
  8
Etapa1
100
AcDbLine
 10
84285.14368477616
 20
167061.8054685959
 30
0.0
 11
84659.73806245033
 21
163540.1606169921
 31
0.0
  0
LINE
  5
322B
330
1F
100
AcDbEntity
  8
Etapa1
100
AcDbLine
 10
84659.73806245033
 20
163540.1606169921
 30
0.0
 11
84943.77134778783
 21
161833.122787505
 31
0.0
  0
LINE
  5
322C
330
1F
100
AcDbEntity
  8
Etapa1
100
AcDbLine
 10
84943.77134778783
 20
161833.122787505
 30
0.0
 11
85793.07105679172
 21
158142.3655630074
 31
0.0
  0
LINE
  5
322D
330
1F
100
AcDbEntity
  8
Etapa1
100
AcDbLine
 10
85793.07105679172
 20
158142.3655630074
 30
0.0
 11
86831.09641187837
 21
154700.2591596147
 31
0.0
  0
LINE
  5
322E
330
1F
100
AcDbEntity
  8
Etapa1
100
AcDbLine
 10
86831.09641187837
 20
154700.2591596147
 30
0.0
 11
88628.4774776627
 21
149200.194165094
 31
0.0
  0
LINE
  5
322F
330
1F
100
AcDbEntity
  8
Etapa1
100
AcDbLine
 10
88628.4774776627
 20
149200.194165094
 30
0.0
 11
91110.8295750747
 21
142561.0151126999
 31
0.0
  0
LINE
  5
3230
330
1F
100
AcDbEntity
  8
Etapa1
100
AcDbLine
 10
91110.8295750747
 20
142561.0151126999
 30
0.0
 11
92830.58687743325
 21
138426.7214679316
 31
0.0
  0
LINE
  5
3231
330
1F
100
AcDbEntity
  8
Etapa1
100
AcDbLine
 10
92830.58687743325
 20
138426.7214679316
 30
0.0
 11
95230.44051076299
 21
133165.1886701897
 31
0.0
  0
LINE
  5
3232
330
1F
100
AcDbEntity
  8
Etapa1
100
AcDbLine
 10
95230.44051076299
 20
133165.1886701897
 30
0.0
 11
97759.09883057664
 21
128124.4749187998
 31
0.0
  0
LINE
  5
3233
330
1F
100
AcDbEntity
  8
Etapa1
100
AcDbLine
 10
97759.09883057664
 20
128124.4749187998
 30
0.0
 11
100154.435548246
 21
124233.3692474886
 31
0.0
  0
LINE
  5
3234
330
1F
100
AcDbEntity
  8
Etapa1
100
AcDbLine
 10
100154.435548246
 20
124233.3692474886
 30
0.0
 11
103925.0037945249
 21
118137.2390115481
 31
0.0
  0
LINE
  5
3235
330
1F
100
AcDbEntity
  8
Etapa1
100
AcDbLine
 10
103925.0037945249
 20
118137.2390115481
 30
0.0
 11
117094.7900908304
 21
96844.76339796287
 31
0.0
  0
LINE
  5
3236
330
1F
100
AcDbEntity
  8
Etapa1
100
AcDbLine
 10
117094.7900908304
 20
96844.76339796287
 30
0.0
 11
147556.5040399405
 21
99684.8251532082
 31
0.0
  0
LINE
  5
3237
330
1F
100
AcDbEntity
  8
Etapa1
100
AcDbLine
 10
147556.5040399405
 20
99684.8251532082
 30
0.0
 11
148328.5788074756
 21
91368.16171605362
 31
0.0
  0
LINE
  5
3238
330
1F
100
AcDbEntity
  8
Etapa1
100
AcDbLine
 10
148328.5788074756
 20
91368.16171605362
 30
0.0
 11
164856.9004618996
 21
92909.14394339907
 31
0.0
  0
LINE
  5
3239
330
1F
100
AcDbEntity
  8
Etapa1
100
AcDbLine
 10
164856.9004618996
 20
92909.14394339907
 30
0.0
 11
165041.7748907674
 21
90917.70675663665
 31
0.0
  0
LINE
  5
323A
330
1F
100
AcDbEntity
  8
Etapa1
100
AcDbLine
 10
165041.7748907674
 20
90917.70675663665
 30
0.0
 11
183700.856083776
 21
92657.34572895302
 31
0.0
  0
LINE
  5
323B
330
1F
100
AcDbEntity
  8
Etapa1
100
AcDbLine
 10
183700.856083776
 20
92657.34572895302
 30
0.0
 11
187557.3960923479
 21
51115.32592477963
 31
0.0
  0
LINE
  5
323C
330
1F
100
AcDbEntity
  8
Etapa1
100
AcDbLine
 10
187557.3960923479
 20
51115.32592477963
 30
0.0
 11
190658.0124791205
 21
39631.25512894557
 31
0.0
  0
LINE
  5
323D
330
1F
100
AcDbEntity
  8
Etapa1
100
AcDbLine
 10
190658.0124791205
 20
39631.25512894557
 30
0.0
 11
188186.2119693934
 21
32645.80510107323
 31
0.0
  0
LINE
  5
323E
330
1F
100
AcDbEntity
  8
Etapa1
100
AcDbLine
 10
188186.2119693934
 20
32645.80510107323
 30
0.0
 11
189278.9480896118
 21
32259.14057864842
 31
0.0
  0
LINE
  5
323F
330
1F
100
AcDbEntity
  8
Etapa1
100
AcDbLine
 10
189278.9480896118
 20
32259.14057864842
 30
0.0
 11
189528.6614551974
 21
29580.75613367871
 31
0.0
  0
LINE
  5
3240
330
1F
100
AcDbEntity
  8
Etapa1
100
AcDbLine
 10
189528.6614551974
 20
29580.75613367871
 30
0.0
 11
187002.468489776
 21
29345.23201065824
 31
0.0
  0
LINE
  5
3241
330
1F
100
AcDbEntity
  8
Etapa1
100
AcDbLine
 10
187002.468489776
 20
29345.23201065824
 30
0.0
 11
185553.1812659298
 21
10315.26798701464
 31
0.0
  0
LINE
  5
3242
330
1F
100
AcDbEntity
  8
Etapa1
100
AcDbLine
 10
185553.1812659298
 20
10315.26798701464
 30
0.0
 11
206435.335678252
 21
8049.390955372592
 31
0.0
  0
LINE
  5
3243
330
1F
100
AcDbEntity
  8
Etapa1
100
AcDbLine
 10
206435.335678252
 20
8049.390955372592
 30
0.0
 11
225757.3356770153
 21
11697.39095541403
 31
0.0
  0
LINE
  5
3244
330
1F
100
AcDbEntity
  8
Etapa1
100
AcDbLine
 10
225757.3356770153
 20
11697.39095541403
 30
0.0
 11
230381.5927486801
 21
12974.89405563766
 31
0.0
  0
LINE
  5
3245
330
1F
100
AcDbEntity
  8
Etapa1
100
AcDbLine
 10
230381.5927486801
 20
12974.89405563766
 30
0.0
 11
252863.2921942213
 21
19263.4949417723
 31
0.0
  0
SPLINE
  5
3246
330
1F
100
AcDbEntity
  8
Etapa1
100
AcDbSpline
210
0.0
220
0.0
230
1.0
 70
     8
 71
     3
 72
     8
 73
     4
 74
     0
 42
0.000000001
 43
0.0000000001
 40
0.0
 40
0.0
 40
0.0
 40
0.0
 40
33322.34586417722
 40
33322.34586417722
 40
33322.34586417722
 40
33322.34586417722
 10
252863.2921942213
 20
19263.4949417723
 30
0.0
 10
248887.8473732336
 20
30056.60865241059
 30
0.0
 10
246522.6516030736
 20
40849.72236304888
 30
0.0
 10
244992.0151850611
 20
51642.83607368718
 30
0.0
  0
SPLINE
  5
3248
330
1F
100
AcDbEntity
  8
Etapa1
100
AcDbSpline
210
0.0
220
0.0
230
1.0
 70
     8
 71
     3
 72
    12
 73
     8
 74
     0
 42
0.000000001
 43
0.0000000001
 40
0.0
 40
0.0
 40
0.0
 40
0.0
 40
15179.85136492535
 40
42833.88089676935
 40
48522.41924170892
 40
67097.87679696096
 40
105150.3841767529
 40
105150.3841767529
 40
105150.3841767529
 40
105150.3841767529
 10
244992.0151850611
 20
51642.83607368718
 30
0.0
 10
244429.2351663267
 20
56671.78559001729
 30
0.0
 10
242841.2056320424
 20
70862.26871398752
 30
0.0
 10
242195.1576746972
 20
87050.75649621241
 30
0.0
 10
241968.1242898722
 20
104339.3178238646
 30
0.0
 10
245358.0121744792
 20
125604.3747159975
 30
0.0
 10
255278.5092504171
 20
141290.9820813841
 30
0.0
 10
263652.5901438064
 20
151556.6681810768
 30
0.0
  0
LINE
  5
3249
330
1F
100
AcDbEntity
  8
Etapa1
100
AcDbLine
 10
263652.5901438064
 20
151556.6681810768
 30
0.0
 11
253528.7886752704
 21
181062.1221519226
 31
0.0
  0
SPLINE
  5
324B
330
1F
100
AcDbEntity
  8
Etapa1
100
AcDbSpline
210
0.0
220
0.0
230
1.0
 70
     8
 71
     3
 72
     8
 73
     4
 74
     0
 42
0.000000001
 43
0.0000000001
 40
0.0
 40
0.0
 40
0.0
 40
0.0
 40
23077.97471440111
 40
23077.97471440111
 40
23077.97471440111
 40
23077.97471440111
 10
253528.7886752704
 20
181062.1221519226
 30
0.0
 10
241717.6319547584
 20
182436.9883091896
 30
0.0
 10
237202.5716930731
 20
190999.1585756063
 30
0.0
 10
235910.1236314624
 20
195967.6767874481
 30
0.0
  0
SPLINE
  5
324C
330
1F
100
AcDbEntity
  8
Etapa1
100
AcDbSpline
210
0.0
220
0.0
230
1.0
 70
     8
 71
     3
 72
     9
 73
     5
 74
     0
 42
0.000000001
 43
0.0000000001
 40
0.0
 40
0.0
 40
0.0
 40
0.0
 40
3039.300396037837
 40
13621.78252643247
 40
13621.78252643247
 40
13621.78252643247
 40
13621.78252643247
 10
235910.1236314624
 20
195967.6767874481
 30
0.0
 10
235540.6926828752
 20
197496.3302623564
 30
0.0
 10
231217.1089956284
 20
200082.1525643004
 30
0.0
 10
227361.3667977198
 20
203190.8577842096
 30
0.0
 10
224742.6022947293
 20
205724.4758263264
 30
0.0
  0
LINE
  5
3285
330
1F
100
AcDbEntity
  8
Etapa2
100
AcDbLine
 10
185553.1812659298
 20
10315.26798701464
 30
0.0
 11
187002.468489776
 21
29345.23201065824
 31
0.0
  0
LINE
  5
3286
330
1F
100
AcDbEntity
  8
Etapa2
100
AcDbLine
 10
187002.468489776
 20
29345.23201065824
 30
0.0
 11
189528.6614551974
 21
29580.75613367871
 31
0.0
  0
LINE
  5
3287
330
1F
100
AcDbEntity
  8
Etapa2
100
AcDbLine
 10
189528.6614551974
 20
29580.75613367871
 30
0.0
 11
189278.9480896118
 21
32259.14057864842
 31
0.0
  0
LINE
  5
3288
330
1F
100
AcDbEntity
  8
Etapa2
100
AcDbLine
 10
189278.9480896118
 20
32259.14057864842
 30
0.0
 11
188186.2119693934
 21
32645.80510107323
 31
0.0
  0
LINE
  5
3289
330
1F
100
AcDbEntity
  8
Etapa2
100
AcDbLine
 10
188186.2119693934
 20
32645.80510107323
 30
0.0
 11
190658.0124791205
 21
39631.25512894557
 31
0.0
  0
LINE
  5
328A
330
1F
100
AcDbEntity
  8
Etapa2
100
AcDbLine
 10
190658.0124791205
 20
39631.25512894557
 30
0.0
 11
187557.3960923479
 21
51115.32592477963
 31
0.0
  0
LINE
  5
328B
330
1F
100
AcDbEntity
  8
Etapa2
100
AcDbLine
 10
187557.3960923479
 20
51115.32592477963
 30
0.0
 11
183700.856083776
 21
92657.34572895302
 31
0.0
  0
LINE
  5
328C
330
1F
100
AcDbEntity
  8
Etapa2
100
AcDbLine
 10
183700.856083776
 20
92657.34572895302
 30
0.0
 11
165041.7748907674
 21
90917.70675663665
 31
0.0
  0
LINE
  5
328D
330
1F
100
AcDbEntity
  8
Etapa2
100
AcDbLine
 10
165041.7748907674
 20
90917.70675663665
 30
0.0
 11
164856.9004618996
 21
92909.14394339907
 31
0.0
  0
LINE
  5
328E
330
1F
100
AcDbEntity
  8
Etapa2
100
AcDbLine
 10
164856.9004618996
 20
92909.14394339907
 30
0.0
 11
148328.5788074756
 21
91368.16171605362
 31
0.0
  0
LINE
  5
328F
330
1F
100
AcDbEntity
  8
Etapa2
100
AcDbLine
 10
148328.5788074756
 20
91368.16171605362
 30
0.0
 11
147556.5040399405
 21
99684.8251532082
 31
0.0
  0
LINE
  5
3290
330
1F
100
AcDbEntity
  8
Etapa2
100
AcDbLine
 10
147556.5040399405
 20
99684.8251532082
 30
0.0
 11
117094.7900908304
 21
96844.76339796287
 31
0.0
  0
LINE
  5
3291
330
1F
100
AcDbEntity
  8
Etapa2
100
AcDbLine
 10
117094.7900908304
 20
96844.76339796287
 30
0.0
 11
103925.0037945249
 21
118137.2390115481
 31
0.0
  0
LINE
  5
3292
330
1F
100
AcDbEntity
  8
Etapa2
100
AcDbLine
 10
103925.0037945249
 20
118137.2390115481
 30
0.0
 11
97759.09883057664
 21
128124.4749187998
 31
0.0
  0
LINE
  5
3293
330
1F
100
AcDbEntity
  8
Etapa2
100
AcDbLine
 10
97759.09883057664
 20
128124.4749187998
 30
0.0
 11
92830.58687743325
 21
138426.7214679316
 31
0.0
  0
LINE
  5
3294
330
1F
100
AcDbEntity
  8
Etapa2
100
AcDbLine
 10
92830.58687743325
 20
138426.7214679316
 30
0.0
 11
88628.4774776627
 21
149200.194165094
 31
0.0
  0
LINE
  5
3295
330
1F
100
AcDbEntity
  8
Etapa2
100
AcDbLine
 10
88628.4774776627
 20
149200.194165094
 30
0.0
 11
85793.07105679172
 21
158142.3655630074
 31
0.0
  0
LINE
  5
3297
330
1F
100
AcDbEntity
  8
Etapa2
100
AcDbLine
 10
85793.07105679172
 20
158142.3655630074
 30
0.0
 11
84943.77134778783
 21
161833.122787505
 31
0.0
  0
LINE
  5
3298
330
1F
100
AcDbEntity
  8
Etapa2
100
AcDbLine
 10
84943.77134778783
 20
161833.122787505
 30
0.0
 11
84659.73806245033
 21
163540.1606169921
 31
0.0
  0
LINE
  5
3299
330
1F
100
AcDbEntity
  8
Etapa2
100
AcDbLine
 10
84659.73806245033
 20
163540.1606169921
 30
0.0
 11
84285.14368477616
 21
167061.8054685959
 31
0.0
  0
LINE
  5
329A
330
1F
100
AcDbEntity
  8
Etapa2
100
AcDbLine
 10
84285.14368477616
 20
167061.8054685959
 30
0.0
 11
84191.34232524237
 21
170648.0139663816
 31
0.0
  0
LINE
  5
329B
330
1F
100
AcDbEntity
  8
Etapa2
100
AcDbLine
 10
84191.34232524237
 20
170648.0139663816
 30
0.0
 11
84370.63652997663
 21
174053.339457167
 31
0.0
  0
LINE
  5
329C
330
1F
100
AcDbEntity
  8
Etapa2
100
AcDbLine
 10
84370.63652997663
 20
174053.339457167
 30
0.0
 11
85185.2659848995
 21
179374.0959043995
 31
0.0
  0
LINE
  5
329D
330
1F
100
AcDbEntity
  8
Etapa2
100
AcDbLine
 10
85185.2659848995
 20
179374.0959043995
 30
0.0
 11
86067.02514063391
 21
182800.1094198519
 31
0.0
  0
LINE
  5
329E
330
1F
100
AcDbEntity
  8
Etapa2
100
AcDbLine
 10
86067.02514063391
 20
182800.1094198519
 30
0.0
 11
86609.33506217224
 21
184484.1236321444
 31
0.0
  0
LINE
  5
329F
330
1F
100
AcDbEntity
  8
Etapa2
100
AcDbLine
 10
86609.33506217224
 20
184484.1236321444
 30
0.0
 11
87935.70481833596
 21
187942.9984067174
 31
0.0
  0
LINE
  5
32A0
330
1F
100
AcDbEntity
  8
Etapa2
100
AcDbLine
 10
87935.70481833596
 20
187942.9984067174
 30
0.0
 11
98886.20615741436
 21
215179.2372151165
 31
0.0
  0
LINE
  5
32A1
330
1F
100
AcDbEntity
  8
Etapa2
100
AcDbLine
 10
98886.20615741436
 20
215179.2372151165
 30
0.0
 11
100839.3588965173
 21
220037.1457981068
 31
0.0
  0
LINE
  5
32A2
330
1F
100
AcDbEntity
  8
Etapa2
100
AcDbLine
 10
100839.3588965173
 20
220037.1457981068
 30
0.0
 11
101895.9404136181
 21
222078.0243228133
 31
0.0
  0
LINE
  5
32A3
330
1F
100
AcDbEntity
  8
Etapa2
100
AcDbLine
 10
101895.9404136181
 20
222078.0243228133
 30
0.0
 11
103562.7866261621
 21
224092.2359783835
 31
0.0
  0
LINE
  5
32A4
330
1F
100
AcDbEntity
  8
Etapa2
100
AcDbLine
 10
103562.7866261621
 20
224092.2359783835
 30
0.0
 11
105182.6504366283
 21
225346.3860334584
 31
0.0
  0
LINE
  5
32A5
330
1F
100
AcDbEntity
  8
Etapa2
100
AcDbLine
 10
105182.6504366283
 20
225346.3860334584
 30
0.0
 11
106724.2024215927
 21
226208.5129213879
 31
0.0
  0
LINE
  5
32A6
330
1F
100
AcDbEntity
  8
Etapa2
100
AcDbLine
 10
106724.2024215927
 20
226208.5129213879
 30
0.0
 11
108058.5999973008
 21
226689.7443250265
 31
0.0
  0
LINE
  5
32A7
330
1F
100
AcDbEntity
  8
Etapa2
100
AcDbLine
 10
108058.5999973008
 20
226689.7443250265
 30
0.0
 11
109334.3616512838
 21
226985.217136033
 31
0.0
  0
LINE
  5
32A8
330
1F
100
AcDbEntity
  8
Etapa2
100
AcDbLine
 10
109334.3616512838
 20
226985.217136033
 30
0.0
 11
110636.1118481235
 21
227127.7597934489
 31
0.0
  0
LINE
  5
32A9
330
1F
100
AcDbEntity
  8
Etapa2
100
AcDbLine
 10
110636.1118481235
 20
227127.7597934489
 30
0.0
 11
111945.5844629753
 21
227115.3721423693
 31
0.0
  0
LINE
  5
32AA
330
1F
100
AcDbEntity
  8
Etapa2
100
AcDbLine
 10
111945.5844629753
 20
227115.3721423693
 30
0.0
 11
113402.745765247
 21
226927.851266259
 31
0.0
  0
LINE
  5
32AB
330
1F
100
AcDbEntity
  8
Etapa2
100
AcDbLine
 10
113402.745765247
 20
226927.851266259
 30
0.0
 11
115105.1670367821
 21
226445.8731681227
 31
0.0
  0
LINE
  5
32AC
330
1F
100
AcDbEntity
  8
Etapa2
100
AcDbLine
 10
115105.1670367821
 20
226445.8731681227
 30
0.0
 11
122068.3602199365
 21
224085.4001378546
 31
0.0
  0
LINE
  5
32AD
330
1F
100
AcDbEntity
  8
Etapa2
100
AcDbLine
 10
122068.3602199365
 20
224085.4001378546
 30
0.0
 11
129911.2094661432
 21
221721.2828918357
 31
0.0
  0
LINE
  5
32AE
330
1F
100
AcDbEntity
  8
Etapa2
100
AcDbLine
 10
129911.2094661432
 20
221721.2828918357
 30
0.0
 11
133886.9852938956
 21
220638.6356912911
 31
0.0
  0
LINE
  5
32AF
330
1F
100
AcDbEntity
  8
Etapa2
100
AcDbLine
 10
133886.9852938956
 20
220638.6356912911
 30
0.0
 11
138149.870455158
 21
230692.7187599902
 31
0.0
  0
LINE
  5
32B0
330
1F
100
AcDbEntity
  8
Etapa2
100
AcDbLine
 10
138149.870455158
 20
230692.7187599902
 30
0.0
 11
147965.2055883391
 21
256840.3085296458
 31
0.0
  0
LINE
  5
32B2
330
1F
100
AcDbEntity
  8
Etapa2
100
AcDbLine
 10
87899.93157661859
 20
298240.541981019
 30
0.0
 11
68989.13407215023
 21
291825.9545431951
 31
0.0
  0
LINE
  5
32B3
330
1F
100
AcDbEntity
  8
Etapa2
100
AcDbLine
 10
68989.13407215023
 20
291825.9545431951
 30
0.0
 11
75384.38874703891
 21
272875.97638816
 31
0.0
  0
LINE
  5
32B4
330
1F
100
AcDbEntity
  8
Etapa2
100
AcDbLine
 10
75384.38874703891
 20
272875.97638816
 30
0.0
 11
60955.28767320014
 21
222456.3923485571
 31
0.0
  0
LINE
  5
32B5
330
1F
100
AcDbEntity
  8
Etapa2
100
AcDbLine
 10
60955.28767320014
 20
222456.3923485571
 30
0.0
 11
25365.29572736113
 21
210235.0861766673
 31
0.0
  0
LINE
  5
32B6
330
1F
100
AcDbEntity
  8
Etapa2
100
AcDbLine
 10
25366.01902166194
 20
210232.5697490329
 30
0.0
 11
42533.83077501599
 21
149618.3380475832
 31
0.0
  0
LINE
  5
32B7
330
1F
100
AcDbEntity
  8
Etapa2
100
AcDbLine
 10
42389.52786893457
 20
149579.5855297093
 30
0.0
 11
56095.33636026982
 21
110061.3929109409
 31
0.0
  0
LINE
  5
32B9
330
1F
100
AcDbEntity
  8
Etapa2
100
AcDbLine
 10
56095.33636026982
 20
110061.3929109409
 30
0.0
 11
62035.33636160999
 21
102087.3929068801
 31
0.0
  0
LINE
  5
32BA
330
1F
100
AcDbEntity
  8
Etapa2
100
AcDbLine
 10
62035.33636160999
 20
102087.3929068801
 30
0.0
 11
67140.33636298742
 21
93753.39290800958
 31
0.0
  0
LINE
  5
32BB
330
1F
100
AcDbEntity
  8
Etapa2
100
AcDbLine
 10
67140.33636298742
 20
93753.39290800958
 30
0.0
 11
71268.33636068472
 21
87734.39290210429
 31
0.0
  0
LINE
  5
32BC
330
1F
100
AcDbEntity
  8
Etapa2
100
AcDbLine
 10
71268.33636068472
 20
87734.39290210429
 30
0.0
 11
76486.15272328084
 21
79341.57282849878
 31
0.0
  0
LINE
  5
32BD
330
1F
100
AcDbEntity
  8
Etapa2
100
AcDbLine
 10
76486.15272328084
 20
79341.57282849878
 30
0.0
 11
86411.08124049068
 21
66571.34131553245
 31
0.0
  0
LINE
  5
32BE
330
1F
100
AcDbEntity
  8
Etapa2
100
AcDbLine
 10
86411.08124049068
 20
66571.34131553245
 30
0.0
 11
90346.33636128356
 21
61809.39290793181
 31
0.0
  0
LINE
  5
32BF
330
1F
100
AcDbEntity
  8
Etapa2
100
AcDbLine
 10
90346.33636128356
 20
61809.39290793181
 30
0.0
 11
93229.33636445565
 21
56834.39291022752
 31
0.0
  0
LINE
  5
32C0
330
1F
100
AcDbEntity
  8
Etapa2
100
AcDbLine
 10
93229.33636445565
 20
56834.39291022752
 30
0.0
 11
99887.33638197569
 21
46404.39290953089
 31
0.0
  0
LINE
  5
32C1
330
1F
100
AcDbEntity
  8
Etapa2
100
AcDbLine
 10
99887.33638197569
 20
46404.39290953089
 30
0.0
 11
102356.3363629222
 21
42938.39291056698
 31
0.0
  0
LINE
  5
32C2
330
1F
100
AcDbEntity
  8
Etapa2
100
AcDbLine
 10
102356.3363629222
 20
42938.39291056698
 30
0.0
 11
119113.470582922
 21
34824.57478944851
 31
0.0
  0
LINE
  5
32C3
330
1F
100
AcDbEntity
  8
Etapa2
100
AcDbLine
 10
119113.470582922
 20
34824.57478944851
 30
0.0
 11
140838.3363766755
 21
25375.3928983485
 31
0.0
  0
LINE
  5
32C4
330
1F
100
AcDbEntity
  8
Etapa2
100
AcDbLine
 10
140838.3363766755
 20
25375.3928983485
 30
0.0
 11
151015.3363619378
 21
21080.39291511929
 31
0.0
  0
LINE
  5
32C5
330
1F
100
AcDbEntity
  8
Etapa2
100
AcDbLine
 10
151015.3363619378
 20
21080.39291511929
 30
0.0
 11
163674.3363637739
 21
16007.39291154022
 31
0.0
  0
LINE
  5
32C6
330
1F
100
AcDbEntity
  8
Etapa2
100
AcDbLine
 10
163674.3363637739
 20
16007.39291154022
 30
0.0
 11
170551.3363529259
 21
13966.39291326037
 31
0.0
  0
LINE
  5
32C7
330
1F
100
AcDbEntity
  8
Etapa2
100
AcDbLine
 10
170551.3363529259
 20
13966.39291326037
 30
0.0
 11
183756.3363613808
 21
10515.39291011623
 31
0.0
  0
LINE
  5
32C8
330
1F
100
AcDbEntity
  8
Etapa2
100
AcDbLine
 10
183756.3363613808
 20
10515.39291011623
 30
0.0
 11
185553.1812659299
 21
10315.26798701464
 31
0.0
  0
SPLINE
  5
32C9
330
1F
100
AcDbEntity
  8
Etapa2
100
AcDbSpline
210
0.0
220
0.0
230
1.0
 70
     8
 71
     3
 72
     8
 73
     4
 74
     0
 42
0.000000001
 43
0.0000000001
 40
0.0
 40
0.0
 40
0.0
 40
0.0
 40
20387.23926799761
 40
20387.23926799761
 40
20387.23926799761
 40
20387.23926799761
 10
87899.93157629753
 20
298240.5419821635
 30
0.0
 10
87899.93157629753
 20
298240.5419821635
 30
0.0
 10
90624.30305276302
 20
287084.5364339237
 30
0.0
 10
103016.2222404255
 20
284560.7290620911
 30
0.0
  0
LINE
  5
32CA
330
1F
100
AcDbEntity
  8
Etapa2
100
AcDbLine
 10
103016.2222404255
 20
284560.7290620911
 30
0.0
 11
106086.8753087037
 21
277645.2711024942
 31
0.0
  0
LINE
  5
32CB
330
1F
100
AcDbEntity
  8
Etapa2
100
AcDbLine
 10
106086.8753087037
 20
277645.2711024942
 30
0.0
 11
110050.8753093222
 21
272071.2711024719
 31
0.0
  0
LINE
  5
32CC
330
1F
100
AcDbEntity
  8
Etapa2
100
AcDbLine
 10
110050.8753093222
 20
272071.2711024719
 30
0.0
 11
115975.8753091359
 21
266259.2711024958
 31
0.0
  0
LINE
  5
32CD
330
1F
100
AcDbEntity
  8
Etapa2
100
AcDbLine
 10
115975.8753091359
 20
266259.2711024958
 30
0.0
 11
122236.8753090763
 21
262789.2711024653
 31
0.0
  0
LINE
  5
32CE
330
1F
100
AcDbEntity
  8
Etapa2
100
AcDbLine
 10
122236.8753090763
 20
262789.2711024653
 30
0.0
 11
129634.875309121
 21
260109.2711024723
 31
0.0
  0
LINE
  5
32CF
330
1F
100
AcDbEntity
  8
Etapa2
100
AcDbLine
 10
129634.875309121
 20
260109.2711024723
 30
0.0
 11
137983.8753085845
 21
258286.2711024975
 31
0.0
  0
LINE
  5
32D0
330
1F
100
AcDbEntity
  8
Etapa2
100
AcDbLine
 10
137983.8753085845
 20
258286.2711024975
 30
0.0
 11
145883.8753089571
 21
257138.2711024528
 31
0.0
  0
LINE
  5
32D1
330
1F
100
AcDbEntity
  8
Etapa2
100
AcDbLine
 10
145883.8753089571
 20
257138.2711024528
 30
0.0
 11
147963.6076758313
 21
256836.0517661044
 31
0.0
  0
LINE
  5
32D2
330
1F
100
AcDbEntity
  8
Etapa1
100
AcDbLine
 10
147963.6076758313
 20
256836.0517661044
 30
0.0
 11
155517.6200561932
 21
255738.329460714
 31
0.0
  0
LINE
  5
32D3
330
1F
100
AcDbEntity
  8
Etapa1
100
AcDbLine
 10
155517.6200561932
 20
255738.329460714
 30
0.0
 11
161521.8753092253
 21
254221.2711024952
 31
0.0
  0
LINE
  5
32D4
330
1F
100
AcDbEntity
  8
Etapa1
100
AcDbLine
 10
161521.8753092253
 20
254221.2711024952
 30
0.0
 11
164575.0070467457
 21
253853.3940918175
 31
0.0
  0
LINE
  5
32D5
330
1F
100
AcDbEntity
  8
Etapa1
100
AcDbLine
 10
164575.0070467457
 20
253853.3940918175
 30
0.0
 11
168924.8753091582
 21
253329.2711024444
 31
0.0
  0
LINE
  5
32D6
330
1F
100
AcDbEntity
  8
Etapa1
100
AcDbLine
 10
168924.8753091582
 20
253329.2711024444
 30
0.0
 11
174922.8753088304
 21
252461.2711024858
 31
0.0
  0
LINE
  5
32D7
330
1F
100
AcDbEntity
  8
Etapa1
100
AcDbLine
 10
174922.8753088304
 20
252461.2711024858
 30
0.0
 11
180163.8753092178
 21
251328.2711024551
 31
0.0
  0
LINE
  5
32D8
330
1F
100
AcDbEntity
  8
Etapa1
100
AcDbLine
 10
180163.8753092178
 20
251328.2711024551
 30
0.0
 11
186033.8753093296
 21
249459.2711024493
 31
0.0
  0
LINE
  5
32D9
330
1F
100
AcDbEntity
  8
Etapa1
100
AcDbLine
 10
186033.8753093296
 20
249459.2711024493
 30
0.0
 11
187553.8753088825
 21
249192.2711024565
 31
0.0
  0
LINE
  5
32DA
330
1F
100
AcDbEntity
  8
Etapa1
100
AcDbLine
 10
187553.8753088825
 20
249192.2711024565
 30
0.0
 11
194686.8753092626
 21
246554.2711024796
 31
0.0
  0
LINE
  5
32DB
330
1F
100
AcDbEntity
  8
Etapa1
100
AcDbLine
 10
194686.8753092626
 20
246554.2711024796
 30
0.0
 11
196824.8109135801
 21
245278.5507319515
 31
0.0
  0
LINE
  5
32DC
330
1F
100
AcDbEntity
  8
Etapa1
100
AcDbLine
 10
196824.8109135801
 20
245278.5507319515
 30
0.0
 11
201156.988316592
 21
241727.4431779151
 31
0.0
  0
LINE
  5
32DD
330
1F
100
AcDbEntity
  8
Etapa1
100
AcDbLine
 10
201156.988316592
 20
241727.4431779151
 30
0.0
 11
203748.8753091801
 21
236865.2711024665
 31
0.0
  0
LINE
  5
32DE
330
1F
100
AcDbEntity
  8
Etapa1
100
AcDbLine
 10
203748.8753091801
 20
236865.2711024665
 30
0.0
 11
204690.8753089859
 21
234233.271102483
 31
0.0
  0
LINE
  5
32DF
330
1F
100
AcDbEntity
  8
Etapa1
100
AcDbLine
 10
204690.8753089859
 20
234233.271102483
 30
0.0
 11
205908.8753093287
 21
228661.2711024975
 31
0.0
  0
LINE
  5
32E0
330
1F
100
AcDbEntity
  8
Etapa1
100
AcDbLine
 10
205908.8753093287
 20
228661.2711024975
 30
0.0
 11
208527.875309277
 21
220391.2711024789
 31
0.0
  0
LINE
  5
32E1
330
1F
100
AcDbEntity
  8
Etapa1
100
AcDbLine
 10
208527.875309277
 20
220391.2711024789
 30
0.0
 11
209796.875308666
 21
217554.2711024793
 31
0.0
  0
LINE
  5
32E2
330
1F
100
AcDbEntity
  8
Etapa1
100
AcDbLine
 10
209796.875308666
 20
217554.2711024793
 30
0.0
 11
211587.0289075916
 21
214689.4264858315
 31
0.0
  0
LINE
  5
32E3
330
1F
100
AcDbEntity
  8
Etapa1
100
AcDbLine
 10
211587.0289075916
 20
214689.4264858315
 30
0.0
 11
212048.9110772703
 21
213872.2259881888
 31
0.0
  0
SPLINE
  5
32E4
330
1F
100
AcDbEntity
  8
Etapa1
100
AcDbSpline
210
0.0
220
0.0
230
1.0
 70
     8
 71
     3
 72
     8
 73
     4
 74
     0
 42
0.000000001
 43
0.0000000001
 40
0.0
 40
0.0
 40
0.0
 40
0.0
 40
14987.79593649633
 40
14987.79593649633
 40
14987.79593649633
 40
14987.79593649633
 10
212048.9110772699
 20
213872.2259881884
 30
0.0
 10
214950.6933621201
 20
209139.7760267171
 30
0.0
 10
216842.2861462081
 20
206473.9850182918
 30
0.0
 10
221234.0378038755
 20
202028.7689738597
 30
0.0
  0
LINE
  5
32E5
330
1F
100
AcDbEntity
  8
Etapa1
100
AcDbLine
 10
221234.0378038755
 20
202028.7689738597
 30
0.0
 11
224742.6022947293
 21
205724.4758263264
 31
0.0
  0
LINE
  5
3338
330
1F
100
AcDbEntity
  8
Acceso
100
AcDbLine
 10
207040.7249223493
 20
183569.1689004543
 30
0.0
 11
199783.0360931597
 21
181051.6060800233
 31
0.0
  0
LINE
  5
3339
330
1F
100
AcDbEntity
  8
Acceso
100
AcDbLine
 10
199783.0360931597
 20
181051.6060800233
 30
0.0
 11
202203.6917431896
 21
173782.69515643
 31
0.0
  0
LINE
  5
333A
330
1F
100
AcDbEntity
  8
Acceso
100
AcDbLine
 10
202203.6917431896
 20
173782.69515643
 30
0.0
 11
204395.3619105459
 21
165189.1446712193
 31
0.0
  0
LINE
  5
333B
330
1F
100
AcDbEntity
  8
Acceso
100
AcDbLine
 10
204395.3619105459
 20
165189.1446712193
 30
0.0
 11
207317.2549435467
 21
163126.8361606857
 31
0.0
  0
LINE
  5
333C
330
1F
100
AcDbEntity
  8
Acceso
100
AcDbLine
 10
207317.2549435467
 20
163126.8361606857
 30
0.0
 11
212602.8702799961
 21
164625.853575307
 31
0.0
  0
LINE
  5
333D
330
1F
100
AcDbEntity
  8
Acceso
100
AcDbLine
 10
212602.8702799961
 20
164625.853575307
 30
0.0
 11
207040.7249223493
 21
183569.1689004543
 31
0.0
  0
LINE
  5
3348
330
1F
100
AcDbEntity
  8
Acceso
100
AcDbLine
 10
199783.0360931602
 20
181051.6060800219
 30
0.0
 11
199528.9132556483
 21
181739.174127746
 31
0.0
  0
LINE
  5
3349
330
1F
100
AcDbEntity
  8
Acceso
100
AcDbLine
 10
199528.9132556483
 20
181739.174127746
 30
0.0
 11
199168.9211659554
 21
182658.4448322176
 31
0.0
  0
LINE
  5
334A
330
1F
100
AcDbEntity
  8
Acceso
100
AcDbLine
 10
199168.9211659554
 20
182658.4448322176
 30
0.0
 11
198762.3692628444
 21
183693.2267134701
 31
0.0
  0
LINE
  5
334B
330
1F
100
AcDbEntity
  8
Acceso
100
AcDbLine
 10
198762.3692628444
 20
183693.2267134701
 30
0.0
 11
197957.2643245041
 21
185631.7099444273
 31
0.0
  0
LINE
  5
334C
330
1F
100
AcDbEntity
  8
Acceso
100
AcDbLine
 10
197957.2643245041
 20
185631.7099444273
 30
0.0
 11
197113.9144495353
 21
187553.8629521106
 31
0.0
  0
LINE
  5
334D
330
1F
100
AcDbEntity
  8
Acceso
100
AcDbLine
 10
197113.9144495353
 20
187553.8629521106
 30
0.0
 11
195313.8188485004
 21
191346.1671690506
 31
0.0
  0
LINE
  5
334E
330
1F
100
AcDbEntity
  8
Acceso
100
AcDbLine
 10
195313.8188485004
 20
191346.1671690506
 30
0.0
 11
194357.7796740677
 21
193214.8298718486
 31
0.0
  0
LINE
  5
334F
330
1F
100
AcDbEntity
  8
Acceso
100
AcDbLine
 10
194357.7796740677
 20
193214.8298718486
 30
0.0
 11
193364.9083867942
 21
195064.185923083
 31
0.0
  0
LINE
  5
3350
330
1F
100
AcDbEntity
  8
Acceso
100
AcDbLine
 10
193364.9083867942
 20
195064.185923083
 30
0.0
 11
192335.5946930108
 21
196893.5094373239
 31
0.0
  0
LINE
  5
3351
330
1F
100
AcDbEntity
  8
Acceso
100
AcDbLine
 10
192335.5946930108
 20
196893.5094373239
 30
0.0
 11
191933.3570526272
 21
197580.8521193971
 31
0.0
  0
LINE
  5
3352
330
1F
100
AcDbEntity
  8
Acceso
100
AcDbLine
 10
191933.3570526272
 20
197580.8521193971
 30
0.0
 11
198594.5524129627
 21
202975.6835963398
 31
0.0
  0
LINE
  5
3354
330
1F
100
AcDbEntity
  8
Acceso
100
AcDbLine
 10
199783.0360931592
 20
181051.6060800248
 30
0.0
 11
207040.7249223493
 21
183569.1689004543
 31
0.0
  0
LINE
  5
3355
330
1F
100
AcDbEntity
  8
Acceso
100
AcDbLine
 10
207040.7249223493
 20
183569.1689004543
 30
0.0
 11
198594.5524129627
 21
202975.6835963398
 31
0.0
  0
LINE
  5
3356
330
1F
100
AcDbEntity
  8
Acceso
100
AcDbLine
 10
198594.5524129627
 20
202975.6835963398
 30
0.0
 11
191933.3570526272
 21
197580.8521193971
 31
0.0
  0
LINE
  5
3358
330
1F
100
AcDbEntity
  8
Acceso
100
AcDbLine
 10
198594.5524129627
 20
202975.6835963398
 30
0.0
 11
187452.2526728057
 21
216964.5170226411
 31
0.0
  0
LINE
  5
3359
330
1F
100
AcDbEntity
  8
Acceso
100
AcDbLine
 10
187452.2526728057
 20
216964.5170226411
 30
0.0
 11
186099.4452055769
 21
215189.5119248463
 31
0.0
  0
LINE
  5
335A
330
1F
100
AcDbEntity
  8
Acceso
100
AcDbLine
 10
186099.4452055769
 20
215189.5119248463
 30
0.0
 11
181820.1847567942
 21
210910.2514760633
 31
0.0
  0
LINE
  5
335B
330
1F
100
AcDbEntity
  8
Acceso
100
AcDbLine
 10
181820.1847567942
 20
210910.2514760633
 30
0.0
 11
184976.6792075195
 21
207499.5539076032
 31
0.0
  0
LINE
  5
335C
330
1F
100
AcDbEntity
  8
Acceso
100
AcDbLine
 10
184976.6792075195
 20
207499.5539076032
 30
0.0
 11
187688.8433115381
 21
204101.0803635741
 31
0.0
  0
LINE
  5
335D
330
1F
100
AcDbEntity
  8
Acceso
100
AcDbLine
 10
187688.8433115381
 20
204101.0803635741
 30
0.0
 11
190157.4374975557
 21
200521.7648835414
 31
0.0
  0
LINE
  5
335E
330
1F
100
AcDbEntity
  8
Acceso
100
AcDbLine
 10
190157.4374975557
 20
200521.7648835414
 30
0.0
 11
191933.3570526272
 21
197580.8521193971
 31
0.0
  0
LINE
  5
335F
330
1F
100
AcDbEntity
  8
Acceso
100
AcDbLine
 10
191933.3570526272
 20
197580.8521193971
 30
0.0
 11
198594.5524129627
 21
202975.6835963398
 31
0.0
  0
LINE
  5
3360
330
1F
100
AcDbEntity
  8
Acceso
100
AcDbLine
 10
187452.2526728057
 20
216964.5170226411
 30
0.0
 11
172547.5731748397
 21
228324.012128627
 31
0.0
  0
LINE
  5
3361
330
1F
100
AcDbEntity
  8
Acceso
100
AcDbLine
 10
172547.5731748397
 20
228324.012128627
 30
0.0
 11
167471.2456698912
 21
221663.4137673414
 31
0.0
  0
LINE
  5
3362
330
1F
100
AcDbEntity
  8
Acceso
100
AcDbLine
 10
167471.2456698912
 20
221663.4137673414
 30
0.0
 11
171972.7727926329
 21
218969.0221812097
 31
0.0
  0
LINE
  5
3363
330
1F
100
AcDbEntity
  8
Acceso
100
AcDbLine
 10
171972.7727926329
 20
218969.0221812097
 30
0.0
 11
175516.3304709975
 21
216449.3683286345
 31
0.0
  0
LINE
  5
3364
330
1F
100
AcDbEntity
  8
Acceso
100
AcDbLine
 10
175516.3304709975
 20
216449.3683286345
 30
0.0
 11
178875.5729605761
 21
213688.7621526913
 31
0.0
  0
LINE
  5
3365
330
1F
100
AcDbEntity
  8
Acceso
100
AcDbLine
 10
178875.5729605761
 20
213688.7621526913
 30
0.0
 11
181820.1847567941
 21
210910.2514760633
 31
0.0
  0
LINE
  5
3366
330
1F
100
AcDbEntity
  8
Acceso
100
AcDbLine
 10
181820.1847567941
 20
210910.2514760633
 30
0.0
 11
186099.4452055769
 21
215189.5119248463
 31
0.0
  0
LINE
  5
3367
330
1F
100
AcDbEntity
  8
Acceso
100
AcDbLine
 10
186099.4452055769
 20
215189.5119248463
 30
0.0
 11
187452.2526728057
 21
216964.5170226411
 31
0.0
  0
LINE
  5
3368
330
1F
100
AcDbEntity
  8
Acceso
100
AcDbLine
 10
172547.5731748397
 20
228324.012128627
 30
0.0
 11
157160.021503799
 21
234100.2223974077
 31
0.0
  0
LINE
  5
3369
330
1F
100
AcDbEntity
  8
Acceso
100
AcDbLine
 10
157160.021503799
 20
234100.2223974077
 30
0.0
 11
154477.6987024041
 21
226954.6409894809
 31
0.0
  0
LINE
  5
336B
330
1F
100
AcDbEntity
  8
Acceso
100
AcDbLine
 10
154477.6987024041
 20
226954.6409894809
 30
0.0
 11
156312.0525624441
 21
226411.6108693686
 31
0.0
  0
LINE
  5
336C
330
1F
100
AcDbEntity
  8
Acceso
100
AcDbLine
 10
156312.0525624441
 20
226411.6108693686
 30
0.0
 11
160414.6604194619
 21
224965.0168497529
 31
0.0
  0
LINE
  5
336D
330
1F
100
AcDbEntity
  8
Acceso
100
AcDbLine
 10
160414.6604194619
 20
224965.0168497529
 30
0.0
 11
164402.5240434833
 21
223237.6437387444
 31
0.0
  0
LINE
  5
336E
330
1F
100
AcDbEntity
  8
Acceso
100
AcDbLine
 10
164402.5240434833
 20
223237.6437387444
 30
0.0
 11
167471.2456698912
 21
221663.4137673414
 31
0.0
  0
LINE
  5
336F
330
1F
100
AcDbEntity
  8
Acceso
100
AcDbLine
 10
167471.2456698912
 20
221663.4137673414
 30
0.0
 11
172547.5731748397
 21
228324.012128627
 31
0.0
  0
LINE
  5
3370
330
1F
100
AcDbEntity
  8
Acceso
100
AcDbLine
 10
157160.0215038075
 20
234100.2223974045
 30
0.0
 11
140831.9152376482
 21
237837.5595387145
 31
0.0
  0
LINE
  5
3371
330
1F
100
AcDbEntity
  8
Acceso
100
AcDbLine
 10
140831.9152376482
 20
237837.5595387145
 30
0.0
 11
138149.870455158
 21
230692.7187599902
 31
0.0
  0
LINE
  5
3372
330
1F
100
AcDbEntity
  8
Acceso
100
AcDbLine
 10
138149.870455158
 20
230692.7187599902
 30
0.0
 11
142322.7190036454
 21
229671.1787102009
 31
0.0
  0
LINE
  5
3373
330
1F
100
AcDbEntity
  8
Acceso
100
AcDbLine
 10
142322.7190036454
 20
229671.1787102009
 30
0.0
 11
145183.1060731744
 21
229024.28668218
 31
0.0
  0
LINE
  5
3374
330
1F
100
AcDbEntity
  8
Acceso
100
AcDbLine
 10
145183.1060731744
 20
229024.28668218
 30
0.0
 11
146137.8506102135
 21
228814.3651674761
 31
0.0
  0
LINE
  5
3375
330
1F
100
AcDbEntity
  8
Acceso
100
AcDbLine
 10
146137.8506102135
 20
228814.3651674761
 30
0.0
 11
149997.1594834333
 21
228035.7497065293
 31
0.0
  0
LINE
  5
3376
330
1F
100
AcDbEntity
  8
Acceso
100
AcDbLine
 10
149997.1594834333
 20
228035.7497065293
 30
0.0
 11
154477.6987024191
 21
226954.6409894772
 31
0.0
  0
LINE
  5
3377
330
1F
100
AcDbEntity
  8
Acceso
100
AcDbLine
 10
154477.6987024191
 20
226954.6409894772
 30
0.0
 11
157160.0215037971
 21
234100.2223974084
 31
0.0
  0
LINE
  5
3378
330
1F
100
AcDbEntity
  8
Acceso
100
AcDbLine
 10
140831.9152376482
 20
237837.5595387145
 30
0.0
 11
124761.7756627354
 21
242262.1077762804
 31
0.0
  0
LINE
  5
3379
330
1F
100
AcDbEntity
  8
Acceso
100
AcDbLine
 10
124761.7756627354
 20
242262.1077762804
 30
0.0
 11
122192.4997899617
 21
235417.6780533198
 31
0.0
  0
LINE
  5
337A
330
1F
100
AcDbEntity
  8
Acceso
100
AcDbLine
 10
122192.4997899617
 20
235417.6780533198
 30
0.0
 11
127237.0266029004
 21
233787.3969997196
 31
0.0
  0
LINE
  5
337B
330
1F
100
AcDbEntity
  8
Acceso
100
AcDbLine
 10
127237.0266029004
 20
233787.3969997196
 30
0.0
 11
133462.6477914039
 21
231942.0202114935
 31
0.0
  0
LINE
  5
337C
330
1F
100
AcDbEntity
  8
Acceso
100
AcDbLine
 10
133462.6477914039
 20
231942.0202114935
 30
0.0
 11
138149.8704551364
 21
230692.7187599393
 31
0.0
  0
LINE
  5
337D
330
1F
100
AcDbEntity
  8
Acceso
100
AcDbLine
 10
138149.8704551364
 20
230692.7187599393
 30
0.0
 11
140831.9152376465
 21
237837.5595387149
 31
0.0
  0
LINE
  5
337E
330
1F
100
AcDbEntity
  8
Acceso
100
AcDbLine
 10
124761.7756627354
 20
242262.1077762804
 30
0.0
 11
108413.1986373162
 21
246144.1227984741
 31
0.0
  0
LINE
  5
337F
330
1F
100
AcDbEntity
  8
Acceso
100
AcDbLine
 10
108413.1986373162
 20
246144.1227984741
 30
0.0
 11
105000.6221302614
 21
237067.3784767163
 31
0.0
  0
LINE
  5
3380
330
1F
100
AcDbEntity
  8
Acceso
100
AcDbLine
 10
105000.6221302614
 20
237067.3784767163
 30
0.0
 11
107521.7968759212
 21
237651.2952191687
 31
0.0
  0
LINE
  5
3381
330
1F
100
AcDbEntity
  8
Acceso
100
AcDbLine
 10
107521.7968759212
 20
237651.2952191687
 30
0.0
 11
110097.5135642356
 21
237933.3381966871
 31
0.0
  0
LINE
  5
3382
330
1F
100
AcDbEntity
  8
Acceso
100
AcDbLine
 10
110097.5135642356
 20
237933.3381966871
 30
0.0
 11
112688.5102664523
 21
237908.827288455
 31
0.0
  0
LINE
  5
3383
330
1F
100
AcDbEntity
  8
Acceso
100
AcDbLine
 10
112688.5102664523
 20
237908.827288455
 30
0.0
 11
115258.4301888492
 21
237578.1064309691
 31
0.0
  0
LINE
  5
3384
330
1F
100
AcDbEntity
  8
Acceso
100
AcDbLine
 10
115258.4301888492
 20
237578.1064309691
 30
0.0
 11
118642.5051990609
 21
236650.4132651844
 31
0.0
  0
LINE
  5
3385
330
1F
100
AcDbEntity
  8
Acceso
100
AcDbLine
 10
118642.5051990609
 20
236650.4132651844
 30
0.0
 11
122192.4997899001
 21
235417.6780533402
 31
0.0
  0
LINE
  5
3386
330
1F
100
AcDbEntity
  8
Acceso
100
AcDbLine
 10
122192.4997899001
 20
235417.6780533402
 30
0.0
 11
124761.7756627354
 21
242262.1077762804
 31
0.0
  0
LINE
  5
3387
330
1F
100
AcDbEntity
  8
Acceso
100
AcDbLine
 10
112382.9428199174
 20
256733.5325429957
 30
0.0
 11
101085.7398953082
 21
261370.1508650662
 31
0.0
  0
LINE
  5
3388
330
1F
100
AcDbEntity
  8
Acceso
100
AcDbLine
 10
101085.7398953082
 20
261370.1508650662
 30
0.0
 11
103116.0505603311
 21
266054.5328718767
 31
0.0
  0
LINE
  5
3389
330
1F
100
AcDbEntity
  8
Acceso
100
AcDbLine
 10
103116.0505603311
 20
266054.5328718767
 30
0.0
 11
107896.1957134382
 21
263982.7164250965
 31
0.0
  0
LINE
  5
338A
330
1F
100
AcDbEntity
  8
Acceso
100
AcDbLine
 10
107896.1957134382
 20
263982.7164250965
 30
0.0
 11
110991.143737668
 21
271148.9352196541
 31
0.0
  0
LINE
  5
338B
330
1F
100
AcDbEntity
  8
Acceso
100
AcDbLine
 10
110991.143737668
 20
271148.9352196541
 30
0.0
 11
115975.8753091359
 21
266259.2711024958
 31
0.0
  0
LINE
  5
338C
330
1F
100
AcDbEntity
  8
Acceso
100
AcDbLine
 10
115975.8753091359
 20
266259.2711024958
 30
0.0
 11
112382.9428199174
 21
256733.5325429957
 31
0.0
  0
LINE
  5
338D
330
1F
100
AcDbEntity
  8
Acceso
100
AcDbLine
 10
112382.9428199174
 20
256733.5325429957
 30
0.0
 11
101085.7398953082
 21
261370.1508650662
 31
0.0
  0
LINE
  5
338E
330
1F
100
AcDbEntity
  8
Acceso
100
AcDbLine
 10
101085.7398953082
 20
261370.1508650662
 30
0.0
 11
94782.9305150311
 21
246013.2438224486
 31
0.0
  0
LINE
  5
338F
330
1F
100
AcDbEntity
  8
Acceso
100
AcDbLine
 10
94782.9305150311
 20
246013.2438224486
 30
0.0
 11
100160.1663255525
 21
243806.3090397829
 31
0.0
  0
LINE
  5
3390
330
1F
100
AcDbEntity
  8
Acceso
100
AcDbLine
 10
100160.1663255525
 20
243806.3090397829
 30
0.0
 11
105996.7085797597
 21
259354.5822740266
 31
0.0
  0
LINE
  5
3391
330
1F
100
AcDbEntity
  8
Acceso
100
AcDbLine
 10
105996.7085797597
 20
259354.5822740266
 30
0.0
 11
101085.739895308
 21
261370.1508650658
 31
0.0
  0
LINE
  5
3392
330
1F
100
AcDbEntity
  8
Acceso
100
AcDbLine
 10
94782.9305150311
 20
246013.2438224486
 30
0.0
 11
87620.12937317216
 21
228560.9515725046
 31
0.0
  0
LINE
  5
3393
330
1F
100
AcDbEntity
  8
Acceso
100
AcDbLine
 10
87620.12937317216
 20
228560.9515725046
 30
0.0
 11
92113.01086286235
 21
226716.9750791191
 31
0.0
  0
LINE
  5
3394
330
1F
100
AcDbEntity
  8
Acceso
100
AcDbLine
 10
92113.01086286235
 20
226716.9750791191
 30
0.0
 11
92803.71519850969
 21
227941.645505644
 31
0.0
  0
LINE
  5
3395
330
1F
100
AcDbEntity
  8
Acceso
100
AcDbLine
 10
92803.71519850969
 20
227941.645505644
 30
0.0
 11
94334.54056478119
 21
230032.2048544066
 31
0.0
  0
LINE
  5
3396
330
1F
100
AcDbEntity
  8
Acceso
100
AcDbLine
 10
94334.54056478119
 20
230032.2048544066
 30
0.0
 11
95430.86558136403
 21
231207.6749556156
 31
0.0
  0
LINE
  5
3397
330
1F
100
AcDbEntity
  8
Acceso
100
AcDbLine
 10
95430.86558136403
 20
231207.6749556156
 30
0.0
 11
100160.1663255525
 21
243806.3090397829
 31
0.0
  0
LINE
  5
3398
330
1F
100
AcDbEntity
  8
Acceso
100
AcDbLine
 10
100160.1663255525
 20
243806.3090397829
 30
0.0
 11
94782.93051503111
 21
246013.2438224486
 31
0.0
  0
LINE
  5
3399
330
1F
100
AcDbEntity
  8
Acceso
100
AcDbLine
 10
87620.12937317216
 20
228560.9515725045
 30
0.0
 11
80127.59078307109
 21
211298.038098639
 31
0.0
  0
LINE
  5
339A
330
1F
100
AcDbEntity
  8
Acceso
100
AcDbLine
 10
80127.59078307109
 20
211298.038098639
 30
0.0
 11
84898.29661507448
 21
209340.0364395128
 31
0.0
  0
LINE
  5
339B
330
1F
100
AcDbEntity
  8
Acceso
100
AcDbLine
 10
84898.29661507448
 20
209340.0364395128
 30
0.0
 11
90962.81070514393
 21
224347.8575825402
 31
0.0
  0
LINE
  5
339C
330
1F
100
AcDbEntity
  8
Acceso
100
AcDbLine
 10
90962.81070514393
 20
224347.8575825402
 30
0.0
 11
91530.83594628638
 21
225684.7354266389
 31
0.0
  0
LINE
  5
339D
330
1F
100
AcDbEntity
  8
Acceso
100
AcDbLine
 10
91530.83594628638
 20
225684.7354266389
 30
0.0
 11
92113.01086286235
 21
226716.9750791191
 31
0.0
  0
LINE
  5
339E
330
1F
100
AcDbEntity
  8
Acceso
100
AcDbLine
 10
92113.01086286235
 20
226716.9750791191
 30
0.0
 11
87620.12937317217
 21
228560.9515725046
 31
0.0
  0
LINE
  5
339F
330
1F
100
AcDbEntity
  8
Acceso
100
AcDbLine
 10
80127.59078307109
 20
211298.038098639
 30
0.0
 11
72983.77400655387
 21
193892.0015921654
 31
0.0
  0
LINE
  5
33A0
330
1F
100
AcDbEntity
  8
Acceso
100
AcDbLine
 10
72983.77400655387
 20
193892.0015921654
 30
0.0
 11
77893.64058693599
 21
191917.9588136244
 31
0.0
  0
LINE
  5
33A1
330
1F
100
AcDbEntity
  8
Acceso
100
AcDbLine
 10
77893.64058693599
 20
191917.9588136244
 30
0.0
 11
84898.29600556424
 21
209340.034931161
 31
0.0
  0
LINE
  5
33A2
330
1F
100
AcDbEntity
  8
Acceso
100
AcDbLine
 10
84898.29600556424
 20
209340.034931161
 30
0.0
 11
80129.50486254386
 21
211297.2525187027
 31
0.0
  0
LINE
  5
33A3
330
1F
100
AcDbEntity
  8
Acceso
100
AcDbLine
 10
51984.97497486989
 20
189540.8224898146
 30
0.0
 11
49043.63632899534
 21
197793.8751365107
 31
0.0
  0
LINE
  5
33A4
330
1F
100
AcDbEntity
  8
Acceso
100
AcDbLine
 10
49043.63632899534
 20
197793.8751365107
 30
0.0
 11
55273.51293146582
 21
201910.7912082809
 31
0.0
  0
LINE
  5
33A5
330
1F
100
AcDbEntity
  8
Acceso
100
AcDbLine
 10
55273.51293146582
 20
201910.7912082809
 30
0.0
 11
55953.69153904602
 21
200881.5186365316
 31
0.0
  0
LINE
  5
33A6
330
1F
100
AcDbEntity
  8
Acceso
100
AcDbLine
 10
55953.69153904602
 20
200881.5186365316
 30
0.0
 11
61635.10632560277
 21
198549.7421720008
 31
0.0
  0
LINE
  5
33A7
330
1F
100
AcDbEntity
  8
Acceso
100
AcDbLine
 10
61635.10632560277
 20
198549.7421720008
 30
0.0
 11
59015.26426808223
 21
192166.4496334429
 31
0.0
  0
LINE
  5
33A8
330
1F
100
AcDbEntity
  8
Acceso
100
AcDbLine
 10
59015.26426808223
 20
192166.4496334429
 30
0.0
 11
51984.97497486989
 21
189540.8224898146
 31
0.0
  0
LINE
  5
33A9
330
1F
100
AcDbEntity
  8
Acceso
100
AcDbLine
 10
75551.73096187983
 20
185298.4702757303
 30
0.0
 11
70605.12493058556
 21
187352.910848964
 31
0.0
  0
LINE
  5
33AA
330
1F
100
AcDbEntity
  8
Acceso
100
AcDbLine
 10
70605.12493058556
 20
187352.910848964
 30
0.0
 11
68666.83564649288
 21
182685.9695959521
 31
0.0
  0
LINE
  5
33AB
330
1F
100
AcDbEntity
  8
Acceso
100
AcDbLine
 10
68666.83564649288
 20
182685.9695959521
 30
0.0
 11
68110.02016595264
 21
177969.5220667658
 31
0.0
  0
LINE
  5
33AC
330
1F
100
AcDbEntity
  8
Acceso
100
AcDbLine
 10
68110.02016595264
 20
177969.5220667658
 30
0.0
 11
68152.47969288154
 21
173809.7232436038
 31
0.0
  0
LINE
  5
33AD
330
1F
100
AcDbEntity
  8
Acceso
100
AcDbLine
 10
68152.47969288154
 20
173809.7232436038
 30
0.0
 11
73708.80533823477
 21
175883.1407197866
 31
0.0
  0
LINE
  5
33AE
330
1F
100
AcDbEntity
  8
Acceso
100
AcDbLine
 10
73708.80533823477
 20
175883.1407197866
 30
0.0
 11
73871.17407387741
 21
177317.2476315975
 31
0.0
  0
LINE
  5
33AF
330
1F
100
AcDbEntity
  8
Acceso
100
AcDbLine
 10
73871.17407387741
 20
177317.2476315975
 30
0.0
 11
74625.29454669509
 21
181648.5445686773
 31
0.0
  0
LINE
  5
33B0
330
1F
100
AcDbEntity
  8
Acceso
100
AcDbLine
 10
74625.29454669509
 20
181648.5445686773
 30
0.0
 11
75551.73096187983
 21
185298.4702757303
 31
0.0
  0
LINE
  5
33B1
330
1F
100
AcDbEntity
  8
Acceso
100
AcDbLine
 10
73708.80533823477
 20
175883.1407197866
 30
0.0
 11
68152.49721520393
 21
173808.0065655968
 31
0.0
  0
LINE
  5
33B2
330
1F
100
AcDbEntity
  8
Acceso
100
AcDbLine
 10
68152.49721520393
 20
173808.0065655968
 30
0.0
 11
68152.49721520393
 21
170499.5537300889
 31
0.0
  0
LINE
  5
33B3
330
1F
100
AcDbEntity
  8
Acceso
100
AcDbLine
 10
68152.49721520393
 20
170499.5537300889
 30
0.0
 11
68227.18199388051
 21
164156.8362182857
 31
0.0
  0
LINE
  5
33B4
330
1F
100
AcDbEntity
  8
Acceso
100
AcDbLine
 10
68227.18199388051
 20
164156.8362182857
 30
0.0
 11
69352.83471524992
 21
156237.2671662492
 31
0.0
  0
LINE
  5
33B5
330
1F
100
AcDbEntity
  8
Acceso
100
AcDbLine
 10
69352.83471524992
 20
156237.2671662492
 30
0.0
 11
70582.55477743795
 21
152944.610854471
 31
0.0
  0
LINE
  5
33B6
330
1F
100
AcDbEntity
  8
Acceso
100
AcDbLine
 10
70582.55477743795
 20
152944.610854471
 30
0.0
 11
75529.48581565148
 21
154792.1587817147
 31
0.0
  0
LINE
  5
33B7
330
1F
100
AcDbEntity
  8
Acceso
100
AcDbLine
 10
75529.48581565148
 20
154792.1587817147
 30
0.0
 11
74782.34413648487
 21
157654.5020633077
 31
0.0
  0
LINE
  5
33B8
330
1F
100
AcDbEntity
  8
Acceso
100
AcDbLine
 10
74782.34413648487
 20
157654.5020633077
 30
0.0
 11
73695.66299962312
 21
164156.8362182857
 31
0.0
  0
LINE
  5
33B9
330
1F
100
AcDbEntity
  8
Acceso
100
AcDbLine
 10
73695.66299962312
 20
164156.8362182857
 30
0.0
 11
73390.49396394113
 21
170742.2820813582
 31
0.0
  0
LINE
  5
33BA
330
1F
100
AcDbEntity
  8
Acceso
100
AcDbLine
 10
73390.49396394113
 20
170742.2820813582
 30
0.0
 11
73708.80533823368
 21
175883.1407197862
 31
0.0
  0
LINE
  5
33BB
330
1F
100
AcDbEntity
  8
Acceso
100
AcDbLine
 10
73708.80533823368
 20
175883.1407197862
 30
0.0
 11
68152.47969288154
 21
173809.7232436038
 31
0.0
  0
LINE
  5
33BC
330
1F
100
AcDbEntity
  8
Acceso
100
AcDbLine
 10
77380.9913315852
 20
133176.7985071913
 30
0.0
 11
77210.59736401412
 21
133633.0395575442
 31
0.0
  0
LINE
  5
33BD
330
1F
100
AcDbEntity
  8
Acceso
100
AcDbLine
 10
77210.59736401412
 20
133633.0395575442
 30
0.0
 11
70582.55477743795
 21
152944.610854471
 31
0.0
  0
LINE
  5
33BE
330
1F
100
AcDbEntity
  8
Acceso
100
AcDbLine
 10
70582.55477743795
 20
152944.610854471
 30
0.0
 11
75529.48581565185
 21
154792.1587817148
 31
0.0
  0
LINE
  5
33BF
330
1F
100
AcDbEntity
  8
Acceso
100
AcDbLine
 10
75529.48581565185
 20
154792.1587817148
 30
0.0
 11
76505.29716733734
 21
151534.5116431954
 31
0.0
  0
LINE
  5
33C0
330
1F
100
AcDbEntity
  8
Acceso
100
AcDbLine
 10
76505.29716733734
 20
151534.5116431954
 30
0.0
 11
79116.22258753948
 21
143710.4717501012
 31
0.0
  0
LINE
  5
33C1
330
1F
100
AcDbEntity
  8
Acceso
100
AcDbLine
 10
79116.22258753948
 20
143710.4717501012
 30
0.0
 11
82216.74984416948
 21
135783.8240630042
 31
0.0
  0
LINE
  5
33C2
330
1F
100
AcDbEntity
  8
Acceso
100
AcDbLine
 10
82216.74984416948
 20
135783.8240630042
 30
0.0
 11
80642.50648848538
 21
135195.8857985841
 31
0.0
  0
LINE
  5
33C3
330
1F
100
AcDbEntity
  8
Acceso
100
AcDbLine
 10
80642.50648848538
 20
135195.8857985841
 30
0.0
 11
77380.99133158534
 21
133176.7985071909
 31
0.0
  0
LINE
  5
33C4
330
1F
100
AcDbEntity
  8
Acceso
100
AcDbLine
 10
77380.9913315852
 20
133176.7985071913
 30
0.0
 11
86481.38249034767
 21
114676.6974955288
 31
0.0
  0
LINE
  5
33C5
330
1F
100
AcDbEntity
  8
Acceso
100
AcDbLine
 10
86481.38249034767
 20
114676.6974955288
 30
0.0
 11
91453.25589242752
 21
117754.6063532911
 31
0.0
  0
LINE
  5
33C6
330
1F
100
AcDbEntity
  8
Acceso
100
AcDbLine
 10
91453.25589242752
 20
117754.6063532911
 30
0.0
 11
89862.66814014875
 21
120365.3069251706
 31
0.0
  0
LINE
  5
33C7
330
1F
100
AcDbEntity
  8
Acceso
100
AcDbLine
 10
89862.66814014875
 20
120365.3069251706
 30
0.0
 11
88265.21006428091
 21
122971.7543256356
 31
0.0
  0
LINE
  5
33C8
330
1F
100
AcDbEntity
  8
Acceso
100
AcDbLine
 10
88265.21006428091
 20
122971.7543256356
 30
0.0
 11
85489.52406381257
 21
128500.5270450662
 31
0.0
  0
LINE
  5
33C9
330
1F
100
AcDbEntity
  8
Acceso
100
AcDbLine
 10
85489.52406381257
 20
128500.5270450662
 30
0.0
 11
82216.74984416948
 21
135783.8240630042
 31
0.0
  0
LINE
  5
33CA
330
1F
100
AcDbEntity
  8
Acceso
100
AcDbLine
 10
82216.74984416948
 20
135783.8240630042
 30
0.0
 11
80642.50648848538
 21
135195.8857985841
 31
0.0
  0
LINE
  5
33CB
330
1F
100
AcDbEntity
  8
Acceso
100
AcDbLine
 10
80642.50648848538
 20
135195.8857985841
 30
0.0
 11
77380.99133158594
 21
133176.7985071897
 31
0.0
  0
LINE
  5
33CC
330
1F
100
AcDbEntity
  8
Acceso
100
AcDbLine
 10
91453.25589242752
 20
117754.6063532911
 30
0.0
 11
86481.38249034767
 21
114676.6974955288
 31
0.0
  0
LINE
  5
33CD
330
1F
100
AcDbEntity
  8
Acceso
100
AcDbLine
 10
86481.38249034767
 20
114676.6974955288
 30
0.0
 11
96618.46233121387
 21
96877.1789603935
 31
0.0
  0
LINE
  5
33CE
330
1F
100
AcDbEntity
  8
Acceso
100
AcDbLine
 10
96618.46233121387
 20
96877.1789603935
 30
0.0
 11
102227.9435580262
 21
100349.8079996273
 31
0.0
  0
LINE
  5
33CF
330
1F
100
AcDbEntity
  8
Acceso
100
AcDbLine
 10
102227.9435580262
 20
100349.8079996273
 30
0.0
 11
91453.25589242752
 21
117754.6063532911
 31
0.0
  0
LINE
  5
33D0
330
1F
100
AcDbEntity
  8
Acceso
100
AcDbLine
 10
91453.25589242752
 20
117754.6063532911
 30
0.0
 11
86481.38249034767
 21
114676.6974955288
 31
0.0
  0
LINE
  5
33D1
330
1F
100
AcDbEntity
  8
Acceso
100
AcDbLine
 10
102227.9435580262
 20
100349.8079996273
 30
0.0
 11
96618.46233121387
 21
96877.1789603935
 31
0.0
  0
LINE
  5
33D2
330
1F
100
AcDbEntity
  8
Acceso
100
AcDbLine
 10
96618.46233121387
 20
96877.1789603935
 30
0.0
 11
107353.6726357509
 21
79536.15001983337
 31
0.0
  0
LINE
  5
33D3
330
1F
100
AcDbEntity
  8
Acceso
100
AcDbLine
 10
107353.6726357509
 20
79536.15001983337
 30
0.0
 11
112956.3087130766
 21
83004.54147203835
 31
0.0
  0
LINE
  5
33D4
330
1F
100
AcDbEntity
  8
Acceso
100
AcDbLine
 10
112956.3087130766
 20
83004.54147203835
 30
0.0
 11
102227.9435580262
 21
100349.8079996273
 31
0.0
  0
LINE
  5
33D5
330
1F
100
AcDbEntity
  8
Acceso
100
AcDbLine
 10
102227.9435580262
 20
100349.8079996273
 30
0.0
 11
96618.46233121387
 21
96877.1789603935
 31
0.0
  0
LINE
  5
33D6
330
1F
100
AcDbEntity
  8
Acceso
100
AcDbLine
 10
118470.2898209442
 20
62431.2364268459
 30
0.0
 11
107353.6726357509
 21
79536.15001983338
 31
0.0
  0
LINE
  5
33D7
330
1F
100
AcDbEntity
  8
Acceso
100
AcDbLine
 10
107353.6726357509
 20
79536.15001983338
 30
0.0
 11
112956.3087130766
 21
83004.54147203835
 31
0.0
  0
LINE
  5
33D8
330
1F
100
AcDbEntity
  8
Acceso
100
AcDbLine
 10
112956.3087130766
 20
83004.54147203835
 30
0.0
 11
117839.7016351849
 21
75116.04852553496
 31
0.0
  0
LINE
  5
33D9
330
1F
100
AcDbEntity
  8
Acceso
100
AcDbLine
 10
117839.7016351849
 20
75116.04852553496
 30
0.0
 11
121747.9676216693
 21
69752.93148935295
 31
0.0
  0
LINE
  5
33DA
330
1F
100
AcDbEntity
  8
Acceso
100
AcDbLine
 10
121747.9676216693
 20
69752.93148935295
 30
0.0
 11
124830.0331902818
 21
66368.32590329715
 31
0.0
  0
LINE
  5
33DB
330
1F
100
AcDbEntity
  8
Acceso
100
AcDbLine
 10
124830.0331902818
 20
66368.32590329715
 30
0.0
 11
118470.2898209442
 21
62431.2364268459
 31
0.0
  0
LINE
  5
33DC
330
1F
100
AcDbEntity
  8
Acceso
100
AcDbLine
 10
118470.2898209452
 20
62431.23642684431
 30
0.0
 11
119349.4439409178
 21
61773.72963062516
 31
0.0
  0
LINE
  5
33DD
330
1F
100
AcDbEntity
  8
Acceso
100
AcDbLine
 10
119349.4439409178
 20
61773.72963062516
 30
0.0
 11
134488.8618531615
 21
50728.632894175
 31
0.0
  0
LINE
  5
33DE
330
1F
100
AcDbEntity
  8
Acceso
100
AcDbLine
 10
134488.8618531615
 20
50728.632894175
 30
0.0
 11
138725.1422800498
 21
56392.9749391154
 31
0.0
  0
LINE
  5
33E2
330
1F
100
AcDbEntity
  8
Acceso
100
AcDbLine
 10
118470.2898209442
 20
62431.2364268459
 30
0.0
 11
124830.0331902812
 21
66368.32590329772
 31
0.0
  0
LINE
  5
33E3
330
1F
100
AcDbEntity
  8
Acceso
100
AcDbLine
 10
124830.0331902812
 20
66368.32590329772
 30
0.0
 11
126309.4663102335
 21
64933.14963864709
 31
0.0
  0
LINE
  5
33E4
330
1F
100
AcDbEntity
  8
Acceso
100
AcDbLine
 10
126309.4663102335
 20
64933.14963864709
 30
0.0
 11
127962.489822345
 21
63461.23566437268
 31
0.0
  0
LINE
  5
33E5
330
1F
100
AcDbEntity
  8
Acceso
100
AcDbLine
 10
127962.489822345
 20
63461.23566437268
 30
0.0
 11
129676.8496021932
 21
62061.23994214122
 31
0.0
  0
LINE
  5
33E6
330
1F
100
AcDbEntity
  8
Acceso
100
AcDbLine
 10
129676.8496021932
 20
62061.23994214122
 30
0.0
 11
131449.4191626365
 21
60735.71565414607
 31
0.0
  0
LINE
  5
33E7
330
1F
100
AcDbEntity
  8
Acceso
100
AcDbLine
 10
131449.4191626365
 20
60735.71565414607
 30
0.0
 11
133276.965851388
 21
59487.08016847806
 31
0.0
  0
LINE
  5
33E8
330
1F
100
AcDbEntity
  8
Acceso
100
AcDbLine
 10
133276.965851388
 20
59487.08016847806
 30
0.0
 11
135156.1567620114
 21
58317.61063049768
 31
0.0
  0
LINE
  5
33E9
330
1F
100
AcDbEntity
  8
Acceso
100
AcDbLine
 10
135156.1567620114
 20
58317.61063049768
 30
0.0
 11
136119.8607808657
 21
57773.52522024849
 31
0.0
  0
LINE
  5
33EA
330
1F
100
AcDbEntity
  8
Acceso
100
AcDbLine
 10
136119.8607808657
 20
57773.52522024849
 30
0.0
 11
137083.5647997201
 21
57229.4398099993
 31
0.0
  0
LINE
  5
33EB
330
1F
100
AcDbEntity
  8
Acceso
100
AcDbLine
 10
137083.5647997201
 20
57229.4398099993
 30
0.0
 11
138725.1422800498
 21
56392.97493911541
 31
0.0
  0
LINE
  5
33EC
330
1F
100
AcDbEntity
  8
Acceso
100
AcDbLine
 10
134488.8618531615
 20
50728.632894175
 30
0.0
 11
134897.3680452808
 21
50584.08303555609
 31
0.0
  0
LINE
  5
33ED
330
1F
100
AcDbEntity
  8
Acceso
100
AcDbLine
 10
134897.3680452808
 20
50584.08303555609
 30
0.0
 11
152564.0971758342
 21
44332.7134178677
 31
0.0
  0
LINE
  5
33EE
330
1F
100
AcDbEntity
  8
Acceso
100
AcDbLine
 10
152564.0971758342
 20
44332.7134178677
 30
0.0
 11
154695.1146777865
 21
50355.09111777727
 31
0.0
  0
LINE
  5
33EF
330
1F
100
AcDbEntity
  8
Acceso
100
AcDbLine
 10
154695.1146777865
 20
50355.09111777727
 30
0.0
 11
147940.4686987797
 21
52747.95019710563
 31
0.0
  0
LINE
  5
33F0
330
1F
100
AcDbEntity
  8
Acceso
100
AcDbLine
 10
147940.4686987797
 20
52747.95019710563
 30
0.0
 11
145112.700427441
 21
53749.8117654476
 31
0.0
  0
LINE
  5
33F1
330
1F
100
AcDbEntity
  8
Acceso
100
AcDbLine
 10
145112.700427441
 20
53749.8117654476
 30
0.0
 11
141068.8906242279
 21
55304.78045659126
 31
0.0
  0
LINE
  5
33F2
330
1F
100
AcDbEntity
  8
Acceso
100
AcDbLine
 10
141068.8906242279
 20
55304.78045659126
 30
0.0
 11
138725.1422800498
 21
56392.97493911541
 31
0.0
  0
LINE
  5
33F3
330
1F
100
AcDbEntity
  8
Acceso
100
AcDbLine
 10
138725.1422800498
 20
56392.97493911541
 30
0.0
 11
134488.8618531615
 21
50728.632894175
 31
0.0
  0
LINE
  5
33F4
330
1F
100
AcDbEntity
  8
Acceso
100
AcDbLine
 10
154695.1146777865
 20
50355.09111777727
 30
0.0
 11
152564.0971758342
 21
44332.71341786769
 31
0.0
  0
LINE
  5
33F5
330
1F
100
AcDbEntity
  8
Acceso
100
AcDbLine
 10
152564.0971758342
 20
44332.71341786769
 30
0.0
 11
170230.8263063508
 21
38081.34380019231
 31
0.0
  0
LINE
  5
33F6
330
1F
100
AcDbEntity
  8
Acceso
100
AcDbLine
 10
170230.8263063508
 20
38081.34380019231
 30
0.0
 11
172361.7282575333
 21
44103.39494699861
 31
0.0
  0
LINE
  5
33F7
330
1F
100
AcDbEntity
  8
Acceso
100
AcDbLine
 10
172361.7282575333
 20
44103.39494699861
 30
0.0
 11
154695.1146777865
 21
50355.09111777727
 31
0.0
  0
LINE
  5
33F8
330
1F
100
AcDbEntity
  8
Acceso
100
AcDbLine
 10
172361.7282575333
 20
44103.39494699861
 30
0.0
 11
170230.8263063508
 21
38081.34380019231
 31
0.0
  0
LINE
  5
33F9
330
1F
100
AcDbEntity
  8
Acceso
100
AcDbLine
 10
170230.8263063508
 20
38081.34380019231
 30
0.0
 11
188186.2119693934
 21
32645.80510107323
 31
0.0
  0
LINE
  5
33FA
330
1F
100
AcDbEntity
  8
Acceso
100
AcDbLine
 10
188186.2119693934
 20
32645.80510107323
 30
0.0
 11
190658.0124791205
 21
39631.25512894557
 31
0.0
  0
LINE
  5
33FB
330
1F
100
AcDbEntity
  8
Acceso
100
AcDbLine
 10
190658.0124791205
 20
39631.25512894557
 30
0.0
 11
185677.7884799588
 21
40505.01108342862
 31
0.0
  0
LINE
  5
33FC
330
1F
100
AcDbEntity
  8
Acceso
100
AcDbLine
 10
185677.7884799588
 20
40505.01108342862
 30
0.0
 11
181579.8306099746
 21
41414.02464591327
 31
0.0
  0
LINE
  5
33FD
330
1F
100
AcDbEntity
  8
Acceso
100
AcDbLine
 10
181579.8306099746
 20
41414.02464591327
 30
0.0
 11
172361.7282575479
 21
44103.39494699345
 31
0.0
  0
LINE
  5
33FE
330
1F
100
AcDbEntity
  8
Acceso
100
AcDbLine
 10
172361.7282575479
 20
44103.39494699345
 30
0.0
 11
170230.8263063653
 21
38081.34380018716
 31
0.0
  0
LINE
  5
33FF
330
1F
100
AcDbEntity
  8
Acceso
100
AcDbLine
 10
190658.0124791205
 20
39631.25512894557
 30
0.0
 11
188186.2119693934
 21
32645.80510107323
 31
0.0
  0
LINE
  5
3400
330
1F
100
AcDbEntity
  8
Acceso
100
AcDbLine
 10
188186.2119693934
 20
32645.80510107323
 30
0.0
 11
189278.9480896118
 21
32259.14057864842
 31
0.0
  0
LINE
  5
3401
330
1F
100
AcDbEntity
  8
Acceso
100
AcDbLine
 10
189278.9480896118
 20
32259.14057864842
 30
0.0
 11
198142.2616083854
 21
31635.09983303392
 31
0.0
  0
LINE
  5
3402
330
1F
100
AcDbEntity
  8
Acceso
100
AcDbLine
 10
198142.2616083854
 20
31635.09983303392
 30
0.0
 11
200647.5795813414
 21
31782.20704301313
 31
0.0
  0
LINE
  5
3403
330
1F
100
AcDbEntity
  8
Acceso
100
AcDbLine
 10
200647.5795813414
 20
31782.20704301313
 30
0.0
 11
204069.6738359059
 21
32184.58717769798
 31
0.0
  0
LINE
  5
3404
330
1F
100
AcDbEntity
  8
Acceso
100
AcDbLine
 10
204069.6738359059
 20
32184.58717769798
 30
0.0
 11
209666.7939838845
 21
33284.55902084531
 31
0.0
  0
LINE
  5
3405
330
1F
100
AcDbEntity
  8
Acceso
100
AcDbLine
 10
209666.7939838845
 20
33284.55902084531
 30
0.0
 11
208953.0899834811
 21
40939.63062088412
 31
0.0
  0
LINE
  5
3406
330
1F
100
AcDbEntity
  8
Acceso
100
AcDbLine
 10
208953.0899834811
 20
40939.63062088412
 30
0.0
 11
207662.090409855
 21
40242.5704200504
 31
0.0
  0
LINE
  5
3407
330
1F
100
AcDbEntity
  8
Acceso
100
AcDbLine
 10
207662.090409855
 20
40242.5704200504
 30
0.0
 11
206073.8414971964
 21
39615.6710493759
 31
0.0
  0
LINE
  5
3408
330
1F
100
AcDbEntity
  8
Acceso
100
AcDbLine
 10
206073.8414971964
 20
39615.6710493759
 30
0.0
 11
203401.9383172222
 21
38927.9479716554
 31
0.0
  0
LINE
  5
3409
330
1F
100
AcDbEntity
  8
Acceso
100
AcDbLine
 10
203401.9383172222
 20
38927.9479716554
 30
0.0
 11
200647.5795813414
 21
38655.20812941051
 31
0.0
  0
LINE
  5
340A
330
1F
100
AcDbEntity
  8
Acceso
100
AcDbLine
 10
200647.5795813414
 20
38655.20812941051
 30
0.0
 11
198142.2616083854
 21
38759.29084667759
 31
0.0
  0
LINE
  5
340B
330
1F
100
AcDbEntity
  8
Acceso
100
AcDbLine
 10
198142.2616083854
 20
38759.29084667759
 30
0.0
 11
193965.4908765327
 21
39176.6044217277
 31
0.0
  0
LINE
  5
340C
330
1F
100
AcDbEntity
  8
Acceso
100
AcDbLine
 10
193965.4908765327
 20
39176.6044217277
 30
0.0
 11
190658.0124791206
 21
39631.25512894587
 31
0.0
  0
LINE
  5
340D
330
1F
100
AcDbEntity
  8
Acceso
100
AcDbLine
 10
190658.0124791206
 20
39631.25512894587
 30
0.0
 11
188186.2119693962
 21
32645.80510107222
 31
0.0
  0
LINE
  5
340E
330
1F
100
AcDbEntity
  8
Acceso
100
AcDbLine
 10
209878.2422863195
 20
41439.15584396838
 30
0.0
 11
208953.0899834811
 21
40939.63062088366
 31
0.0
  0
LINE
  5
340F
330
1F
100
AcDbEntity
  8
Acceso
100
AcDbLine
 10
208953.0899834811
 20
40939.63062088366
 30
0.0
 11
209666.7939838845
 21
33284.55902084531
 31
0.0
  0
LINE
  5
3410
330
1F
100
AcDbEntity
  8
Acceso
100
AcDbLine
 10
209666.7939838845
 20
33284.55902084531
 30
0.0
 11
228325.8737232026
 21
35024.19785763041
 31
0.0
  0
LINE
  5
3411
330
1F
100
AcDbEntity
  8
Acceso
100
AcDbLine
 10
228325.8737232026
 20
35024.19785763041
 30
0.0
 11
227573.9713634532
 21
43088.97877081605
 31
0.0
  0
LINE
  5
3412
330
1F
100
AcDbEntity
  8
Acceso
100
AcDbLine
 10
227573.9713634532
 20
43088.97877081605
 30
0.0
 11
209878.2422863195
 21
41439.15584396838
 31
0.0
  0
LINE
  5
3413
330
1F
100
AcDbEntity
  8
Acceso
100
AcDbLine
 10
226933.4426562065
 20
49959.18422445466
 30
0.0
 11
227573.9713634534
 21
43088.97877081607
 31
0.0
  0
LINE
  5
3414
330
1F
100
AcDbEntity
  8
Acceso
100
AcDbLine
 10
227573.9713634534
 20
43088.97877081607
 30
0.0
 11
235898.3779022001
 21
43865.08676275925
 31
0.0
  0
LINE
  5
3415
330
1F
100
AcDbEntity
  8
Acceso
100
AcDbLine
 10
235898.3779022001
 20
43865.08676275925
 30
0.0
 11
236252.5755853338
 21
40066.0207305894
 31
0.0
  0
LINE
  5
3416
330
1F
100
AcDbEntity
  8
Acceso
100
AcDbLine
 10
236252.5755853338
 20
40066.0207305894
 30
0.0
 11
246621.3027240581
 21
42017.63047435129
 31
0.0
  0
LINE
  5
3417
330
1F
100
AcDbEntity
  8
Acceso
100
AcDbLine
 10
246621.3027240581
 20
42017.63047435129
 30
0.0
 11
245063.1977515091
 21
51197.61499065725
 31
0.0
  0
LINE
  5
3418
330
1F
100
AcDbEntity
  8
Acceso
100
AcDbLine
 10
245063.1977515091
 20
51197.61499065725
 30
0.0
 11
244992.0151850611
 21
51642.83607368718
 31
0.0
  0
LINE
  5
3419
330
1F
100
AcDbEntity
  8
Acceso
100
AcDbLine
 10
244992.0151850611
 20
51642.83607368718
 30
0.0
 11
226933.4426562065
 21
49959.18422445466
 31
0.0
  0
LINE
  5
341A
330
1F
100
AcDbEntity
  8
Acceso
100
AcDbLine
 10
226933.4426562065
 20
49959.18422445466
 30
0.0
 11
227573.9713634531
 21
43088.97877081604
 31
0.0
  0
LINE
  5
341B
330
1F
100
AcDbEntity
  8
Acceso
100
AcDbLine
 10
216566.3495055196
 20
48992.63077586783
 30
0.0
 11
217005.2333902122
 21
49888.48216096018
 31
0.0
  0
LINE
  5
341C
330
1F
100
AcDbEntity
  8
Acceso
100
AcDbLine
 10
217005.2333902122
 20
49888.48216096018
 30
0.0
 11
217430.2820991298
 21
51201.35504774038
 31
0.0
  0
LINE
  5
341D
330
1F
100
AcDbEntity
  8
Acceso
100
AcDbLine
 10
217430.2820991298
 20
51201.35504774038
 30
0.0
 11
217855.3308080473
 21
52514.22793452056
 31
0.0
  0
LINE
  5
341E
330
1F
100
AcDbEntity
  8
Acceso
100
AcDbLine
 10
217855.3308080473
 20
52514.22793452056
 30
0.0
 11
218296.6287871442
 21
55238.6476124589
 31
0.0
  0
LINE
  5
341F
330
1F
100
AcDbEntity
  8
Acceso
100
AcDbLine
 10
218296.6287871442
 20
55238.6476124589
 30
0.0
 11
218318.8814334195
 21
57998.48661289119
 31
0.0
  0
LINE
  5
3420
330
1F
100
AcDbEntity
  8
Acceso
100
AcDbLine
 10
218318.8814334195
 20
57998.48661289119
 30
0.0
 11
217588.2405601715
 21
65835.22032247682
 31
0.0
  0
LINE
  5
3421
330
1F
100
AcDbEntity
  8
Acceso
100
AcDbLine
 10
217588.2405601715
 20
65835.22032247682
 30
0.0
 11
225180.9873362888
 21
66543.11360307503
 31
0.0
  0
LINE
  5
3422
330
1F
100
AcDbEntity
  8
Acceso
100
AcDbLine
 10
225180.9873362888
 20
66543.11360307503
 30
0.0
 11
225977.627104468
 21
57998.48661289119
 31
0.0
  0
LINE
  5
3423
330
1F
100
AcDbEntity
  8
Acceso
100
AcDbLine
 10
225977.627104468
 20
57998.48661289119
 30
0.0
 11
225977.627104468
 21
55238.6476124589
 31
0.0
  0
LINE
  5
3424
330
1F
100
AcDbEntity
  8
Acceso
100
AcDbLine
 10
225977.627104468
 20
55238.6476124589
 30
0.0
 11
225826.7462532882
 21
52514.22793452056
 31
0.0
  0
LINE
  5
3425
330
1F
100
AcDbEntity
  8
Acceso
100
AcDbLine
 10
225826.7462532882
 20
52514.22793452056
 30
0.0
 11
225612.2687150576
 21
49836.00743705251
 31
0.0
  0
LINE
  5
3426
330
1F
100
AcDbEntity
  8
Acceso
100
AcDbLine
 10
225612.2687150576
 20
49836.00743705251
 30
0.0
 11
216566.3495055196
 21
48992.63077586783
 31
0.0
  0
LINE
  5
3427
330
1F
100
AcDbEntity
  8
Acceso
100
AcDbLine
 10
225180.9873362888
 20
66543.11360307503
 30
0.0
 11
223640.0052289992
 21
83071.43396979741
 31
0.0
  0
LINE
  5
3428
330
1F
100
AcDbEntity
  8
Acceso
100
AcDbLine
 10
223640.0052289992
 20
83071.43396979741
 30
0.0
 11
216060.2892756308
 21
82367.77348227429
 31
0.0
  0
LINE
  5
3429
330
1F
100
AcDbEntity
  8
Acceso
100
AcDbLine
 10
216060.2892756308
 20
82367.77348227429
 30
0.0
 11
217588.2405601715
 21
65835.22032247682
 31
0.0
  0
LINE
  5
342A
330
1F
100
AcDbEntity
  8
Acceso
100
AcDbLine
 10
217588.2405601715
 20
65835.22032247682
 30
0.0
 11
225181.5572785228
 21
66537.00049651204
 31
0.0
  0
LINE
  5
342B
330
1F
100
AcDbEntity
  8
Acceso
100
AcDbLine
 10
223640.0052289702
 20
83071.43396979471
 30
0.0
 11
222099.0231216807
 21
99599.7543365172
 31
0.0
  0
LINE
  5
342C
330
1F
100
AcDbEntity
  8
Acceso
100
AcDbLine
 10
222099.0231216807
 20
99599.7543365172
 30
0.0
 11
214525.8317509369
 21
98896.6995565935
 31
0.0
  0
LINE
  5
342D
330
1F
100
AcDbEntity
  8
Acceso
100
AcDbLine
 10
214525.8317509369
 20
98896.6995565935
 30
0.0
 11
216060.5658087952
 21
82364.7813716704
 31
0.0
  0
LINE
  5
342E
330
1F
100
AcDbEntity
  8
Acceso
100
AcDbLine
 10
216060.5658087952
 20
82364.7813716704
 30
0.0
 11
223640.0052289702
 21
83071.43396979469
 31
0.0
  0
LINE
  5
342F
330
1F
100
AcDbEntity
  8
Acceso
100
AcDbLine
 10
222099.0231217
 20
99599.75433651901
 30
0.0
 11
220558.0410143911
 21
116128.0747032398
 31
0.0
  0
LINE
  5
3430
330
1F
100
AcDbEntity
  8
Acceso
100
AcDbLine
 10
220558.0410143911
 20
116128.0747032398
 30
0.0
 11
212993.6241710782
 21
115402.0847323354
 31
0.0
  0
LINE
  5
3431
330
1F
100
AcDbEntity
  8
Acceso
100
AcDbLine
 10
212993.6241710782
 20
115402.0847323354
 30
0.0
 11
214532.6894801924
 21
98894.32362724857
 31
0.0
  0
LINE
  5
3432
330
1F
100
AcDbEntity
  8
Acceso
100
AcDbLine
 10
214532.6894801924
 20
98894.32362724857
 30
0.0
 11
222099.0231217
 21
99599.75433651901
 31
0.0
  0
LINE
  5
3433
330
1F
100
AcDbEntity
  8
Acceso
100
AcDbLine
 10
225988.106590729
 20
146280.8068439613
 30
0.0
 11
228575.9457659406
 21
139293.99656976
 31
0.0
  0
LINE
  5
3434
330
1F
100
AcDbEntity
  8
Acceso
100
AcDbLine
 10
228575.9457659406
 20
139293.99656976
 30
0.0
 11
210347.7660813564
 21
133841.73770745
 31
0.0
  0
LINE
  5
3435
330
1F
100
AcDbEntity
  8
Acceso
100
AcDbLine
 10
210347.7660813564
 20
133841.73770745
 30
0.0
 11
209382.4787425926
 21
138209.4476330498
 31
0.0
  0
LINE
  5
3436
330
1F
100
AcDbEntity
  8
Acceso
100
AcDbLine
 10
209382.4787425926
 20
138209.4476330498
 30
0.0
 11
211586.0010808782
 21
141990.0297801724
 31
0.0
  0
LINE
  5
3437
330
1F
100
AcDbEntity
  8
Acceso
100
AcDbLine
 10
211586.0010808782
 20
141990.0297801724
 30
0.0
 11
217655.4477205055
 21
143495.1909988211
 31
0.0
  0
LINE
  5
3438
330
1F
100
AcDbEntity
  8
Acceso
100
AcDbLine
 10
217655.4477205055
 20
143495.1909988211
 30
0.0
 11
225988.1065907291
 21
146280.8068439613
 31
0.0
  0
LINE
  5
3439
330
1F
100
AcDbEntity
  8
Acceso
100
AcDbLine
 10
225988.1065907291
 20
146280.8068439613
 30
0.0
 11
228575.9457659407
 21
139293.99656976
 31
0.0
  0
LINE
  5
343D
330
1F
100
AcDbEntity
  8
Acceso
100
AcDbLine
 10
244210.7488237164
 20
147181.4249595687
 30
0.0
 11
228575.9457659407
 21
139293.99656976
 31
0.0
  0
LINE
  5
343E
330
1F
100
AcDbEntity
  8
Acceso
100
AcDbLine
 10
228575.9457659407
 20
139293.99656976
 30
0.0
 11
225988.1065907291
 21
146280.8068439613
 31
0.0
  0
LINE
  5
343F
330
1F
100
AcDbEntity
  8
Acceso
100
AcDbLine
 10
225988.1065907291
 20
146280.8068439613
 30
0.0
 11
241445.4585405659
 21
153079.3897453161
 31
0.0
  0
LINE
  5
3440
330
1F
100
AcDbEntity
  8
Acceso
100
AcDbLine
 10
204747.7636853937
 20
87388.3837267718
 30
0.0
 11
205455.1879081861
 21
79764.19142528498
 31
0.0
  0
LINE
  5
3441
330
1F
100
AcDbEntity
  8
Acceso
100
AcDbLine
 10
205455.1879081861
 20
79764.19142528498
 30
0.0
 11
185073.4434311611
 21
77872.05875117171
 31
0.0
  0
LINE
  5
3442
330
1F
100
AcDbEntity
  8
Acceso
100
AcDbLine
 10
185073.4434311611
 20
77872.05875117171
 30
0.0
 11
184363.3977729705
 21
85487.89157496617
 31
0.0
  0
LINE
  5
3443
330
1F
100
AcDbEntity
  8
Acceso
100
AcDbLine
 10
184363.3977729705
 20
85487.89157496617
 30
0.0
 11
204747.7636853937
 21
87388.3837267718
 31
0.0
  0
LINE
  5
3445
330
1F
100
AcDbEntity
  8
Acceso
100
AcDbLine
 10
184366.4040277001
 20
85488.17185660677
 30
0.0
 11
185073.4434311613
 21
77872.05875117173
 31
0.0
  0
LINE
  5
3446
330
1F
100
AcDbEntity
  8
Acceso
100
AcDbLine
 10
185073.4434311613
 20
77872.05875117173
 30
0.0
 11
166413.6784449542
 21
76139.78548763945
 31
0.0
  0
LINE
  5
3447
330
1F
100
AcDbEntity
  8
Acceso
100
AcDbLine
 10
166413.6784449542
 20
76139.78548763945
 30
0.0
 11
165704.3194873771
 21
83748.25287371601
 31
0.0
  0
LINE
  5
3448
330
1F
100
AcDbEntity
  8
Acceso
100
AcDbLine
 10
165704.3194873771
 20
83748.25287371601
 30
0.0
 11
184367.0879309619
 21
85480.80496224404
 31
0.0
  0
LINE
  5
3449
330
1F
100
AcDbEntity
  8
Acceso
100
AcDbLine
 10
164856.9004618996
 20
92909.14394339907
 30
0.0
 11
165710.9389818336
 21
83748.86739234868
 31
0.0
  0
LINE
  5
344A
330
1F
100
AcDbEntity
  8
Acceso
100
AcDbLine
 10
165710.9389818336
 20
83748.86739234868
 30
0.0
 11
149178.788420706
 21
82207.52818518977
 31
0.0
  0
LINE
  5
344B
330
1F
100
AcDbEntity
  8
Acceso
100
AcDbLine
 10
149178.788420706
 20
82207.52818518977
 30
0.0
 11
148324.7499007688
 21
91367.80473623991
 31
0.0
  0
LINE
  5
344C
330
1F
100
AcDbEntity
  8
Acceso
100
AcDbLine
 10
148324.7499007688
 20
91367.80473623991
 30
0.0
 11
164856.900461899
 21
92909.14394340475
 31
0.0
  0
LINE
  5
344D
330
1F
100
AcDbEntity
  8
Acceso
100
AcDbLine
 10
117094.7900908304
 20
96844.76339796287
 30
0.0
 11
131332.1143929774
 21
98172.16343576454
 31
0.0
  0
LINE
  5
344E
330
1F
100
AcDbEntity
  8
Acceso
100
AcDbLine
 10
131332.1143929774
 20
98172.16343576454
 30
0.0
 11
132335.8425878484
 21
87406.4534654277
 31
0.0
  0
LINE
  5
344F
330
1F
100
AcDbEntity
  8
Acceso
100
AcDbLine
 10
132335.8425878484
 20
87406.4534654277
 30
0.0
 11
122865.9188274135
 21
87514.19302181274
 31
0.0
  0
LINE
  5
3450
330
1F
100
AcDbEntity
  8
Acceso
100
AcDbLine
 10
122865.9188274135
 20
87514.19302181274
 30
0.0
 11
117094.7900902125
 21
96844.76339896184
 31
0.0
  0
LINE
  5
3451
330
1F
100
AcDbEntity
  8
Acceso
100
AcDbLine
 10
130487.0459804679
 20
200619.0106995811
 30
0.0
 11
124133.2387669153
 21
203546.555435208
 31
0.0
  0
LINE
  5
3452
330
1F
100
AcDbEntity
  8
Acceso
100
AcDbLine
 10
124133.2387669153
 20
203546.555435208
 30
0.0
 11
132905.6818888196
 21
220905.8553310339
 31
0.0
  0
LINE
  5
3453
330
1F
100
AcDbEntity
  8
Acceso
100
AcDbLine
 10
132905.6818888196
 20
220905.8553310339
 30
0.0
 11
139110.3402211639
 21
219334.608273323
 31
0.0
  0
LINE
  5
3454
330
1F
100
AcDbEntity
  8
Acceso
100
AcDbLine
 10
139110.3402211639
 20
219334.608273323
 30
0.0
 11
130487.0459804679
 21
200619.0106995811
 31
0.0
  0
LINE
  5
3455
330
1F
100
AcDbEntity
  8
Acceso
100
AcDbLine
 10
124133.2387669153
 20
203546.555435208
 30
0.0
 11
130487.045980468
 21
200619.010699581
 31
0.0
  0
LINE
  5
3456
330
1F
100
AcDbEntity
  8
Acceso
100
AcDbLine
 10
130487.045980468
 20
200619.010699581
 30
0.0
 11
123540.426598245
 21
185542.3904165715
 31
0.0
  0
LINE
  5
3457
330
1F
100
AcDbEntity
  8
Acceso
100
AcDbLine
 10
123540.426598245
 20
185542.3904165715
 30
0.0
 11
117081.7369219201
 21
188518.2602101406
 31
0.0
  0
LINE
  5
3458
330
1F
100
AcDbEntity
  8
Acceso
100
AcDbLine
 10
117081.7369219201
 20
188518.2602101406
 30
0.0
 11
124133.2387669153
 21
203546.555435208
 31
0.0
  0
LINE
  5
3459
330
1F
100
AcDbEntity
  8
Acceso
100
AcDbLine
 10
123540.4265982449
 20
185542.3904165715
 30
0.0
 11
118162.6275285764
 21
173870.6649238508
 31
0.0
  0
LINE
  5
345A
330
1F
100
AcDbEntity
  8
Acceso
100
AcDbLine
 10
118162.6275285764
 20
173870.6649238508
 30
0.0
 11
124701.8845188035
 21
170857.6733845708
 31
0.0
  0
LINE
  5
345B
330
1F
100
AcDbEntity
  8
Acceso
100
AcDbLine
 10
124701.8845188035
 20
170857.6733845708
 30
0.0
 11
130079.6835884719
 21
182529.3988772916
 31
0.0
  0
LINE
  5
345C
330
1F
100
AcDbEntity
  8
Acceso
100
AcDbLine
 10
130079.6835884719
 20
182529.3988772916
 30
0.0
 11
123540.426598245
 21
185542.3904165718
 31
0.0
  0
LINE
  5
345D
330
1F
100
AcDbEntity
  8
Acceso
100
AcDbLine
 10
124701.8845188035
 20
169174.5983855637
 30
0.0
 11
117942.4342558911
 21
169310.8207920795
 31
0.0
  0
LINE
  5
345E
330
1F
100
AcDbEntity
  8
Acceso
100
AcDbLine
 10
117942.4342558911
 20
169310.8207920795
 30
0.0
 11
117942.4342558911
 21
157803.9210980696
 31
0.0
  0
LINE
  5
345F
330
1F
100
AcDbEntity
  8
Acceso
100
AcDbLine
 10
117942.4342558911
 20
157803.9210980696
 30
0.0
 11
124900.8577060438
 21
157927.0177655953
 31
0.0
  0
LINE
  5
3460
330
1F
100
AcDbEntity
  8
Acceso
100
AcDbLine
 10
124900.8577060438
 20
157927.0177655953
 30
0.0
 11
124701.8845188035
 21
169174.5983855637
 31
0.0
  0
LINE
  5
3461
330
1F
100
AcDbEntity
  8
Acceso
100
AcDbLine
 10
119755.8665174616
 20
152319.7883999559
 30
0.0
 11
113675.2446597844
 21
148807.8175478348
 31
0.0
  0
LINE
  5
3462
330
1F
100
AcDbEntity
  8
Acceso
100
AcDbLine
 10
113675.2446597844
 20
148807.8175478348
 30
0.0
 11
123085.5817447966
 21
132514.7719114566
 31
0.0
  0
LINE
  5
3463
330
1F
100
AcDbEntity
  8
Acceso
100
AcDbLine
 10
123085.5817447966
 20
132514.7719114566
 30
0.0
 11
129166.2036024744
 21
136026.7427635779
 31
0.0
  0
LINE
  5
3464
330
1F
100
AcDbEntity
  8
Acceso
100
AcDbLine
 10
129166.2036024744
 20
136026.7427635779
 30
0.0
 11
119755.8665174616
 21
152319.7883999559
 31
0.0
  0
LINE
  5
3465
330
1F
100
AcDbEntity
  8
Acceso
100
AcDbLine
 10
129166.2036024797
 20
136026.7427635684
 30
0.0
 11
123085.581744802
 21
132514.7719114473
 31
0.0
  0
LINE
  5
3466
330
1F
100
AcDbEntity
  8
Acceso
100
AcDbLine
 10
123085.581744802
 20
132514.7719114473
 30
0.0
 11
131387.997143919
 21
118139.980470084
 31
0.0
  0
LINE
  5
3467
330
1F
100
AcDbEntity
  8
Acceso
100
AcDbLine
 10
131387.997143919
 20
118139.980470084
 30
0.0
 11
137468.6190015973
 21
121651.9513222057
 31
0.0
  0
LINE
  5
3468
330
1F
100
AcDbEntity
  8
Acceso
100
AcDbLine
 10
137468.6190015973
 20
121651.9513222057
 30
0.0
 11
129166.2036024743
 21
136026.7427635778
 31
0.0
  0
LINE
  5
3469
330
1F
100
AcDbEntity
  8
Acceso
100
AcDbLine
 10
137468.6190015973
 20
121651.9513222057
 30
0.0
 11
139740.988749493
 21
117717.5732366264
 31
0.0
  0
LINE
  5
346A
330
1F
100
AcDbEntity
  8
Acceso
100
AcDbLine
 10
139740.988749493
 20
117717.5732366264
 30
0.0
 11
145843.6823493728
 21
118135.0609688267
 31
0.0
  0
LINE
  5
346B
330
1F
100
AcDbEntity
  8
Acceso
100
AcDbLine
 10
145843.6823493728
 20
118135.0609688267
 30
0.0
 11
146394.8148515258
 21
112198.3515691431
 31
0.0
  0
LINE
  5
346C
330
1F
100
AcDbEntity
  8
Acceso
100
AcDbLine
 10
146394.8148515258
 20
112198.3515691431
 30
0.0
 11
137006.323105773
 21
112198.3515691431
 31
0.0
  0
LINE
  5
346D
330
1F
100
AcDbEntity
  8
Acceso
100
AcDbLine
 10
137006.323105773
 20
112198.3515691431
 30
0.0
 11
131387.997143919
 21
118139.980470084
 31
0.0
  0
LINE
  5
346E
330
1F
100
AcDbEntity
  8
Acceso
100
AcDbLine
 10
131387.997143919
 20
118139.980470084
 30
0.0
 11
137468.6190015973
 21
121651.9513222057
 31
0.0
  0
LINE
  5
346F
330
1F
100
AcDbEntity
  8
Acceso
100
AcDbLine
 10
145843.6823487552
 20
118135.0609687845
 30
0.0
 11
146394.8148515258
 21
112198.3515691431
 31
0.0
  0
LINE
  5
3470
330
1F
100
AcDbEntity
  8
Acceso
100
AcDbLine
 10
146394.8148515258
 20
112198.3515691431
 30
0.0
 11
163007.1107251486
 21
112834.7772071085
 31
0.0
  0
LINE
  5
3471
330
1F
100
AcDbEntity
  8
Acceso
100
AcDbLine
 10
163007.1107251486
 20
112834.7772071085
 30
0.0
 11
162409.5660848241
 21
119271.4305873534
 31
0.0
  0
LINE
  5
3472
330
1F
100
AcDbEntity
  8
Acceso
100
AcDbLine
 10
162409.5660848241
 20
119271.4305873533
 30
0.0
 11
145843.6823493728
 21
118135.0609688269
 31
0.0
  0
LINE
  5
3473
330
1F
100
AcDbEntity
  8
Acceso
100
AcDbLine
 10
162409.5660848241
 20
119271.4305873533
 30
0.0
 11
163007.1107251486
 21
112834.7772071085
 31
0.0
  0
LINE
  5
3474
330
1F
100
AcDbEntity
  8
Acceso
100
AcDbLine
 10
163007.1107251486
 20
112834.7772071085
 30
0.0
 11
172275.3234547213
 21
113763.873462322
 31
0.0
  0
LINE
  5
3475
330
1F
100
AcDbEntity
  8
Acceso
100
AcDbLine
 10
172275.3234547213
 20
113763.873462322
 30
0.0
 11
181558.8795175708
 21
115730.3678512761
 31
0.0
  0
LINE
  5
3476
330
1F
100
AcDbEntity
  8
Acceso
100
AcDbLine
 10
181558.8795175708
 20
115730.3678512761
 30
0.0
 11
180831.7497801705
 21
123562.8907563045
 31
0.0
  0
LINE
  5
3477
330
1F
100
AcDbEntity
  8
Acceso
100
AcDbLine
 10
180831.7497801705
 20
123562.8907563045
 30
0.0
 11
172813.4285930482
 21
121219.2071931445
 31
0.0
  0
LINE
  5
3478
330
1F
100
AcDbEntity
  8
Acceso
100
AcDbLine
 10
172813.4285930482
 20
121219.2071931445
 30
0.0
 11
170805.7254233245
 21
120636.1052683418
 31
0.0
  0
LINE
  5
3479
330
1F
100
AcDbEntity
  8
Acceso
100
AcDbLine
 10
170805.7254233245
 20
120636.1052683418
 30
0.0
 11
167038.8780363626
 21
119830.5807079505
 31
0.0
  0
LINE
  5
347B
330
1F
100
AcDbEntity
  8
Acceso
100
AcDbLine
 10
180831.7497801705
 20
123562.8907563045
 30
0.0
 11
181558.8795175708
 21
115730.3678512761
 31
0.0
  0
LINE
  5
347C
330
1F
100
AcDbEntity
  8
Acceso
100
AcDbLine
 10
181558.8795175708
 20
115730.3678512761
 30
0.0
 11
201722.2487309149
 21
120001.4846681523
 31
0.0
  0
LINE
  5
347D
330
1F
100
AcDbEntity
  8
Acceso
100
AcDbLine
 10
201722.2487309149
 20
120001.4846681523
 30
0.0
 11
201156.9227440144
 21
126094.4860535176
 31
0.0
  0
LINE
  5
347E
330
1F
100
AcDbEntity
  8
Acceso
100
AcDbLine
 10
201156.9227440144
 20
126094.4860535176
 30
0.0
 11
197169.8232834131
 21
128443.4855430928
 31
0.0
  0
LINE
  5
347F
330
1F
100
AcDbEntity
  8
Acceso
100
AcDbLine
 10
197169.8232834131
 20
128443.4855430928
 30
0.0
 11
180831.7497801705
 21
123562.8907563045
 31
0.0
  0
LINE
  5
3489
330
1F
100
AcDbEntity
  8
Living
100
AcDbLine
 10
207228.4222804565
 20
182929.9173146553
 30
0.0
 11
212624.1067103318
 21
184288.2983009113
 31
0.0
  0
LINE
  5
348A
330
1F
100
AcDbEntity
  8
Living
100
AcDbLine
 10
212624.1067103318
 20
184288.2983009113
 30
0.0
 11
212342.1805967373
 21
185408.1493271609
 31
0.0
  0
LINE
  5
348B
330
1F
100
AcDbEntity
  8
Living
100
AcDbLine
 10
212342.1805967373
 20
185408.1493271609
 30
0.0
 11
218708.7676166961
 21
187616.6048219772
 31
0.0
  0
LINE
  5
348C
330
1F
100
AcDbEntity
  8
Living
100
AcDbLine
 10
218708.7676166961
 20
187616.6048219772
 30
0.0
 11
224289.0867645863
 21
167940.1019469147
 31
0.0
  0
LINE
  5
348D
330
1F
100
AcDbEntity
  8
Living
100
AcDbLine
 10
224289.0867645863
 20
167940.1019469147
 30
0.0
 11
212602.8702799961
 21
164625.853575307
 31
0.0
  0
LINE
  5
348E
330
1F
100
AcDbEntity
  8
Living
100
AcDbLine
 10
212602.8702799961
 20
164625.853575307
 30
0.0
 11
207228.4222804565
 21
182929.9173146553
 31
0.0
  0
LINE
  5
348F
330
1F
100
AcDbEntity
  8
Living
100
AcDbLine
 10
207228.4222804565
 20
182929.9173146553
 30
0.0
 11
212624.1067103321
 21
184288.2983009099
 31
0.0
  0
LINE
  5
3490
330
1F
100
AcDbEntity
  8
Living
100
AcDbLine
 10
207228.4222804565
 20
182929.9173146553
 30
0.0
 11
212624.1067103318
 21
184288.2983009113
 31
0.0
  0
LINE
  5
3491
330
1F
100
AcDbEntity
  8
Living
100
AcDbLine
 10
212624.1067103318
 20
184288.2983009113
 30
0.0
 11
212342.1805967373
 21
185408.1493271609
 31
0.0
  0
LINE
  5
3492
330
1F
100
AcDbEntity
  8
Living
100
AcDbLine
 10
212342.1805967373
 20
185408.1493271609
 30
0.0
 11
218708.7676166961
 21
187616.6048219772
 31
0.0
  0
LINE
  5
3493
330
1F
100
AcDbEntity
  8
Living
100
AcDbLine
 10
218708.7676166961
 20
187616.6048219772
 30
0.0
 11
205870.5202124445
 21
208868.4127517701
 31
0.0
  0
LINE
  5
3494
330
1F
100
AcDbEntity
  8
Living
100
AcDbLine
 10
205870.5202124445
 20
208868.4127517701
 30
0.0
 11
198594.5524129627
 21
202975.6835963398
 31
0.0
  0
LINE
  5
3495
330
1F
100
AcDbEntity
  8
Living
100
AcDbLine
 10
198594.5524129627
 20
202975.6835963398
 30
0.0
 11
207040.7249223493
 21
183569.1689004543
 31
0.0
  0
LINE
  5
3496
330
1F
100
AcDbEntity
  8
Living
100
AcDbLine
 10
207040.7249223493
 20
183569.1689004543
 30
0.0
 11
207228.5046514724
 21
182929.6367789937
 31
0.0
  0
LINE
  5
3497
330
1F
100
AcDbEntity
  8
Living
100
AcDbLine
 10
205870.5202124446
 20
208868.41275177
 30
0.0
 11
198594.5524129629
 21
202975.6835963395
 31
0.0
  0
LINE
  5
3498
330
1F
100
AcDbEntity
  8
Living
100
AcDbLine
 10
198594.5524129629
 20
202975.6835963395
 30
0.0
 11
187452.2526728057
 21
216964.5170226411
 31
0.0
  0
LINE
  5
3499
330
1F
100
AcDbEntity
  8
Living
100
AcDbLine
 10
187452.2526728057
 20
216964.5170226411
 30
0.0
 11
194699.5161900726
 21
226473.5787330725
 31
0.0
  0
LINE
  5
349A
330
1F
100
AcDbEntity
  8
Living
100
AcDbLine
 10
194699.5161900726
 20
226473.5787330725
 30
0.0
 11
205870.5202124445
 21
208868.4127517701
 31
0.0
  0
LINE
  5
349B
330
1F
100
AcDbEntity
  8
Living
100
AcDbLine
 10
194699.5161900726
 20
226473.5787330725
 30
0.0
 11
187452.2526728057
 21
216964.5170226411
 31
0.0
  0
LINE
  5
349C
330
1F
100
AcDbEntity
  8
Living
100
AcDbLine
 10
187452.2526728057
 20
216964.5170226411
 30
0.0
 11
172547.5731748397
 21
228324.012128627
 31
0.0
  0
LINE
  5
349D
330
1F
100
AcDbEntity
  8
Living
100
AcDbLine
 10
172547.5731748397
 20
228324.012128627
 30
0.0
 11
179536.9649930544
 21
237494.722971338
 31
0.0
  0
LINE
  5
349E
330
1F
100
AcDbEntity
  8
Living
100
AcDbLine
 10
179536.9649930544
 20
237494.722971338
 30
0.0
 11
194699.5161900726
 21
226473.5787330725
 31
0.0
  0
LINE
  5
349F
330
1F
100
AcDbEntity
  8
Living
100
AcDbLine
 10
179536.9649930544
 20
237494.722971338
 30
0.0
 11
172547.5731748401
 21
228324.0121286267
 31
0.0
  0
LINE
  5
34A0
330
1F
100
AcDbEntity
  8
Living
100
AcDbLine
 10
172547.5731748401
 20
228324.0121286267
 30
0.0
 11
157160.0215037839
 21
234100.2223973733
 31
0.0
  0
LINE
  5
34A1
330
1F
100
AcDbEntity
  8
Living
100
AcDbLine
 10
157160.0215037839
 20
234100.2223973733
 30
0.0
 11
160872.6240003609
 21
243990.4203111932
 31
0.0
  0
LINE
  5
34A2
330
1F
100
AcDbEntity
  8
Living
100
AcDbLine
 10
160872.6240003609
 20
243990.4203111932
 30
0.0
 11
179536.9649930544
 21
237494.722971338
 31
0.0
  0
LINE
  5
34A3
330
1F
100
AcDbEntity
  8
Living
100
AcDbLine
 10
160872.6240003616
 20
243990.420311193
 30
0.0
 11
144439.2883143096
 21
247447.4312420024
 31
0.0
  0
LINE
  5
34A4
330
1F
100
AcDbEntity
  8
Living
100
AcDbLine
 10
144439.2883143096
 20
247447.4312420024
 30
0.0
 11
140831.9152376465
 21
237837.5595387149
 31
0.0
  0
LINE
  5
34A5
330
1F
100
AcDbEntity
  8
Living
100
AcDbLine
 10
140831.9152376465
 20
237837.5595387149
 30
0.0
 11
157160.0215035343
 21
234100.222397467
 31
0.0
  0
LINE
  5
34A6
330
1F
100
AcDbEntity
  8
Living
100
AcDbLine
 10
157160.0215035343
 20
234100.222397467
 30
0.0
 11
160872.6240003616
 21
243990.420311193
 31
0.0
  0
LINE
  5
34A7
330
1F
100
AcDbEntity
  8
Living
100
AcDbLine
 10
144439.2883143088
 20
247447.4312420026
 30
0.0
 11
140831.9152376466
 21
237837.559538715
 31
0.0
  0
LINE
  5
34A8
330
1F
100
AcDbEntity
  8
Living
100
AcDbLine
 10
140831.9152376466
 20
237837.559538715
 30
0.0
 11
124761.7756627354
 21
242262.1077762804
 31
0.0
  0
LINE
  5
34A9
330
1F
100
AcDbEntity
  8
Living
100
AcDbLine
 10
124761.7756627354
 20
242262.1077762804
 30
0.0
 11
128287.4326083747
 21
251654.2915613732
 31
0.0
  0
LINE
  5
34AA
330
1F
100
AcDbEntity
  8
Living
100
AcDbLine
 10
128287.4326083747
 20
251654.2915613732
 30
0.0
 11
144439.2883143096
 21
247447.4312420024
 31
0.0
  0
LINE
  5
34AB
330
1F
100
AcDbEntity
  8
Living
100
AcDbLine
 10
128287.4326083747
 20
251654.2915613732
 30
0.0
 11
112057.33652175
 21
255836.7722619679
 31
0.0
  0
LINE
  5
34AC
330
1F
100
AcDbEntity
  8
Living
100
AcDbLine
 10
112057.33652175
 20
255836.7722619679
 30
0.0
 11
108413.1986373162
 21
246144.1227984741
 31
0.0
  0
LINE
  5
34AD
330
1F
100
AcDbEntity
  8
Living
100
AcDbLine
 10
108413.1986373162
 20
246144.1227984741
 30
0.0
 11
124761.7756627354
 21
242262.1077762804
 31
0.0
  0
LINE
  5
34AE
330
1F
100
AcDbEntity
  8
Living
100
AcDbLine
 10
124761.7756627354
 20
242262.1077762804
 30
0.0
 11
128287.4326083747
 21
251654.2915613732
 31
0.0
  0
LINE
  5
34AF
330
1F
100
AcDbEntity
  8
Living
100
AcDbLine
 10
101085.739895308
 20
261370.1508650658
 30
0.0
 11
86158.76846917707
 21
267496.5052971581
 31
0.0
  0
LINE
  5
34B0
330
1F
100
AcDbEntity
  8
Living
100
AcDbLine
 10
86158.76846917707
 20
267496.5052971581
 30
0.0
 11
96163.99567191583
 21
287336.8949665123
 31
0.0
  0
LINE
  5
34B2
330
1F
100
AcDbEntity
  8
Living
100
AcDbLine
 10
96163.99567191583
 20
287336.8949665123
 30
0.0
 11
96523.75647166451
 21
287116.0725634302
 31
0.0
  0
LINE
  5
34B3
330
1F
100
AcDbEntity
  8
Living
100
AcDbLine
 10
96523.75647166451
 20
287116.0725634302
 30
0.0
 11
97049.30526572775
 21
286810.2888791895
 31
0.0
  0
LINE
  5
34B4
330
1F
100
AcDbEntity
  8
Living
100
AcDbLine
 10
97049.30526572775
 20
286810.2888791895
 30
0.0
 11
97799.95681549628
 21
286406.136893965
 31
0.0
  0
LINE
  5
34B5
330
1F
100
AcDbEntity
  8
Living
100
AcDbLine
 10
97799.95681549628
 20
286406.136893965
 30
0.0
 11
98464.2901685971
 21
286078.7422235974
 31
0.0
  0
LINE
  5
34B6
330
1F
100
AcDbEntity
  8
Living
100
AcDbLine
 10
98464.2901685971
 20
286078.7422235974
 30
0.0
 11
98895.20987142338
 21
285881.0103770869
 31
0.0
  0
LINE
  5
34B7
330
1F
100
AcDbEntity
  8
Living
100
AcDbLine
 10
98895.20987142338
 20
285881.0103770869
 30
0.0
 11
99482.94704572109
 21
285629.4672485642
 31
0.0
  0
LINE
  5
34B8
330
1F
100
AcDbEntity
  8
Living
100
AcDbLine
 10
99482.94704572109
 20
285629.4672485642
 30
0.0
 11
99921.23607168355
 21
285455.3686960216
 31
0.0
  0
LINE
  5
34B9
330
1F
100
AcDbEntity
  8
Living
100
AcDbLine
 10
99921.23607168355
 20
285455.3686960216
 30
0.0
 11
100132.7751408086
 21
285375.4475024154
 31
0.0
  0
LINE
  5
34BA
330
1F
100
AcDbEntity
  8
Living
100
AcDbLine
 10
100132.7751408086
 20
285375.4475024154
 30
0.0
 11
100839.2868599017
 21
285127.9638944237
 31
0.0
  0
LINE
  5
34BB
330
1F
100
AcDbEntity
  8
Living
100
AcDbLine
 10
100839.2868599017
 20
285127.9638944237
 30
0.0
 11
101394.9517787151
 21
284953.9071972954
 31
0.0
  0
LINE
  5
34BC
330
1F
100
AcDbEntity
  8
Living
100
AcDbLine
 10
101394.9517787151
 20
284953.9071972954
 30
0.0
 11
101580.5521891662
 21
284900.9080246028
 31
0.0
  0
LINE
  5
34BD
330
1F
100
AcDbEntity
  8
Living
100
AcDbLine
 10
101580.5521891662
 20
284900.9080246028
 30
0.0
 11
101968.1377139139
 21
284795.8128649079
 31
0.0
  0
LINE
  5
34BE
330
1F
100
AcDbEntity
  8
Living
100
AcDbLine
 10
101968.1377139139
 20
284795.8128649079
 30
0.0
 11
102660.4603408889
 21
284632.2544322048
 31
0.0
  0
LINE
  5
34BF
330
1F
100
AcDbEntity
  8
Living
100
AcDbLine
 10
102660.4603408889
 20
284632.2544322048
 30
0.0
 11
103016.2222404255
 21
284560.729062091
 31
0.0
  0
LINE
  5
34C0
330
1F
100
AcDbEntity
  8
Living
100
AcDbLine
 10
103016.2222404255
 20
284560.729062091
 30
0.0
 11
106086.8753087037
 21
277645.2711024942
 31
0.0
  0
LINE
  5
34C1
330
1F
100
AcDbEntity
  8
Living
100
AcDbLine
 10
106086.8753087037
 20
277645.2711024942
 30
0.0
 11
110050.8753093222
 21
272071.2711024719
 31
0.0
  0
LINE
  5
34C2
330
1F
100
AcDbEntity
  8
Living
100
AcDbLine
 10
110050.8753093222
 20
272071.2711024719
 30
0.0
 11
110991.143737668
 21
271148.9352196541
 31
0.0
  0
LINE
  5
34C3
330
1F
100
AcDbEntity
  8
Living
100
AcDbLine
 10
110991.143737668
 20
271148.9352196541
 30
0.0
 11
107896.1957134382
 21
263982.7164250965
 31
0.0
  0
LINE
  5
34C4
330
1F
100
AcDbEntity
  8
Living
100
AcDbLine
 10
107896.1957134382
 20
263982.7164250965
 30
0.0
 11
103116.0505603311
 21
266054.5328718767
 31
0.0
  0
LINE
  5
34C5
330
1F
100
AcDbEntity
  8
Living
100
AcDbLine
 10
103116.0505603311
 20
266054.5328718767
 30
0.0
 11
101085.775037106
 21
261370.1364421063
 31
0.0
  0
LINE
  5
34C6
330
1F
100
AcDbEntity
  8
Living
100
AcDbLine
 10
101085.775037106
 20
261370.1364421063
 30
0.0
 11
86158.76846917707
 21
267496.5052971581
 31
0.0
  0
LINE
  5
34C7
330
1F
100
AcDbEntity
  8
Living
100
AcDbLine
 10
86158.76846917707
 20
267496.5052971581
 30
0.0
 11
80804.74961646372
 21
251750.1939415192
 31
0.0
  0
LINE
  5
34C8
330
1F
100
AcDbEntity
  8
Living
100
AcDbLine
 10
80804.74961646372
 20
251750.1939415192
 30
0.0
 11
94782.93051503115
 21
246013.2438224487
 31
0.0
  0
LINE
  5
34C9
330
1F
100
AcDbEntity
  8
Living
100
AcDbLine
 10
94782.93051503115
 20
246013.2438224487
 30
0.0
 11
101085.739895308
 21
261370.1508650658
 31
0.0
  0
LINE
  5
34CA
330
1F
100
AcDbEntity
  8
Living
100
AcDbLine
 10
101085.739895308
 20
261370.1508650658
 30
0.0
 11
86158.76846917707
 21
267496.5052971581
 31
0.0
  0
LINE
  5
34CB
330
1F
100
AcDbEntity
  8
Living
100
AcDbLine
 10
94782.93051503115
 20
246013.2438224487
 30
0.0
 11
80804.74961646372
 21
251750.1939415192
 31
0.0
  0
LINE
  5
34CC
330
1F
100
AcDbEntity
  8
Living
100
AcDbLine
 10
80804.74961646372
 20
251750.1939415192
 30
0.0
 11
73641.94847460472
 21
234297.9016915751
 31
0.0
  0
LINE
  5
34CD
330
1F
100
AcDbEntity
  8
Living
100
AcDbLine
 10
73641.94847460472
 20
234297.9016915751
 30
0.0
 11
87620.12937317193
 21
228560.951572504
 31
0.0
  0
LINE
  5
34CE
330
1F
100
AcDbEntity
  8
Living
100
AcDbLine
 10
87620.12937317193
 20
228560.951572504
 30
0.0
 11
94782.93051503117
 21
246013.2438224485
 31
0.0
  0
LINE
  5
34CF
330
1F
100
AcDbEntity
  8
Living
100
AcDbLine
 10
73641.94847460472
 20
234297.9016915751
 30
0.0
 11
67226.96999034861
 21
216592.7340630097
 31
0.0
  0
LINE
  5
34D0
330
1F
100
AcDbEntity
  8
Living
100
AcDbLine
 10
67226.96999034861
 20
216592.7340630097
 30
0.0
 11
80129.50486254386
 21
211297.2525187027
 31
0.0
  0
LINE
  5
34D1
330
1F
100
AcDbEntity
  8
Living
100
AcDbLine
 10
80129.50486254386
 20
211297.2525187027
 30
0.0
 11
87620.12937317187
 21
228560.9515725039
 31
0.0
  0
LINE
  5
34D2
330
1F
100
AcDbEntity
  8
Living
100
AcDbLine
 10
87620.12937317187
 20
228560.9515725039
 30
0.0
 11
73641.94847460472
 21
234297.9016915751
 31
0.0
  0
LINE
  5
34D3
330
1F
100
AcDbEntity
  8
Living
100
AcDbLine
 10
67226.96999034863
 20
216592.7340630098
 30
0.0
 11
80129.50486254386
 21
211297.2525187027
 31
0.0
  0
LINE
  5
34D4
330
1F
100
AcDbEntity
  8
Living
100
AcDbLine
 10
80129.50486254386
 20
211297.2525187027
 30
0.0
 11
72983.77400655387
 21
193892.0015921655
 31
0.0
  0
LINE
  5
34D5
330
1F
100
AcDbEntity
  8
Living
100
AcDbLine
 10
72983.77400655387
 20
193892.0015921655
 30
0.0
 11
58794.39893232439
 21
199715.6304042662
 31
0.0
  0
LINE
  5
34D6
330
1F
100
AcDbEntity
  8
Living
100
AcDbLine
 10
58794.39893232439
 20
199715.6304042662
 30
0.0
 11
67226.96999034863
 21
216592.7340630098
 31
0.0
  0
LINE
  5
34D7
330
1F
100
AcDbEntity
  8
Living
100
AcDbLine
 10
51984.97497486989
 20
189540.8224898146
 30
0.0
 11
49043.63632899534
 21
197793.8751365107
 31
0.0
  0
LINE
  5
34D9
330
1F
100
AcDbEntity
  8
Living
100
AcDbLine
 10
46661.21666810432
 20
204026.7389931917
 30
0.0
 11
28638.69340661571
 21
198846.5429947849
 31
0.0
  0
LINE
  5
34DA
330
1F
100
AcDbEntity
  8
Living
100
AcDbLine
 10
28638.69340661571
 20
198846.5429947849
 30
0.0
 11
33317.344102841
 21
182568.9560017377
 31
0.0
  0
LINE
  5
34DB
330
1F
100
AcDbEntity
  8
Living
100
AcDbLine
 10
33317.344102841
 20
182568.9560017377
 30
0.0
 11
51984.97497486989
 21
189540.8224898146
 31
0.0
  0
LINE
  5
34DC
330
1F
100
AcDbEntity
  8
Living
100
AcDbLine
 10
46661.21666810432
 20
204026.7389931917
 30
0.0
 11
52723.69676220542
 21
205769.2716379401
 31
0.0
  0
LINE
  5
34DD
330
1F
100
AcDbEntity
  8
Living
100
AcDbLine
 10
52723.69676220542
 20
205769.2716379401
 30
0.0
 11
55273.5129314656
 21
201910.7912082807
 31
0.0
  0
LINE
  5
34DE
330
1F
100
AcDbEntity
  8
Living
100
AcDbLine
 10
55273.5129314656
 20
201910.7912082807
 30
0.0
 11
49043.63632899534
 21
197793.8751365107
 31
0.0
  0
LINE
  5
34DF
330
1F
100
AcDbEntity
  8
Living
100
AcDbLine
 10
68152.49721520393
 20
173808.0065655968
 30
0.0
 11
68110.02016595264
 21
177969.5220667658
 31
0.0
  0
LINE
  5
34E0
330
1F
100
AcDbEntity
  8
Living
100
AcDbLine
 10
68110.02016595264
 20
177969.5220667658
 30
0.0
 11
68666.83564649288
 21
182685.9695959521
 31
0.0
  0
LINE
  5
34E1
330
1F
100
AcDbEntity
  8
Living
100
AcDbLine
 10
68666.83564649288
 20
182685.9695959521
 30
0.0
 11
70605.12493058554
 21
187352.910848964
 31
0.0
  0
LINE
  5
34E2
330
1F
100
AcDbEntity
  8
Living
100
AcDbLine
 10
70605.12493058554
 20
187352.910848964
 30
0.0
 11
59015.26426808223
 21
192166.4496334429
 31
0.0
  0
LINE
  5
34E3
330
1F
100
AcDbEntity
  8
Living
100
AcDbLine
 10
59015.26426808223
 20
192166.4496334429
 30
0.0
 11
47577.59758239369
 21
187894.7835814198
 31
0.0
  0
LINE
  5
34E4
330
1F
100
AcDbEntity
  8
Living
100
AcDbLine
 10
47577.59758239369
 20
187894.7835814198
 30
0.0
 11
54706.05421176284
 21
168792.0091346301
 31
0.0
  0
LINE
  5
34E5
330
1F
100
AcDbEntity
  8
Living
100
AcDbLine
 10
54706.05421176284
 20
168792.0091346301
 30
0.0
 11
68152.49721520393
 21
173808.0065655968
 31
0.0
  0
LINE
  5
34E6
330
1F
100
AcDbEntity
  8
Living
100
AcDbLine
 10
54706.05421158275
 20
168792.0091345629
 30
0.0
 11
57792.23628177664
 21
148167.7651206352
 31
0.0
  0
LINE
  5
34E7
330
1F
100
AcDbEntity
  8
Living
100
AcDbLine
 10
57792.23628177664
 20
148167.7651206352
 30
0.0
 11
70582.55477744103
 21
152944.6108544627
 31
0.0
  0
LINE
  5
34E8
330
1F
100
AcDbEntity
  8
Living
100
AcDbLine
 10
70582.55477744103
 20
152944.6108544627
 30
0.0
 11
69352.83471524992
 21
156237.2671662492
 31
0.0
  0
LINE
  5
34E9
330
1F
100
AcDbEntity
  8
Living
100
AcDbLine
 10
69352.83471524992
 20
156237.2671662492
 30
0.0
 11
68227.18199388051
 21
164156.8362182857
 31
0.0
  0
LINE
  5
34EA
330
1F
100
AcDbEntity
  8
Living
100
AcDbLine
 10
68227.18199388051
 20
164156.8362182857
 30
0.0
 11
68152.49721519463
 21
173808.0065655933
 31
0.0
  0
LINE
  5
34EB
330
1F
100
AcDbEntity
  8
Living
100
AcDbLine
 10
68152.49721519463
 20
173808.0065655933
 30
0.0
 11
54706.88942316689
 21
168786.427607899
 31
0.0
  0
LINE
  5
34EC
330
1F
100
AcDbEntity
  8
Living
100
AcDbLine
 10
57792.23628177664
 20
148167.7651206352
 30
0.0
 11
70582.55477743793
 21
152944.610854471
 31
0.0
  0
LINE
  5
34ED
330
1F
100
AcDbEntity
  8
Living
100
AcDbLine
 10
70582.55477743793
 20
152944.610854471
 30
0.0
 11
77210.59736401421
 21
133633.0395575439
 31
0.0
  0
LINE
  5
34EE
330
1F
100
AcDbEntity
  8
Living
100
AcDbLine
 10
77210.59736401421
 20
133633.0395575439
 30
0.0
 11
62741.16269834128
 21
128229.0883363907
 31
0.0
  0
LINE
  5
34EF
330
1F
100
AcDbEntity
  8
Living
100
AcDbLine
 10
62741.16269834128
 20
128229.0883363907
 30
0.0
 11
57792.23628177664
 21
148167.7651206352
 31
0.0
  0
LINE
  5
34F0
330
1F
100
AcDbEntity
  8
Living
100
AcDbLine
 10
62741.16269834128
 20
128229.0883363907
 30
0.0
 11
74030.51962605934
 21
106968.8139680148
 31
0.0
  0
LINE
  5
34F1
330
1F
100
AcDbEntity
  8
Living
100
AcDbLine
 10
74030.51962605934
 20
106968.8139680148
 30
0.0
 11
86481.50202527602
 21
114676.7714953243
 31
0.0
  0
LINE
  5
34F2
330
1F
100
AcDbEntity
  8
Living
100
AcDbLine
 10
86481.38249034767
 20
114676.6974955288
 30
0.0
 11
77380.9913315852
 21
133176.7985071913
 31
0.0
  0
LINE
  5
34F3
330
1F
100
AcDbEntity
  8
Living
100
AcDbLine
 10
77380.9913315852
 20
133176.7985071913
 30
0.0
 11
77210.59736401378
 21
133633.0395575451
 31
0.0
  0
LINE
  5
34F4
330
1F
100
AcDbEntity
  8
Living
100
AcDbLine
 10
77210.59736401378
 20
133633.0395575451
 30
0.0
 11
62741.16269834131
 21
128229.0883363906
 31
0.0
  0
LINE
  5
34F5
330
1F
100
AcDbEntity
  8
Living
100
AcDbLine
 10
74030.51962605934
 20
106968.8139680148
 30
0.0
 11
84875.47851342954
 21
89607.51801243031
 31
0.0
  0
LINE
  5
34F6
330
1F
100
AcDbEntity
  8
Living
100
AcDbLine
 10
84875.47851342954
 20
89607.51801243029
 30
0.0
 11
96618.46233121387
 21
96877.1789603935
 31
0.0
  0
LINE
  5
34F7
330
1F
100
AcDbEntity
  8
Living
100
AcDbLine
 10
96618.46233121387
 20
96877.1789603935
 30
0.0
 11
86481.38249034767
 21
114676.6974955288
 31
0.0
  0
LINE
  5
34F8
330
1F
100
AcDbEntity
  8
Living
100
AcDbLine
 10
86481.38249034767
 20
114676.6974955288
 30
0.0
 11
74030.51962605934
 21
106968.8139680148
 31
0.0
  0
LINE
  5
34F9
330
1F
100
AcDbEntity
  8
Living
100
AcDbLine
 10
84875.47851342954
 20
89607.51801243031
 30
0.0
 11
96618.46233121387
 21
96877.1789603935
 31
0.0
  0
LINE
  5
34FA
330
1F
100
AcDbEntity
  8
Living
100
AcDbLine
 10
96618.46233121387
 20
96877.1789603935
 30
0.0
 11
107353.6726357511
 21
79536.15001983321
 31
0.0
  0
LINE
  5
34FB
330
1F
100
AcDbEntity
  8
Living
100
AcDbLine
 10
107353.6726357511
 20
79536.15001983321
 30
0.0
 11
95610.68881796661
 21
72266.48907187009
 31
0.0
  0
LINE
  5
34FC
330
1F
100
AcDbEntity
  8
Living
100
AcDbLine
 10
95610.68881796661
 20
72266.48907187009
 30
0.0
 11
84875.47851342954
 21
89607.51801243031
 31
0.0
  0
LINE
  5
34FD
330
1F
100
AcDbEntity
  8
Living
100
AcDbLine
 10
107353.6726357511
 20
79536.15001983306
 30
0.0
 11
95610.68881796661
 21
72266.48907187009
 31
0.0
  0
LINE
  5
34FE
330
1F
100
AcDbEntity
  8
Living
100
AcDbLine
 10
95610.68881796661
 20
72266.48907187009
 30
0.0
 11
110034.5319812046
 21
53030.29556184918
 31
0.0
  0
LINE
  5
34FF
330
1F
100
AcDbEntity
  8
Living
100
AcDbLine
 10
110034.5319812046
 20
53030.29556184918
 30
0.0
 11
116044.4538363785
 21
60929.48820026224
 31
0.0
  0
LINE
  5
3500
330
1F
100
AcDbEntity
  8
Living
100
AcDbLine
 10
116044.4538363785
 20
60929.48820026224
 30
0.0
 11
117743.2369829762
 21
59626.06595213093
 31
0.0
  0
LINE
  5
3501
330
1F
100
AcDbEntity
  8
Living
100
AcDbLine
 10
117743.2369829762
 20
59626.06595213093
 30
0.0
 11
119349.4439409206
 21
61773.72963062172
 31
0.0
  0
LINE
  5
3502
330
1F
100
AcDbEntity
  8
Living
100
AcDbLine
 10
119349.4439409206
 20
61773.72963062172
 30
0.0
 11
118470.2898209452
 21
62431.23642684431
 31
0.0
  0
LINE
  5
3503
330
1F
100
AcDbEntity
  8
Living
100
AcDbLine
 10
118470.2898209452
 20
62431.23642684431
 30
0.0
 11
107353.6726357509
 21
79536.15001983338
 31
0.0
  0
LINE
  5
3504
330
1F
100
AcDbEntity
  8
Living
100
AcDbLine
 10
107353.6726357509
 20
79536.15001983338
 30
0.0
 11
95610.68881796659
 21
72266.48907187013
 31
0.0
  0
LINE
  5
3505
330
1F
100
AcDbEntity
  8
Living
100
AcDbLine
 10
110034.5319812045
 20
53030.29556184931
 30
0.0
 11
116076.4783005685
 21
60904.91684800194
 31
0.0
  0
LINE
  5
3506
330
1F
100
AcDbEntity
  8
Living
100
AcDbLine
 10
116076.4783005685
 20
60904.91684800194
 30
0.0
 11
117743.2369829762
 21
59626.06595213093
 31
0.0
  0
LINE
  5
3507
330
1F
100
AcDbEntity
  8
Living
100
AcDbLine
 10
117743.2369829762
 20
59626.06595213093
 30
0.0
 11
119349.4439409213
 21
61773.72963062264
 31
0.0
  0
LINE
  5
3508
330
1F
100
AcDbEntity
  8
Living
100
AcDbLine
 10
119349.4439409213
 20
61773.72963062264
 30
0.0
 11
134488.8618531615
 21
50728.632894175
 31
0.0
  0
LINE
  5
3509
330
1F
100
AcDbEntity
  8
Living
100
AcDbLine
 10
134488.8618531615
 20
50728.632894175
 30
0.0
 11
134897.3680452808
 21
50584.08303555609
 31
0.0
  0
LINE
  5
350A
330
1F
100
AcDbEntity
  8
Living
100
AcDbLine
 10
134897.3680452808
 20
50584.08303555609
 30
0.0
 11
133953.3316787162
 21
47916.1821118708
 31
0.0
  0
LINE
  5
350B
330
1F
100
AcDbEntity
  8
Living
100
AcDbLine
 10
133953.3316787162
 20
47916.1821118708
 30
0.0
 11
132713.5618765686
 21
48354.87448196799
 31
0.0
  0
LINE
  5
350C
330
1F
100
AcDbEntity
  8
Living
100
AcDbLine
 10
132713.5618765686
 20
48354.87448196799
 30
0.0
 11
127197.7428492145
 21
40979.65790503488
 31
0.0
  0
LINE
  5
350D
330
1F
100
AcDbEntity
  8
Living
100
AcDbLine
 10
127197.7428492145
 20
40979.65790503488
 30
0.0
 11
110034.5319812046
 21
53030.29556184918
 31
0.0
  0
LINE
  5
350E
330
1F
100
AcDbEntity
  8
Living
100
AcDbLine
 10
134897.3680452808
 20
50584.08303555601
 30
0.0
 11
133953.3316787162
 21
47916.1821118708
 31
0.0
  0
LINE
  5
350F
330
1F
100
AcDbEntity
  8
Living
100
AcDbLine
 10
133953.3316787162
 20
47916.1821118708
 30
0.0
 11
132713.5618765686
 21
48354.87448196799
 31
0.0
  0
LINE
  5
3510
330
1F
100
AcDbEntity
  8
Living
100
AcDbLine
 10
132713.5618765686
 20
48354.87448196799
 30
0.0
 11
127197.7428492145
 21
40979.65790503488
 31
0.0
  0
LINE
  5
3511
330
1F
100
AcDbEntity
  8
Living
100
AcDbLine
 10
127197.7428492145
 20
40979.65790503488
 30
0.0
 11
148271.5632002666
 21
32201.76617464714
 31
0.0
  0
LINE
  5
3512
330
1F
100
AcDbEntity
  8
Living
100
AcDbLine
 10
148271.5632002666
 20
32201.76617464714
 30
0.0
 11
152564.0971758342
 21
44332.71341786769
 31
0.0
  0
LINE
  5
3513
330
1F
100
AcDbEntity
  8
Living
100
AcDbLine
 10
152564.0971758342
 20
44332.71341786769
 30
0.0
 11
134897.3680453032
 21
50584.0830356192
 31
0.0
  0
LINE
  5
3514
330
1F
100
AcDbEntity
  8
Living
100
AcDbLine
 10
134897.3680453032
 20
50584.0830356192
 30
0.0
 11
133953.3316787147
 21
47916.18211187132
 31
0.0
  0
LINE
  5
3515
330
1F
100
AcDbEntity
  8
Living
100
AcDbLine
 10
133953.3316787147
 20
47916.18211187132
 30
0.0
 11
132713.5618765686
 21
48354.87448196799
 31
0.0
  0
LINE
  5
3516
330
1F
100
AcDbEntity
  8
Living
100
AcDbLine
 10
132713.5618765686
 20
48354.87448196799
 30
0.0
 11
127197.7428492145
 21
40979.65790503488
 31
0.0
  0
LINE
  5
3517
330
1F
100
AcDbEntity
  8
Living
100
AcDbLine
 10
152564.0971758342
 20
44332.71341786769
 30
0.0
 11
148271.5632002667
 21
32201.76617464713
 31
0.0
  0
LINE
  5
3518
330
1F
100
AcDbEntity
  8
Living
100
AcDbLine
 10
148271.5632002667
 20
32201.76617464713
 30
0.0
 11
165938.2923307832
 21
25950.39655697177
 31
0.0
  0
LINE
  5
3519
330
1F
100
AcDbEntity
  8
Living
100
AcDbLine
 10
165938.2923307832
 20
25950.39655697177
 30
0.0
 11
170230.8263063653
 21
38081.34380018716
 31
0.0
  0
LINE
  5
351A
330
1F
100
AcDbEntity
  8
Living
100
AcDbLine
 10
170230.8263063653
 20
38081.34380018716
 30
0.0
 11
152564.0971758342
 21
44332.71341786763
 31
0.0
  0
LINE
  5
351B
330
1F
100
AcDbEntity
  8
Living
100
AcDbLine
 10
170230.8263063655
 20
38081.34380018785
 30
0.0
 11
188186.2119693962
 21
32645.80510107222
 31
0.0
  0
LINE
  5
351C
330
1F
100
AcDbEntity
  8
Living
100
AcDbLine
 10
188186.2119693962
 20
32645.80510107222
 30
0.0
 11
189278.9480896118
 21
32259.14057864842
 31
0.0
  0
LINE
  5
351D
330
1F
100
AcDbEntity
  8
Living
100
AcDbLine
 10
189278.9480896118
 20
32259.14057864842
 30
0.0
 11
189528.6614551974
 21
29580.75613367871
 31
0.0
  0
LINE
  5
351E
330
1F
100
AcDbEntity
  8
Living
100
AcDbLine
 10
189528.6614551974
 20
29580.75613367871
 30
0.0
 11
187002.468489776
 21
29345.23201065824
 31
0.0
  0
LINE
  5
351F
330
1F
100
AcDbEntity
  8
Living
100
AcDbLine
 10
187002.468489776
 20
29345.23201065824
 30
0.0
 11
186277.8248778529
 21
19830.24999883644
 31
0.0
  0
LINE
  5
3520
330
1F
100
AcDbEntity
  8
Living
100
AcDbLine
 10
186277.8248778529
 20
19830.24999883644
 30
0.0
 11
165938.2923307832
 21
25950.39655697177
 31
0.0
  0
LINE
  5
3521
330
1F
100
AcDbEntity
  8
Living
100
AcDbLine
 10
189278.9480896118
 20
32259.14057864842
 30
0.0
 11
189528.6614551974
 21
29580.75613367871
 31
0.0
  0
LINE
  5
3522
330
1F
100
AcDbEntity
  8
Living
100
AcDbLine
 10
189528.6614551974
 20
29580.75613367871
 30
0.0
 11
187002.468489776
 21
29345.23201065824
 31
0.0
  0
LINE
  5
3523
330
1F
100
AcDbEntity
  8
Living
100
AcDbLine
 10
187002.468489776
 20
29345.23201065824
 30
0.0
 11
186277.8248778529
 21
19830.24999883644
 31
0.0
  0
LINE
  5
3524
330
1F
100
AcDbEntity
  8
Living
100
AcDbLine
 10
186277.8248778529
 20
19830.24999883644
 30
0.0
 11
210927.4250563482
 21
19763.23769507553
 31
0.0
  0
LINE
  5
3525
330
1F
100
AcDbEntity
  8
Living
100
AcDbLine
 10
210927.4250563482
 20
19763.23769507553
 30
0.0
 11
209666.7939838845
 21
33284.55902084531
 31
0.0
  0
LINE
  5
3526
330
1F
100
AcDbEntity
  8
Living
100
AcDbLine
 10
209666.7939838845
 20
33284.55902084531
 30
0.0
 11
204069.6738359059
 21
32184.58717769798
 31
0.0
  0
LINE
  5
3527
330
1F
100
AcDbEntity
  8
Living
100
AcDbLine
 10
204069.6738359059
 20
32184.58717769798
 30
0.0
 11
200647.5795813414
 21
31782.20704301313
 31
0.0
  0
LINE
  5
3528
330
1F
100
AcDbEntity
  8
Living
100
AcDbLine
 10
200647.5795813414
 20
31782.20704301313
 30
0.0
 11
198142.2616083854
 21
31635.09983303392
 31
0.0
  0
LINE
  5
3529
330
1F
100
AcDbEntity
  8
Living
100
AcDbLine
 10
198142.2616083854
 20
31635.09983303392
 30
0.0
 11
189278.9480896118
 21
32259.14057864842
 31
0.0
  0
LINE
  5
352A
330
1F
100
AcDbEntity
  8
Living
100
AcDbLine
 10
209666.7939838845
 20
33284.55902084531
 30
0.0
 11
210927.4250563481
 21
19763.23769507553
 31
0.0
  0
LINE
  5
352B
330
1F
100
AcDbEntity
  8
Living
100
AcDbLine
 10
210927.4250563481
 20
19763.23769507553
 30
0.0
 11
229491.4788965314
 21
22522.10868037397
 31
0.0
  0
LINE
  5
352C
330
1F
100
AcDbEntity
  8
Living
100
AcDbLine
 10
229491.4788965314
 20
22522.10868037397
 30
0.0
 11
228325.8737232021
 21
35024.19785763037
 31
0.0
  0
LINE
  5
352D
330
1F
100
AcDbEntity
  8
Living
100
AcDbLine
 10
228325.8737232021
 20
35024.19785763037
 30
0.0
 11
209666.7939838846
 21
33284.55902084533
 31
0.0
  0
LINE
  5
352E
330
1F
100
AcDbEntity
  8
Living
100
AcDbLine
 10
229178.3319495377
 20
25880.87127553333
 30
0.0
 11
249590.0453755769
 21
29600.96287806261
 31
0.0
  0
LINE
  5
352F
330
1F
100
AcDbEntity
  8
Living
100
AcDbLine
 10
249590.0453755769
 20
29600.96287806261
 30
0.0
 11
248061.3970081344
 21
35240.65228716154
 31
0.0
  0
LINE
  5
3530
330
1F
100
AcDbEntity
  8
Living
100
AcDbLine
 10
248061.3970081344
 20
35240.65228716154
 30
0.0
 11
246621.3027240581
 21
42017.63047435129
 31
0.0
  0
LINE
  5
3531
330
1F
100
AcDbEntity
  8
Living
100
AcDbLine
 10
246621.3027240581
 20
42017.63047435129
 30
0.0
 11
236252.5755853338
 21
40066.0207305894
 31
0.0
  0
LINE
  5
3532
330
1F
100
AcDbEntity
  8
Living
100
AcDbLine
 10
236252.5755853338
 20
40066.0207305894
 30
0.0
 11
235898.3779022001
 21
43865.08676275925
 31
0.0
  0
LINE
  5
3533
330
1F
100
AcDbEntity
  8
Living
100
AcDbLine
 10
235898.3779022001
 20
43865.08676275925
 30
0.0
 11
227573.9713634534
 21
43088.97877081607
 31
0.0
  0
LINE
  5
3534
330
1F
100
AcDbEntity
  8
Living
100
AcDbLine
 10
227573.9713634534
 20
43088.97877081607
 30
0.0
 11
229178.3319495366
 21
25880.87127553314
 31
0.0
  0
LINE
  5
3535
330
1F
100
AcDbEntity
  8
Living
100
AcDbLine
 10
225612.2687150576
 20
49836.00743705251
 30
0.0
 11
237211.3116877778
 21
50917.41905578063
 31
0.0
  0
LINE
  5
3536
330
1F
100
AcDbEntity
  8
Living
100
AcDbLine
 10
237211.3116877778
 20
50917.41905578063
 30
0.0
 11
236327.8852449395
 21
67582.37045724384
 31
0.0
  0
LINE
  5
3537
330
1F
100
AcDbEntity
  8
Living
100
AcDbLine
 10
236327.8852449395
 20
67582.37045724384
 30
0.0
 11
225180.9873362888
 21
66543.11360307503
 31
0.0
  0
LINE
  5
3538
330
1F
100
AcDbEntity
  8
Living
100
AcDbLine
 10
225180.9873362888
 20
66543.11360307503
 30
0.0
 11
225977.627104468
 21
57998.48661289119
 31
0.0
  0
LINE
  5
3539
330
1F
100
AcDbEntity
  8
Living
100
AcDbLine
 10
225977.627104468
 20
57998.48661289119
 30
0.0
 11
225977.627104468
 21
55238.6476124589
 31
0.0
  0
LINE
  5
353A
330
1F
100
AcDbEntity
  8
Living
100
AcDbLine
 10
225977.627104468
 20
55238.6476124589
 30
0.0
 11
225826.7462532882
 21
52514.22793452056
 31
0.0
  0
LINE
  5
353B
330
1F
100
AcDbEntity
  8
Living
100
AcDbLine
 10
225826.7462532882
 20
52514.22793452056
 30
0.0
 11
225612.2687150576
 21
49836.00743705251
 31
0.0
  0
LINE
  5
353C
330
1F
100
AcDbEntity
  8
Living
100
AcDbLine
 10
236327.8852449395
 20
67582.37045724384
 30
0.0
 11
225180.9873362888
 21
66543.11360307503
 31
0.0
  0
LINE
  5
353D
330
1F
100
AcDbEntity
  8
Living
100
AcDbLine
 10
225180.9873362888
 20
66543.11360307503
 30
0.0
 11
223640.0052289702
 21
83071.43396979469
 31
0.0
  0
LINE
  5
353E
330
1F
100
AcDbEntity
  8
Living
100
AcDbLine
 10
223640.0052289702
 20
83071.43396979469
 30
0.0
 11
234881.8574401423
 21
84119.54368244822
 31
0.0
  0
LINE
  5
353F
330
1F
100
AcDbEntity
  8
Living
100
AcDbLine
 10
234881.8574401423
 20
84119.54368244822
 30
0.0
 11
236327.8852449395
 21
67582.37045724384
 31
0.0
  0
LINE
  5
3540
330
1F
100
AcDbEntity
  8
Living
100
AcDbLine
 10
234881.8574401423
 20
84119.54368244822
 30
0.0
 11
223640.005228972
 21
83071.43396977505
 31
0.0
  0
LINE
  5
3541
330
1F
100
AcDbEntity
  8
Living
100
AcDbLine
 10
223640.005228972
 20
83071.43396977505
 30
0.0
 11
222099.0231216807
 21
99599.7543365172
 31
0.0
  0
LINE
  5
3542
330
1F
100
AcDbEntity
  8
Living
100
AcDbLine
 10
222099.0231216807
 20
99599.7543365172
 30
0.0
 11
232964.7980428517
 21
100612.801298571
 31
0.0
  0
LINE
  5
3543
330
1F
100
AcDbEntity
  8
Living
100
AcDbLine
 10
232964.7980428517
 20
100612.801298571
 30
0.0
 11
234881.8574401423
 21
84119.54368244822
 31
0.0
  0
LINE
  5
3544
330
1F
100
AcDbEntity
  8
Living
100
AcDbLine
 10
232964.7980428517
 20
100612.801298571
 30
0.0
 11
232021.8419595635
 21
117196.8773248057
 31
0.0
  0
LINE
  5
3545
330
1F
100
AcDbEntity
  8
Living
100
AcDbLine
 10
232021.8419595635
 20
117196.8773248057
 30
0.0
 11
220558.0410143924
 21
116128.0747032261
 31
0.0
  0
LINE
  5
3546
330
1F
100
AcDbEntity
  8
Living
100
AcDbLine
 10
220558.0410143924
 20
116128.0747032261
 30
0.0
 11
222099.0231217
 21
99599.75433651901
 31
0.0
  0
LINE
  5
3547
330
1F
100
AcDbEntity
  8
Living
100
AcDbLine
 10
222099.0231217
 20
99599.75433651901
 30
0.0
 11
232964.7980428517
 21
100612.801298571
 31
0.0
  0
LINE
  5
3548
330
1F
100
AcDbEntity
  8
Living
100
AcDbLine
 10
210347.7660813563
 20
133841.73770745
 30
0.0
 11
211896.4073765218
 21
126834.4812311032
 31
0.0
  0
LINE
  5
3549
330
1F
100
AcDbEntity
  8
Living
100
AcDbLine
 10
211896.4073765218
 20
126834.4812311032
 30
0.0
 11
212314.9878867538
 21
122841.8168651403
 31
0.0
  0
LINE
  5
354A
330
1F
100
AcDbEntity
  8
Living
100
AcDbLine
 10
212314.9878867538
 20
122841.8168651403
 30
0.0
 11
232746.3341076002
 21
128034.5209454554
 31
0.0
  0
LINE
  5
354B
330
1F
100
AcDbEntity
  8
Living
100
AcDbLine
 10
232746.3341076002
 20
128034.5209454554
 30
0.0
 11
228575.9457659407
 21
139293.99656976
 31
0.0
  0
LINE
  5
354C
330
1F
100
AcDbEntity
  8
Living
100
AcDbLine
 10
228575.9457659407
 20
139293.99656976
 30
0.0
 11
210347.7660813564
 21
133841.73770745
 31
0.0
  0
LINE
  5
354D
330
1F
100
AcDbEntity
  8
Acceso
100
AcDbLine
 10
244210.7488237164
 20
147181.4249595687
 30
0.0
 11
241445.4585405659
 21
153079.3897453161
 31
0.0
  0
LINE
  5
354E
330
1F
100
AcDbEntity
  8
Living
100
AcDbLine
 10
244210.7488237164
 20
147181.4249595687
 30
0.0
 11
251105.6182948468
 21
133559.6291498055
 31
0.0
  0
LINE
  5
354F
330
1F
100
AcDbEntity
  8
Living
100
AcDbLine
 10
251105.6182948468
 20
133559.6291498055
 30
0.0
 11
250106.213228901
 21
131670.6626797917
 31
0.0
  0
LINE
  5
3550
330
1F
100
AcDbEntity
  8
Living
100
AcDbLine
 10
250106.213228901
 20
131670.6626797917
 30
0.0
 11
249173.1845628322
 21
129748.8416283654
 31
0.0
  0
LINE
  5
3551
330
1F
100
AcDbEntity
  8
Living
100
AcDbLine
 10
249173.1845628322
 20
129748.8416283654
 30
0.0
 11
248847.0024950867
 21
129005.3337801562
 31
0.0
  0
LINE
  5
3552
330
1F
100
AcDbEntity
  8
Living
100
AcDbLine
 10
248847.0024950867
 20
129005.3337801562
 30
0.0
 11
248165.6070751105
 21
127438.0787632412
 31
0.0
  0
LINE
  5
3553
330
1F
100
AcDbEntity
  8
Living
100
AcDbLine
 10
248165.6070751105
 20
127438.0787632412
 30
0.0
 11
246461.7472822769
 21
122882.7790676238
 31
0.0
  0
LINE
  5
3554
330
1F
100
AcDbEntity
  8
Living
100
AcDbLine
 10
246461.7472822769
 20
122882.7790676238
 30
0.0
 11
245763.1105418742
 21
120777.846268516
 31
0.0
  0
LINE
  5
3555
330
1F
100
AcDbEntity
  8
Living
100
AcDbLine
 10
245763.1105418742
 20
120777.846268516
 30
0.0
 11
244973.2282999876
 21
118404.3717448296
 31
0.0
  0
LINE
  5
3556
330
1F
100
AcDbEntity
  8
Living
100
AcDbLine
 10
244973.2282999876
 20
118404.3717448296
 30
0.0
 11
236602.3058514577
 21
117623.9269429088
 31
0.0
  0
LINE
  5
3557
330
1F
100
AcDbEntity
  8
Living
100
AcDbLine
 10
236602.3058514577
 20
117623.9269429088
 30
0.0
 11
228575.9457659406
 21
139293.99656976
 31
0.0
  0
LINE
  5
3558
330
1F
100
AcDbEntity
  8
Living
100
AcDbLine
 10
228575.9457659406
 20
139293.99656976
 30
0.0
 11
244200.1299917664
 21
147202.4039731914
 31
0.0
  0
LINE
  5
3559
330
1F
100
AcDbEntity
  8
Living
100
AcDbLine
 10
201722.2487309149
 20
120001.4846681523
 30
0.0
 11
181558.8795175708
 21
115730.3678512761
 31
0.0
  0
LINE
  5
355A
330
1F
100
AcDbEntity
  8
Living
100
AcDbLine
 10
181558.8795175708
 20
115730.3678512761
 30
0.0
 11
182681.7942122034
 21
103634.5139565522
 31
0.0
  0
LINE
  5
355B
330
1F
100
AcDbEntity
  8
Living
100
AcDbLine
 10
182681.7942122034
 20
103634.5139565522
 30
0.0
 11
203013.8452098145
 21
106065.8706149451
 31
0.0
  0
LINE
  5
355C
330
1F
100
AcDbEntity
  8
Living
100
AcDbLine
 10
203013.8452098145
 20
106065.8706149451
 30
0.0
 11
201722.2487309149
 21
120001.4846681523
 31
0.0
  0
LINE
  5
355D
330
1F
100
AcDbEntity
  8
Living
100
AcDbLine
 10
182681.7942122034
 20
103634.5139565522
 30
0.0
 11
181558.8795175708
 21
115730.3678512761
 31
0.0
  0
LINE
  5
355E
330
1F
100
AcDbEntity
  8
Living
100
AcDbLine
 10
181558.8795175708
 20
115730.3678512761
 30
0.0
 11
172275.3234547213
 21
113763.873462322
 31
0.0
  0
LINE
  5
355F
330
1F
100
AcDbEntity
  8
Living
100
AcDbLine
 10
172275.3234547213
 20
113763.873462322
 30
0.0
 11
163007.1107251486
 21
112834.7772071085
 31
0.0
  0
LINE
  5
3560
330
1F
100
AcDbEntity
  8
Living
100
AcDbLine
 10
163007.1107251486
 20
112834.7772071085
 30
0.0
 11
164058.4444597578
 21
101509.9817358217
 31
0.0
  0
LINE
  5
3561
330
1F
100
AcDbEntity
  8
Living
100
AcDbLine
 10
164058.4444597578
 20
101509.9817358217
 30
0.0
 11
182681.7942122034
 21
103634.5139565522
 31
0.0
  0
LINE
  5
3562
330
1F
100
AcDbEntity
  8
Living
100
AcDbLine
 10
164058.4444597578
 20
101509.9817358217
 30
0.0
 11
163007.1107251486
 21
112834.7772071085
 31
0.0
  0
LINE
  5
3563
330
1F
100
AcDbEntity
  8
Living
100
AcDbLine
 10
163007.1107251486
 20
112834.7772071085
 30
0.0
 11
146394.8148515258
 21
112198.3515691431
 31
0.0
  0
LINE
  5
3564
330
1F
100
AcDbEntity
  8
Living
100
AcDbLine
 10
146394.8148515258
 20
112198.3515691431
 30
0.0
 11
147561.4555971756
 21
99685.28680577168
 31
0.0
  0
LINE
  5
3565
330
1F
100
AcDbEntity
  8
Living
100
AcDbLine
 10
147561.4555971756
 20
99685.28680577168
 30
0.0
 11
164058.4444597578
 21
101509.9817358229
 31
0.0
  0
LINE
  5
3566
330
1F
100
AcDbEntity
  8
Living
100
AcDbLine
 10
185073.4434312159
 20
77872.05875058371
 30
0.0
 11
205455.1879081861
 21
79764.19142528498
 31
0.0
  0
LINE
  5
3567
330
1F
100
AcDbEntity
  8
Living
100
AcDbLine
 10
205455.1879081861
 20
79764.19142528498
 30
0.0
 11
206725.6181518567
 21
66083.25814028794
 31
0.0
  0
LINE
  5
3568
330
1F
100
AcDbEntity
  8
Living
100
AcDbLine
 10
206725.6181518567
 20
66083.25814028794
 30
0.0
 11
186343.5616702476
 21
64190.5522908491
 31
0.0
  0
LINE
  5
3569
330
1F
100
AcDbEntity
  8
Living
100
AcDbLine
 10
186343.5616702476
 20
64190.5522908491
 30
0.0
 11
185073.4434580051
 21
77872.05846324761
 31
0.0
  0
LINE
  5
356A
330
1F
100
AcDbEntity
  8
Living
100
AcDbLine
 10
185073.4434312748
 20
77872.05875118226
 30
0.0
 11
166413.6784449542
 21
76139.78548763945
 31
0.0
  0
LINE
  5
356B
330
1F
100
AcDbEntity
  8
Living
100
AcDbLine
 10
166413.6784449542
 20
76139.78548763945
 30
0.0
 11
167553.9035924355
 21
63857.46621891922
 31
0.0
  0
LINE
  5
356C
330
1F
100
AcDbEntity
  8
Living
100
AcDbLine
 10
167553.9035924355
 20
63857.46621891922
 30
0.0
 11
186343.561670228
 21
64190.55229106061
 31
0.0
  0
LINE
  5
356D
330
1F
100
AcDbEntity
  8
Living
100
AcDbLine
 10
149179.0014228415
 20
82207.54804398197
 30
0.0
 11
165707.3228346921
 21
83748.5328842901
 31
0.0
  0
LINE
  5
356F
330
1F
100
AcDbEntity
  8
Living
100
AcDbLine
 10
166800.6397118272
 20
71971.50185097339
 30
0.0
 11
150168.3182540858
 21
71549.76488850558
 31
0.0
  0
LINE
  5
3570
330
1F
100
AcDbEntity
  8
Living
100
AcDbLine
 10
150168.3182540858
 20
71549.76488850558
 30
0.0
 11
149178.7862858212
 21
82207.55117903593
 31
0.0
  0
LINE
  5
3571
330
1F
100
AcDbEntity
  8
Living
100
AcDbLine
 10
122865.9188274135
 20
87514.19302181274
 30
0.0
 11
132335.8425878484
 21
87406.4534654277
 31
0.0
  0
LINE
  5
3572
330
1F
100
AcDbEntity
  8
Living
100
AcDbLine
 10
132335.8425878484
 20
87406.4534654277
 30
0.0
 11
131332.1143929774
 21
98172.16343576454
 31
0.0
  0
LINE
  5
3573
330
1F
100
AcDbEntity
  8
Living
100
AcDbLine
 10
131332.1143929774
 20
98172.16343576454
 30
0.0
 11
147561.4555971756
 21
99685.2868057717
 31
0.0
  0
LINE
  5
3574
330
1F
100
AcDbEntity
  8
Living
100
AcDbLine
 10
147561.4555971756
 20
99685.2868057717
 30
0.0
 11
149178.7862858207
 21
82207.55117904085
 31
0.0
  0
LINE
  5
3575
330
1F
100
AcDbEntity
  8
Living
100
AcDbLine
 10
149179.0014228415
 20
82207.54804398197
 30
0.0
 11
125938.7045492798
 21
82546.2145314065
 31
0.0
  0
LINE
  5
3576
330
1F
100
AcDbEntity
  8
Living
100
AcDbLine
 10
131387.997143919
 20
118139.980470084
 30
0.0
 11
137006.323105773
 21
112198.3515691431
 31
0.0
  0
LINE
  5
3577
330
1F
100
AcDbEntity
  8
Living
100
AcDbLine
 10
137006.323105773
 20
112198.3515691431
 30
0.0
 11
146394.814851519
 21
112198.3515692161
 31
0.0
  0
LINE
  5
3578
330
1F
100
AcDbEntity
  8
Living
100
AcDbLine
 10
146394.814851519
 20
112198.3515692161
 30
0.0
 11
147561.455934
 21
99685.28316635151
 31
0.0
  0
LINE
  5
3579
330
1F
100
AcDbEntity
  8
Living
100
AcDbLine
 10
147561.4559340085
 20
99685.28316625963
 30
0.0
 11
131332.1143929859
 21
98172.16343567272
 31
0.0
  0
LINE
  5
357A
330
1F
100
AcDbEntity
  8
Living
100
AcDbLine
 10
131332.1143929859
 20
98172.16343567272
 30
0.0
 11
122698.1469867223
 21
113121.0035996768
 31
0.0
  0
LINE
  5
357B
330
1F
100
AcDbEntity
  8
Living
100
AcDbLine
 10
122698.1469867223
 20
113121.0035996768
 30
0.0
 11
131387.997143919
 21
118139.9804700841
 31
0.0
  0
LINE
  5
357C
330
1F
100
AcDbEntity
  8
Living
100
AcDbLine
 10
131387.997143919
 20
118139.9804700841
 30
0.0
 11
123085.5817447969
 21
132514.7719114569
 31
0.0
  0
LINE
  5
357D
330
1F
100
AcDbEntity
  8
Living
100
AcDbLine
 10
123085.5817447969
 20
132514.7719114569
 30
0.0
 11
111999.3099333083
 21
126111.6992698849
 31
0.0
  0
LINE
  5
357E
330
1F
100
AcDbEntity
  8
Living
100
AcDbLine
 10
111999.3099333083
 20
126111.6992698849
 30
0.0
 11
120301.7253324309
 21
111736.907828512
 31
0.0
  0
LINE
  5
357F
330
1F
100
AcDbEntity
  8
Living
100
AcDbLine
 10
120301.7253324309
 20
111736.907828512
 30
0.0
 11
131387.997143919
 21
118139.980470084
 31
0.0
  0
LINE
  5
3580
330
1F
100
AcDbEntity
  8
Living
100
AcDbLine
 10
123085.5817447969
 20
132514.7719114569
 30
0.0
 11
111999.3099333083
 21
126111.6992698849
 31
0.0
  0
LINE
  5
3581
330
1F
100
AcDbEntity
  8
Living
100
AcDbLine
 10
111999.3099333083
 20
126111.6992698849
 30
0.0
 11
100983.3872157816
 21
144870.2480622583
 31
0.0
  0
LINE
  5
3582
330
1F
100
AcDbEntity
  8
Living
100
AcDbLine
 10
100983.3872157816
 20
144870.2480622583
 30
0.0
 11
110855.9448564887
 21
147179.4810118169
 31
0.0
  0
LINE
  5
3583
330
1F
100
AcDbEntity
  8
Living
100
AcDbLine
 10
110855.9448564887
 20
147179.4810118169
 30
0.0
 11
113683.1663476232
 21
148794.1019476063
 31
0.0
  0
LINE
  5
3584
330
1F
100
AcDbEntity
  8
Living
100
AcDbLine
 10
113683.1663476232
 20
148794.1019476063
 30
0.0
 11
123085.5817447966
 21
132514.7719114567
 31
0.0
  0
LINE
  5
3585
330
1F
100
AcDbEntity
  8
Living
100
AcDbLine
 10
100983.3872157816
 20
144870.2480622583
 30
0.0
 11
99669.83324642889
 21
169679.0663721194
 31
0.0
  0
LINE
  5
3586
330
1F
100
AcDbEntity
  8
Living
100
AcDbLine
 10
99669.83324642889
 20
169679.0663721194
 30
0.0
 11
117942.4342558911
 21
169310.8207920795
 31
0.0
  0
LINE
  5
3587
330
1F
100
AcDbEntity
  8
Living
100
AcDbLine
 10
117942.4342558911
 20
169310.8207920795
 30
0.0
 11
117942.4342558911
 21
157803.9210980696
 31
0.0
  0
LINE
  5
3588
330
1F
100
AcDbEntity
  8
Living
100
AcDbLine
 10
117942.4342558911
 20
157803.9210980696
 30
0.0
 11
124900.8577060438
 21
157927.0177655953
 31
0.0
  0
LINE
  5
3589
330
1F
100
AcDbEntity
  8
Living
100
AcDbLine
 10
124900.8577060438
 20
157927.0177655953
 30
0.0
 11
124903.0353242449
 21
157803.9210980696
 31
0.0
  0
LINE
  5
358A
330
1F
100
AcDbEntity
  8
Living
100
AcDbLine
 10
124903.0353242449
 20
157803.9210980696
 30
0.0
 11
125990.6623022796
 21
155920.8051343813
 31
0.0
  0
LINE
  5
358B
330
1F
100
AcDbEntity
  8
Living
100
AcDbLine
 10
125990.6623022796
 20
155920.8051343813
 30
0.0
 11
110855.9448564887
 21
147179.4810118169
 31
0.0
  0
LINE
  5
358C
330
1F
100
AcDbEntity
  8
Living
100
AcDbLine
 10
110855.9448564887
 20
147179.4810118169
 30
0.0
 11
100983.3872157816
 21
144870.2480622583
 31
0.0
  0
LINE
  5
358D
330
1F
100
AcDbEntity
  8
Living
100
AcDbLine
 10
123540.426598245
 20
185542.3904165718
 30
0.0
 11
106270.6969748863
 21
193499.4946133629
 31
0.0
  0
LINE
  5
358E
330
1F
100
AcDbEntity
  8
Living
100
AcDbLine
 10
106270.6969748863
 20
193499.4946133629
 30
0.0
 11
99669.83324642889
 21
169679.0663721193
 31
0.0
  0
LINE
  5
358F
330
1F
100
AcDbEntity
  8
Living
100
AcDbLine
 10
99669.83324642889
 20
169679.0663721193
 30
0.0
 11
124701.8845188032
 21
169174.5983855637
 31
0.0
  0
LINE
  5
3590
330
1F
100
AcDbEntity
  8
Living
100
AcDbLine
 10
124701.8845188032
 20
169174.5983855637
 30
0.0
 11
124673.2112870069
 21
170795.4423331345
 31
0.0
  0
LINE
  5
3591
330
1F
100
AcDbEntity
  8
Living
100
AcDbLine
 10
124673.2112870069
 20
170795.4423331345
 30
0.0
 11
124701.8845188035
 21
170857.6733845708
 31
0.0
  0
LINE
  5
3592
330
1F
100
AcDbEntity
  8
Living
100
AcDbLine
 10
124701.8845188035
 20
170857.6733845708
 30
0.0
 11
118162.6275285764
 21
173870.6649238508
 31
0.0
  0
LINE
  5
3593
330
1F
100
AcDbEntity
  8
Living
100
AcDbLine
 10
118162.6275285764
 20
173870.6649238508
 30
0.0
 11
123540.4265982449
 21
185542.3904165719
 31
0.0
  0
LINE
  5
3594
330
1F
100
AcDbEntity
  8
Living
100
AcDbLine
 10
123540.4265982449
 20
185542.3904165719
 30
0.0
 11
106270.6969748866
 21
193499.4946133638
 31
0.0
  0
LINE
  5
3595
330
1F
100
AcDbEntity
  8
Living
100
AcDbLine
 10
106270.6969748866
 20
193499.4946133638
 30
0.0
 11
113217.3163571088
 21
208576.1148963728
 31
0.0
  0
LINE
  5
3596
330
1F
100
AcDbEntity
  8
Living
100
AcDbLine
 10
113217.3163571088
 20
208576.1148963728
 30
0.0
 11
124133.2387669153
 21
203546.555435208
 31
0.0
  0
LINE
  5
3597
330
1F
100
AcDbEntity
  8
Living
100
AcDbLine
 10
124133.2387669153
 20
203546.555435208
 30
0.0
 11
117081.7369219201
 21
188518.2602101406
 31
0.0
  0
LINE
  5
3598
330
1F
100
AcDbEntity
  8
Living
100
AcDbLine
 10
117081.7369219201
 20
188518.2602101406
 30
0.0
 11
106270.6969748863
 21
193499.4946133629
 31
0.0
  0
LINE
  5
3599
330
1F
100
AcDbEntity
  8
Living
100
AcDbLine
 10
113217.3163571088
 20
208576.1148963728
 30
0.0
 11
121092.871197306
 21
224403.4712931499
 31
0.0
  0
LINE
  5
359A
330
1F
100
AcDbEntity
  8
Living
100
AcDbLine
 10
121092.871197306
 20
224403.4712931499
 30
0.0
 11
132905.6818888196
 21
220905.8553310339
 31
0.0
  0
LINE
  5
359B
330
1F
100
AcDbEntity
  8
Living
100
AcDbLine
 10
132905.6818888196
 20
220905.8553310339
 30
0.0
 11
124133.2387669153
 21
203546.555435208
 31
0.0
  0
LINE
  5
359C
330
1F
100
AcDbEntity
  8
Living
100
AcDbLine
 10
124133.2387669153
 20
203546.555435208
 30
0.0
 11
113217.3163571088
 21
208576.1148963728
 31
0.0
  0
LWPOLYLINE
  5
8160
330
1F
100
AcDbEntity
  8
Edificios
100
AcDbPolyline
 90
        4
 70
     1
 43
0.0
 10
155453.0170160195
 20
205924.3790564512
 10
183752.1124371898
 20
179602.0528532281
 10
174126.5527939771
 20
169253.6273864816
 10
145827.4573728068
 20
195575.9535897047
  0
LWPOLYLINE
  5
8168
330
1F
100
AcDbEntity
  8
Edificios
100
AcDbPolyline
 90
        4
 70
     1
 43
0.0
 10
140653.9347973635
 20
146371.0332721121
 10
164163.2364092408
 20
170498.2315194061
 10
174285.5423615169
 20
160635.1574400754
 10
150776.2407496396
 20
136507.9591927813
  0
LINE
  5
816A
330
1F
100
AcDbEntity
  8
E
100
AcDbLine
 10
124701.8845188035
 20
170857.6733845708
 30
0.0
 11
124903.0353242449
 21
157803.9210980696
 31
0.0
  0
LINE
  5
816B
330
1F
100
AcDbEntity
  8
E
100
AcDbLine
 10
124903.0353242449
 20
157803.9210980696
 30
0.0
 11
143276.2282858208
 21
125992.5982193494
 31
0.0
  0
LINE
  5
816C
330
1F
100
AcDbEntity
  8
E
100
AcDbLine
 10
143276.2282858208
 20
125992.5982193494
 30
0.0
 11
152821.9284041315
 21
126652.2747004741
 31
0.0
  0
LINE
  5
816D
330
1F
100
AcDbEntity
  8
E
100
AcDbLine
 10
152821.9284041315
 20
126652.2747004741
 30
0.0
 11
154344.2534698691
 21
129540.7290482492
 31
0.0
  0
LINE
  5
816E
330
1F
100
AcDbEntity
  8
E
100
AcDbLine
 10
154344.2534698691
 20
129540.7290482492
 30
0.0
 11
161501.04430329
 21
130034.4106857222
 31
0.0
  0
LINE
  5
816F
330
1F
100
AcDbEntity
  8
E
100
AcDbLine
 10
161501.04430329
 20
130034.4106857222
 30
0.0
 11
163032.0887934767
 21
130169.1312745254
 31
0.0
  0
LINE
  5
8170
330
1F
100
AcDbEntity
  8
E
100
AcDbLine
 10
163032.0887934767
 20
130169.1312745254
 30
0.0
 11
165214.1895206822
 21
130475.3217486558
 31
0.0
  0
LINE
  5
8171
330
1F
100
AcDbEntity
  8
E
100
AcDbLine
 10
165214.1895206822
 20
130475.3217486558
 30
0.0
 11
168382.4410440081
 21
131157.6134308694
 31
0.0
  0
LINE
  5
8172
330
1F
100
AcDbEntity
  8
E
100
AcDbLine
 10
168382.4410440081
 20
131157.6134308694
 30
0.0
 11
173672.3216042827
 21
132725.6893283048
 31
0.0
  0
LINE
  5
8173
330
1F
100
AcDbEntity
  8
E
100
AcDbLine
 10
173672.3216042827
 20
132725.6893283048
 30
0.0
 11
181343.0700094841
 21
134997.1687806371
 31
0.0
  0
LINE
  5
8174
330
1F
100
AcDbEntity
  8
E
100
AcDbLine
 10
181343.0700094836
 20
134997.1687806373
 30
0.0
 11
196074.5721593836
 21
139383.5834097428
 31
0.0
  0
LINE
  5
8175
330
1F
100
AcDbEntity
  8
E
100
AcDbLine
 10
196074.5721593836
 20
139383.5834097428
 30
0.0
 11
196344.4530077996
 21
139483.758191518
 31
0.0
  0
LINE
  5
8176
330
1F
100
AcDbEntity
  8
E
100
AcDbLine
 10
196344.4530077996
 20
139483.758191518
 30
0.0
 11
196650.8645328825
 21
139651.2879647194
 31
0.0
  0
LINE
  5
8177
330
1F
100
AcDbEntity
  8
E
100
AcDbLine
 10
196650.8645328825
 20
139651.2879647194
 30
0.0
 11
196878.8294954147
 21
139822.6744684355
 31
0.0
  0
LINE
  5
8178
330
1F
100
AcDbEntity
  8
E
100
AcDbLine
 10
196878.8294954147
 20
139822.6744684355
 30
0.0
 11
197093.4196626309
 21
140034.1328869402
 31
0.0
  0
LINE
  5
8179
330
1F
100
AcDbEntity
  8
E
100
AcDbLine
 10
197093.4196626309
 20
140034.1328869402
 30
0.0
 11
197280.5266278106
 21
140278.0780081602
 31
0.0
  0
LINE
  5
817A
330
1F
100
AcDbEntity
  8
E
100
AcDbLine
 10
197280.5266278106
 20
140278.0780081602
 30
0.0
 11
197436.868211882
 21
140556.439711348
 31
0.0
  0
LINE
  5
817B
330
1F
100
AcDbEntity
  8
E
100
AcDbLine
 10
197436.868211882
 20
140556.439711348
 30
0.0
 11
197557.3812171838
 21
140875.0373407471
 31
0.0
  0
LINE
  5
817C
330
1F
100
AcDbEntity
  8
E
100
AcDbLine
 10
197557.3812171838
 20
140875.0373407471
 30
0.0
 11
197639.3312504551
 21
141325.9208192873
 31
0.0
  0
LINE
  5
817D
330
1F
100
AcDbEntity
  8
E
100
AcDbLine
 10
197639.3312504551
 20
141325.9208192873
 30
0.0
 11
197628.0547767861
 21
141768.9696292317
 31
0.0
  0
LINE
  5
817E
330
1F
100
AcDbEntity
  8
E
100
AcDbLine
 10
197628.0547767861
 20
141768.9696292317
 30
0.0
 11
197559.7978601501
 21
142146.7377287214
 31
0.0
  0
LINE
  5
817F
330
1F
100
AcDbEntity
  8
E
100
AcDbLine
 10
197559.7978601501
 20
142146.7377287214
 30
0.0
 11
197461.1144475298
 21
142661.9596593525
 31
0.0
  0
LINE
  5
8180
330
1F
100
AcDbEntity
  8
E
100
AcDbLine
 10
197461.1144475298
 20
142661.9596593525
 30
0.0
 11
197264.6473297187
 21
143703.1860573906
 31
0.0
  0
LINE
  5
8181
330
1F
100
AcDbEntity
  8
E
100
AcDbLine
 10
197264.6473297187
 20
143703.1860573906
 30
0.0
 11
197042.680169783
 21
144905.6684094321
 31
0.0
  0
LINE
  5
8182
330
1F
100
AcDbEntity
  8
E
100
AcDbLine
 10
197042.680169783
 20
144905.6684094321
 30
0.0
 11
196863.7711023736
 21
145896.3376931054
 31
0.0
  0
LINE
  5
8183
330
1F
100
AcDbEntity
  8
E
100
AcDbLine
 10
196863.7711023736
 20
145896.3376931054
 30
0.0
 11
195690.69958361
 21
152865.2606140286
 31
0.0
  0
LINE
  5
8184
330
1F
100
AcDbEntity
  8
E
100
AcDbLine
 10
195690.69958361
 20
152865.2606140286
 30
0.0
 11
194573.5329352607
 21
159084.7596898894
 31
0.0
  0
LINE
  5
8185
330
1F
100
AcDbEntity
  8
E
100
AcDbLine
 10
194573.5329352607
 20
159084.7596898894
 30
0.0
 11
193499.9673620254
 21
164162.7683704527
 31
0.0
  0
LINE
  5
8186
330
1F
100
AcDbEntity
  8
E
100
AcDbLine
 10
193499.9673620254
 20
164162.7683704527
 30
0.0
 11
192035.3080835996
 21
170048.9851276489
 31
0.0
  0
LINE
  5
8187
330
1F
100
AcDbEntity
  8
E
100
AcDbLine
 10
192035.3080835996
 20
170048.9851276489
 30
0.0
 11
190707.0257881001
 21
174760.7521728593
 31
0.0
  0
LINE
  5
8188
330
1F
100
AcDbEntity
  8
E
100
AcDbLine
 10
190707.0257881001
 20
174760.7521728593
 30
0.0
 11
188396.8397779655
 21
180493.5464090225
 31
0.0
  0
LINE
  5
8189
330
1F
100
AcDbEntity
  8
E
100
AcDbLine
 10
188396.8397779655
 20
180493.5464090225
 30
0.0
 11
186475.5299678381
 21
184827.5122183846
 31
0.0
  0
LINE
  5
818A
330
1F
100
AcDbEntity
  8
E
100
AcDbLine
 10
186475.5299678381
 20
184827.5122183846
 30
0.0
 11
184791.7861164153
 21
188200.5289350707
 31
0.0
  0
LINE
  5
818B
330
1F
100
AcDbEntity
  8
E
100
AcDbLine
 10
184791.7861164153
 20
188200.5289350707
 30
0.0
 11
183900.1296020892
 21
189861.3588850632
 31
0.0
  0
LINE
  5
818C
330
1F
100
AcDbEntity
  8
E
100
AcDbLine
 10
183900.1296020892
 20
189861.3588850632
 30
0.0
 11
182026.2367347871
 21
193127.2357841605
 31
0.0
  0
LINE
  5
818D
330
1F
100
AcDbEntity
  8
E
100
AcDbLine
 10
182026.2367347871
 20
193127.2357841605
 30
0.0
 11
180062.4319028922
 21
196200.3397602
 31
0.0
  0
LINE
  5
818E
330
1F
100
AcDbEntity
  8
E
100
AcDbLine
 10
180062.4319028922
 20
196200.3397602
 30
0.0
 11
177933.3084342765
 21
199069.8539249074
 31
0.0
  0
LINE
  5
818F
330
1F
100
AcDbEntity
  8
E
100
AcDbLine
 10
177933.3084342765
 20
199069.8539249074
 30
0.0
 11
176177.6032273335
 21
201143.5950778894
 31
0.0
  0
LINE
  5
8190
330
1F
100
AcDbEntity
  8
E
100
AcDbLine
 10
176177.6032273335
 20
201143.5950778894
 30
0.0
 11
173699.6763963405
 21
203746.6117149016
 31
0.0
  0
LINE
  5
8191
330
1F
100
AcDbEntity
  8
E
100
AcDbLine
 10
173699.6763963405
 20
203746.6117149016
 30
0.0
 11
170361.9839504463
 21
206753.1543764015
 31
0.0
  0
LINE
  5
8192
330
1F
100
AcDbEntity
  8
E
100
AcDbLine
 10
170361.9839504463
 20
206753.1543764015
 30
0.0
 11
168152.8487098451
 21
208460.6458974629
 31
0.0
  0
LINE
  5
8193
330
1F
100
AcDbEntity
  8
E
100
AcDbLine
 10
168152.8487098451
 20
208460.6458974629
 30
0.0
 11
166041.4912502067
 21
209941.9454281111
 31
0.0
  0
LINE
  5
8194
330
1F
100
AcDbEntity
  8
E
100
AcDbLine
 10
166041.4912502067
 20
209941.9454281111
 30
0.0
 11
162956.7470202065
 21
211826.515084969
 31
0.0
  0
LINE
  5
8195
330
1F
100
AcDbEntity
  8
E
100
AcDbLine
 10
162956.7470202065
 20
211826.515084969
 30
0.0
 11
158129.4191351081
 21
214224.7636293279
 31
0.0
  0
LINE
  5
8196
330
1F
100
AcDbEntity
  8
E
100
AcDbLine
 10
158129.4191351081
 20
214224.7636293279
 30
0.0
 11
155538.2050049583
 21
215256.4164318044
 31
0.0
  0
LINE
  5
8197
330
1F
100
AcDbEntity
  8
E
100
AcDbLine
 10
155538.2050049583
 20
215256.4164318044
 30
0.0
 11
151399.191095627
 21
216602.0020032859
 31
0.0
  0
LINE
  5
8198
330
1F
100
AcDbEntity
  8
E
100
AcDbLine
 10
151399.191095627
 20
216602.0020032859
 30
0.0
 11
148722.5425902476
 21
217257.571486362
 31
0.0
  0
LINE
  5
8199
330
1F
100
AcDbEntity
  8
E
100
AcDbLine
 10
148722.5425902476
 20
217257.571486362
 30
0.0
 11
146304.2636831464
 21
217742.4744582976
 31
0.0
  0
LINE
  5
819A
330
1F
100
AcDbEntity
  8
E
100
AcDbLine
 10
146304.2636831464
 20
217742.4744582976
 30
0.0
 11
130079.6835884719
 21
182529.3988772915
 31
0.0
  0
LINE
  5
819B
330
1F
100
AcDbEntity
  8
E
100
AcDbLine
 10
130079.6835884719
 20
182529.3988772915
 30
0.0
 11
124673.2112870069
 21
170795.4423331344
 31
0.0
  0
LINE
  5
819C
330
1F
100
AcDbEntity
  8
E
100
AcDbLine
 10
124673.2112870069
 20
170795.4423331344
 30
0.0
 11
124903.0353242449
 21
157803.9210980696
 31
0.0
  0
LINE
  5
81DE
330
1F
100
AcDbEntity
  8
Living
100
AcDbLine
 10
122865.9188274135
 20
87514.19302181274
 30
0.0
 11
124360.6171261635
 21
85097.61416749388
 31
0.0
  0
LINE
  5
81DF
330
1F
100
AcDbEntity
  8
Living
100
AcDbLine
 10
124360.6171261635
 20
85097.61416749388
 30
0.0
 11
125938.7045494682
 21
82546.2145311028
 31
0.0
  0
LINE
  5
81E9
330
1F
100
AcDbEntity
  8
Acceso
100
AcDbLine
 10
167038.8780363626
 20
119830.5807079505
 30
0.0
 11
164207.5056747047
 21
119433.2850034266
 31
0.0
  0
LINE
  5
81EA
330
1F
100
AcDbEntity
  8
Acceso
100
AcDbLine
 10
164207.5056747047
 20
119433.2850034266
 30
0.0
 11
162409.5660848241
 21
119271.4305873534
 31
0.0
  0
LINE
  5
820A
330
1F
100
AcDbEntity
  8
Living
100
AcDbLine
 10
166800.6397118271
 20
71971.50185097339
 30
0.0
 11
166413.6784449542
 21
76139.78548763945
 31
0.0
  0
LINE
  5
820B
330
1F
100
AcDbEntity
  8
Living
100
AcDbLine
 10
166413.6784449542
 20
76139.78548763945
 30
0.0
 11
165707.3228346921
 21
83748.5328842901
 31
0.0
  0
VIEWPORT
  5
330D
102
{ACAD_XDICTIONARY
360
330E
102
}
330
D6
100
AcDbEntity
 67
     1
  8
0
100
AcDbViewport
 10
128.5
 20
97.5
 30
0.0
 40
362.8210344827587
 41
222.18
 68
     1
 69
     1
 12
128.5
 22
97.5
 13
0.0
 23
0.0
 14
10.0
 24
10.0
 15
10.0
 25
10.0
 16
0.0
 26
0.0
 36
1.0
 17
0.0
 27
0.0
 37
0.0
 42
50.0
 43
0.0
 44
0.0
 45
222.18
 50
0.0
 51
0.0
 72
  1000
 90
   819232
  1

281
     0
 71
     1
 74
     0
110
0.0
120
0.0
130
0.0
111
1.0
121
0.0
131
0.0
112
0.0
122
1.0
132
0.0
 79
     0
146
0.0
170
     0
 61
     5
348
F5
292
     1
282
     1
141
0.0
142
0.0
 63
   250
421
  3355443
  0
VIEWPORT
  5
3311
102
{ACAD_XDICTIONARY
360
3312
102
}
330
D6
100
AcDbEntity
 67
     1
  8
Etapa1
100
AcDbViewport
 10
128.5
 20
97.5
 30
0.0
 40
205.6
 41
156.0
 68
     2
 69
     2
 12
135648.34033482
 22
153144.9664687681
 13
0.0
 23
0.0
 14
10.0
 24
10.0
 15
10.0
 25
10.0
 16
0.0
 26
0.0
 36
1.0
 17
0.0
 27
0.0
 37
0.0
 42
50.0
 43
0.0
 44
0.0
 45
293251.163164156
 50
0.0
 51
0.0
 72
  1000
 90
   819296
  1

281
     0
 71
     1
 74
     0
110
0.0
120
0.0
130
0.0
111
1.0
121
0.0
131
0.0
112
0.0
122
1.0
132
0.0
 79
     0
146
0.0
170
     0
 61
     5
348
F5
292
     1
282
     1
141
0.0
142
0.0
 63
   250
421
  3355443
  0
ENDSEC
  0
SECTION
  2
OBJECTS
  0
DICTIONARY
  5
C
330
0
100
AcDbDictionary
281
     1
  3
ACAD_CIP_PREVIOUS_PRODUCT_INFO
350
216
  3
ACAD_COLOR
350
6B
  3
ACAD_DETAILVIEWSTYLE
350
21B
  3
ACAD_GROUP
350
D
  3
ACAD_IMAGE_VARS
350
3329
  3
ACAD_LAST_SAVED_VERSION_INFO
350
32E6
  3
ACAD_LAYOUT
350
1A
  3
ACAD_MATERIAL
350
6A
  3
ACAD_MLEADERSTYLE
350
12D
  3
ACAD_MLINESTYLE
350
17
  3
ACAD_PLOTSETTINGS
350
19
  3
ACAD_PLOTSTYLENAME
350
E
  3
ACAD_SCALELIST
350
10C
  3
ACAD_SECTIONVIEWSTYLE
350
219
  3
ACAD_TABLESTYLE
350
7E
  3
ACAD_VISUALSTYLE
350
EF
  3
ACDB_RECOMPOSE_DATA
350
821D
  3
AcDbVariableDictionary
350
5E
  3
AEC_PROPERTY_SET_DEFS
350
8166
  0
DICTIONARY
  5
1FF
330
2
100
AcDbDictionary
280
     1
281
     1
  3
ACAD_LAYERSTATES
360
200
  0
DICTIONARY
  5
13C
330
10
100
AcDbDictionary
280
     1
281
     1
  0
DICTIONARY
  5
1CE
330
1F
100
AcDbDictionary
280
     1
281
     1
  3
ACAD_SORTENTS
360
81BE
  0
DICTIONARY
  5
32FD
330
32FC
100
AcDbDictionary
280
     1
281
     1
  3
ASDK_XREC_ANNOTATION_SCALE_INFO
360
32FE
  0
DICTIONARY
  5
3301
330
3300
100
AcDbDictionary
280
     1
281
     1
  3
ASDK_XREC_ANNOTATION_SCALE_INFO
360
3302
  0
DICTIONARY
  5
330E
330
330D
100
AcDbDictionary
280
     1
281
     1
  3
ASDK_XREC_ANNOTATION_SCALE_INFO
360
330F
  0
DICTIONARY
  5
3312
330
3311
100
AcDbDictionary
280
     1
281
     1
  3
ASDK_XREC_ANNOTATION_SCALE_INFO
360
3313
  0
XRECORD
  5
216
102
{ACAD_REACTORS
330
C
102
}
330
C
100
AcDbXrecord
280
     1
300
ACDMAC
300
2026
300

  0
DICTIONARY
  5
6B
102
{ACAD_REACTORS
330
C
102
}
330
C
100
AcDbDictionary
281
     1
  0
DICTIONARY
  5
21B
102
{ACAD_REACTORS
330
C
102
}
330
C
100
AcDbDictionary
281
     1
  3
Metric50
350
21C
  0
DICTIONARY
  5
D
102
{ACAD_REACTORS
330
C
102
}
330
C
100
AcDbDictionary
281
     1
  0
RASTERVARIABLES
  5
3329
102
{ACAD_REACTORS
330
C
102
}
330
C
100
AcDbRasterVariables
 90
        0
 70
     1
 71
     1
 72
     1
  0
XRECORD
  5
32E6
102
{ACAD_REACTORS
330
C
102
}
330
C
100
AcDbXrecord
280
     1
300
{27358012-2B1D-3848-8DE6-55C84F6D7F19}
301
{4E01591D-5BCB-734F-9BEC-ECE68813C235}
302
{27358012-2B1D-3848-8DE6-55C84F6D7F19}
303
/Users/fernandazuniga/Desktop/Proyecto_Lomas/Lomas3.dxf
  0
DICTIONARY
  5
1A
102
{ACAD_REACTORS
330
C
102
}
330
C
100
AcDbDictionary
281
     1
  3
Model
350
22
  3
Presentación1
350
D3
  3
Presentación2
350
D7
  0
DICTIONARY
  5
6A
102
{ACAD_REACTORS
330
C
102
}
330
C
100
AcDbDictionary
281
     1
  3
ByBlock
350
ED
  3
ByLayer
350
EC
  3
Global
350
EE
  0
DICTIONARY
  5
12D
102
{ACAD_REACTORS
330
C
102
}
330
C
100
AcDbDictionary
281
     1
  3
Anotativo
350
13B
  3
Standard
350
12E
  0
DICTIONARY
  5
17
102
{ACAD_REACTORS
330
C
102
}
330
C
100
AcDbDictionary
281
     1
  3
Standard
350
18
  0
DICTIONARY
  5
19
102
{ACAD_REACTORS
330
C
102
}
330
C
100
AcDbDictionary
281
     1
  0
ACDBDICTIONARYWDFLT
  5
E
102
{ACAD_REACTORS
330
C
102
}
330
C
100
AcDbDictionary
281
     1
  3
Normal
350
F
100
AcDbDictionaryWithDefault
340
F
  0
DICTIONARY
  5
10C
102
{ACAD_REACTORS
330
C
102
}
330
C
100
AcDbDictionary
281
     1
  3
A0
350
10D
  3
A1
350
1BE
  3
A2
350
1BF
  3
A3
350
1C0
  3
A4
350
1C1
  3
A5
350
1C2
  3
A6
350
1C3
  3
A7
350
1C4
  3
A8
350
1C5
  3
A9
350
1C6
  3
B0
350
1C7
  3
B1
350
1C8
  3
B2
350
1C9
  3
B3
350
1CA
  3
B4
350
1CB
  3
B5
350
1CC
  3
B6
350
1CD
  0
DICTIONARY
  5
219
102
{ACAD_REACTORS
330
C
102
}
330
C
100
AcDbDictionary
281
     1
  3
Metric50
350
21A
  0
DICTIONARY
  5
7E
102
{ACAD_REACTORS
330
C
102
}
330
C
100
AcDbDictionary
281
     1
  3
Standard
350
7F
  0
DICTIONARY
  5
EF
102
{ACAD_REACTORS
330
C
102
}
330
C
100
AcDbDictionary
281
     1
  3
2dWireframe
350
F5
  3
Basic
350
F4
  3
Brighten
350
FB
  3
ColorChange
350
FF
  3
Conceptual
350
F8
  3
Dim
350
FA
  3
EdgeColorOff
350
1E6
  3
Facepattern
350
FE
  3
Flat
350
F0
  3
FlatWithEdges
350
F1
  3
Gouraud
350
F2
  3
GouraudWithEdges
350
F3
  3
Hidden
350
F7
  3
JitterOff
350
1E4
  3
Linepattern
350
FD
  3
OverhangOff
350
1E5
  3
Realistic
350
F9
  3
Shaded
350
1F3
  3
Shaded with edges
350
1F2
  3
Shades of Gray
350
1EF
  3
Sketchy
350
1F0
  3
Thicken
350
FC
  3
Wireframe
350
F6
  3
X-Ray
350
1F1
  0
XRECORD
  5
821D
102
{ACAD_REACTORS
330
C
102
}
330
C
100
AcDbXrecord
280
     1
 90
        1
330
7F
  0
DICTIONARY
  5
5E
102
{ACAD_REACTORS
330
C
102
}
330
C
100
AcDbDictionary
281
     1
  3
CANNOSCALE
350
146
  3
CENTEREXE
350
259
  3
CENTERLTYPEFILE
350
25A
  3
CMLEADERSTYLE
350
145
  3
CTABLESTYLE
350
84
  3
CVIEWDETAILSTYLE
350
227
  3
CVIEWSECTIONSTYLE
350
228
  3
DIMASSOC
350
5F
  3
HIDETEXT
350
63
  3
LAYEREVAL
350
1AE
  3
LAYERNOTIFY
350
1AF
  0
DICTIONARY
  5
8166
102
{ACAD_REACTORS
330
C
102
}
330
C
100
AcDbDictionary
281
     1
  0
DICTIONARY
  5
200
102
{ACAD_REACTORS
330
1FF
102
}
330
1FF
100
AcDbDictionary
281
     1
  0
SORTENTSTABLE
  5
81BE
102
{ACAD_REACTORS
330
1CE
102
}
330
1CE
100
AcDbSortentsTable
330
1F
331
3388
  5
3389
331
3389
  5
338A
331
338A
  5
338B
331
338B
  5
338C
331
338C
  5
338D
331
338D
  5
338E
331
338E
  5
338F
331
338F
  5
3390
331
3390
  5
3391
331
3391
  5
3392
331
3392
  5
3393
331
3393
  5
3394
331
3394
  5
3395
331
3395
  5
3396
331
3396
  5
3397
331
3397
  5
3398
331
3398
  5
3399
331
3399
  5
339A
331
339A
  5
339B
331
339B
  5
339C
331
339C
  5
339D
331
339D
  5
339E
331
339E
  5
339F
331
339F
  5
33A0
331
33A0
  5
33A1
331
33A1
  5
33A2
331
33A2
  5
33A3
331
33A3
  5
33A4
331
33A4
  5
33A5
331
33A5
  5
33A6
331
33A6
  5
33A7
331
33A7
  5
33A8
331
33A8
  5
33A9
331
33A9
  5
33AA
331
33AA
  5
33AB
331
33AB
  5
33AC
331
33AC
  5
33AD
331
33AD
  5
33AE
331
33AE
  5
33AF
331
33AF
  5
33B0
331
33B0
  5
33B1
331
33B1
  5
33B2
331
33B2
  5
33B3
331
33B3
  5
33B4
331
33B4
  5
33B5
331
33B5
  5
33B6
331
33B6
  5
33B7
331
33B7
  5
33B8
331
33B8
  5
33B9
331
33B9
  5
33BA
331
33BA
  5
33BB
331
33BB
  5
33BC
331
33BC
  5
33BD
331
33BD
  5
33BE
331
33BE
  5
33BF
331
33BF
  5
33C0
331
33C0
  5
33C1
331
33C1
  5
33C2
331
33C2
  5
33C3
331
33C3
  5
33C4
331
33C4
  5
33C5
331
33C5
  5
33C6
331
33C6
  5
33C7
331
33C7
  5
33C8
331
33C8
  5
33C9
331
33C9
  5
33CA
331
33CA
  5
33CB
331
33CB
  5
33CC
331
33CC
  5
33CD
331
33CD
  5
33CE
331
33CE
  5
33CF
331
33CF
  5
33D0
331
33D0
  5
33D1
331
33D1
  5
33D2
331
33D2
  5
33D3
331
33D3
  5
33D4
331
33D4
  5
33D5
331
33D5
  5
33D6
331
33D6
  5
33D7
331
33D7
  5
33D8
331
33D8
  5
33D9
331
33D9
  5
33DA
331
33DA
  5
33DB
331
33DB
  5
33DC
331
33DC
  5
33DD
331
33DD
  5
33DE
331
33DE
  5
33E2
331
33E2
  5
33E3
331
33E3
  5
33E4
331
33E4
  5
33E5
331
33E5
  5
33E6
331
33E6
  5
33E7
331
33E7
  5
33E8
331
33E8
  5
33E9
331
33E9
  5
33EA
331
33EA
  5
33EB
331
33EB
  5
33EC
331
33EC
  5
33ED
331
33ED
  5
33EE
331
33EE
  5
33EF
331
33EF
  5
33F0
331
33F0
  5
33F1
331
33F1
  5
33F2
331
33F2
  5
33F3
331
33F3
  5
33F4
331
33F4
  5
33F5
331
33F5
  5
33F6
331
33F6
  5
33F7
331
33F7
  5
33F8
331
33F8
  5
33F9
331
33F9
  5
33FA
331
33FA
  5
33FB
331
33FB
  5
33FC
331
33FC
  5
33FD
331
33FD
  5
33FE
331
33FE
  5
33FF
331
33FF
  5
3400
331
3400
  5
3401
331
3401
  5
3402
331
3402
  5
3403
331
3403
  5
3404
331
3404
  5
3405
331
3405
  5
3406
331
3406
  5
3407
331
3407
  5
3408
331
3408
  5
3409
331
3409
  5
340A
331
340A
  5
340B
331
340B
  5
340C
331
340C
  5
340D
331
340D
  5
340E
331
340E
  5
340F
331
340F
  5
3410
331
3410
  5
3411
331
3411
  5
3412
331
3412
  5
3413
331
3413
  5
3414
331
3414
  5
3415
331
3415
  5
3416
331
3416
  5
3417
331
3417
  5
3418
331
3418
  5
3419
331
3419
  5
341A
331
341A
  5
341B
331
341B
  5
341C
331
341C
  5
341D
331
341D
  5
341E
331
341E
  5
341F
331
341F
  5
3420
331
3420
  5
3421
331
3421
  5
3422
331
3422
  5
3423
331
3423
  5
3424
331
3424
  5
3425
331
3425
  5
3426
331
3426
  5
3427
331
3427
  5
3428
331
3428
  5
3429
331
3429
  5
342A
331
342A
  5
342B
331
342B
  5
342C
331
342C
  5
342D
331
342D
  5
342E
331
342E
  5
342F
331
342F
  5
3430
331
3430
  5
3431
331
3431
  5
3432
331
3432
  5
3433
331
3433
  5
3434
331
3434
  5
3435
331
3435
  5
3436
331
3436
  5
3437
331
3437
  5
3438
331
3438
  5
3439
331
3439
  5
343D
331
343D
  5
343E
331
343E
  5
343F
331
343F
  5
3440
331
3440
  5
3441
331
3441
  5
3442
331
3442
  5
3443
331
3443
  5
3444
331
3445
  5
3446
331
3446
  5
3447
331
3447
  5
3448
331
3448
  5
3449
331
3449
  5
344A
331
344A
  5
344B
331
344B
  5
344C
331
344C
  5
344D
331
344D
  5
344E
331
344E
  5
344F
331
344F
  5
3450
331
3450
  5
3451
331
3451
  5
3452
331
3452
  5
3453
331
3453
  5
3454
331
3454
  5
3455
331
3455
  5
3456
331
3456
  5
3457
331
3457
  5
3458
331
3458
  5
3459
331
3459
  5
345A
331
345A
  5
345B
331
345B
  5
345C
331
345C
  5
345D
331
345D
  5
345E
331
345E
  5
345F
331
345F
  5
3460
331
3460
  5
3461
331
3461
  5
3462
331
3462
  5
3463
331
3463
  5
3464
331
3464
  5
3465
331
3465
  5
3466
331
3466
  5
3467
331
3467
  5
3468
331
3468
  5
3469
331
3469
  5
346A
331
346A
  5
346B
331
346B
  5
346C
331
346C
  5
346D
331
346D
  5
346E
331
346E
  5
346F
331
346F
  5
3470
331
3470
  5
3471
331
3471
  5
3472
331
3472
  5
3473
331
3473
  5
3474
331
3474
  5
3475
331
3475
  5
3476
331
3476
  5
3477
331
3477
  5
3478
331
3478
  5
3479
331
3479
  5
347A
331
347B
  5
347C
331
347C
  5
347D
331
347D
  5
347E
331
347E
  5
347F
331
347F
  5
3489
331
3489
  5
348A
331
348A
  5
348B
331
348B
  5
348C
331
348C
  5
348D
331
348D
  5
348E
331
348E
  5
348F
331
348F
  5
3490
331
3490
  5
3491
331
3491
  5
3492
331
3492
  5
3493
331
3493
  5
3494
331
3494
  5
3495
331
3495
  5
3496
331
3496
  5
3497
331
3497
  5
3498
331
3498
  5
3499
331
3499
  5
349A
331
349A
  5
349B
331
349B
  5
349C
331
349C
  5
349D
331
349D
  5
349E
331
349E
  5
349F
331
349F
  5
34A0
331
34A0
  5
34A1
331
34A1
  5
34A2
331
34A2
  5
34A3
331
34A3
  5
34A4
331
34A4
  5
34A5
331
34A5
  5
34A6
331
34A6
  5
34A7
331
34A7
  5
34A8
331
34A8
  5
34A9
331
34A9
  5
34AA
331
34AA
  5
34AB
331
34AB
  5
34AC
331
34AC
  5
34AD
331
34AD
  5
34AE
331
34AE
  5
34AF
331
34AF
  5
34B0
331
34B0
  5
34B2
331
34B2
  5
34B3
331
34B3
  5
34B4
331
34B4
  5
34B5
331
34B5
  5
34B6
331
34B6
  5
34B7
331
34B7
  5
34B8
331
34B8
  5
34B9
331
34B9
  5
34BA
331
34BA
  5
34BB
331
34BB
  5
34BC
331
34BC
  5
34BD
331
34BD
  5
34BE
331
34BE
  5
34BF
331
34BF
  5
34C0
331
34C0
  5
34C1
331
34C1
  5
34C2
331
34C2
  5
34C3
331
34C3
  5
34C4
331
34C4
  5
34C5
331
34C5
  5
34C6
331
34C6
  5
34C7
331
34C7
  5
34C8
331
34C8
  5
34C9
331
34C9
  5
34CA
331
34CA
  5
34CB
331
34CB
  5
34CC
331
34CC
  5
34CD
331
34CD
  5
34CE
331
34CE
  5
34CF
331
34CF
  5
34D0
331
34D0
  5
34D1
331
34D1
  5
34D2
331
34D2
  5
34D3
331
34D3
  5
34D4
331
34D4
  5
34D5
331
34D5
  5
34D6
331
34D6
  5
34D7
331
34D7
  5
34D9
331
34D9
  5
34DA
331
34DA
  5
34DB
331
34DB
  5
34DC
331
34DC
  5
34DD
331
34DD
  5
34DE
331
34DE
  5
34DF
331
34DF
  5
34E0
331
34E0
  5
34E1
331
34E1
  5
34E2
331
34E2
  5
34E3
331
34E3
  5
34E4
331
34E4
  5
34E5
331
34E5
  5
34E6
331
34E6
  5
34E7
331
34E7
  5
34E8
331
34E8
  5
34E9
331
34E9
  5
34EA
331
34EA
  5
34EB
331
34EB
  5
34EC
331
34EC
  5
34ED
331
34ED
  5
34EE
331
34EE
  5
34EF
331
34EF
  5
34F0
331
34F0
  5
34F1
331
34F1
  5
34F2
331
34F2
  5
34F3
331
34F3
  5
34F4
331
34F4
  5
34F5
331
34F5
  5
34F6
331
34F6
  5
34F7
331
34F7
  5
34F8
331
34F8
  5
34F9
331
34F9
  5
34FA
331
34FA
  5
34FB
331
34FB
  5
34FC
331
34FC
  5
34FD
331
34FD
  5
34FE
331
34FE
  5
34FF
331
34FF
  5
3500
331
3500
  5
3501
331
3501
  5
3502
331
3502
  5
3503
331
3503
  5
3504
331
3504
  5
3505
331
3505
  5
3506
331
3506
  5
3507
331
3507
  5
3508
331
3508
  5
3509
331
3509
  5
350A
331
350A
  5
350B
331
350B
  5
350C
331
350C
  5
350D
331
350D
  5
350E
331
350E
  5
350F
331
350F
  5
3510
331
3510
  5
3511
331
3511
  5
3512
331
3512
  5
3513
331
3513
  5
3514
331
3514
  5
3515
331
3515
  5
3516
331
3516
  5
3517
331
3517
  5
3518
331
3518
  5
3519
331
3519
  5
351A
331
351A
  5
351B
331
351B
  5
351C
331
351C
  5
351D
331
351D
  5
351E
331
351E
  5
351F
331
351F
  5
3520
331
3520
  5
3521
331
3521
  5
3522
331
3522
  5
3523
331
3523
  5
3524
331
3524
  5
3525
331
3525
  5
3526
331
3526
  5
3527
331
3527
  5
3528
331
3528
  5
3529
331
3529
  5
352A
331
352A
  5
352B
331
352B
  5
352C
331
352C
  5
352D
331
352D
  5
352E
331
352E
  5
352F
331
352F
  5
3530
331
3530
  5
3531
331
3531
  5
3532
331
3532
  5
3533
331
3533
  5
3534
331
3534
  5
3535
331
3535
  5
3536
331
3536
  5
3537
331
3537
  5
3538
331
3538
  5
3539
331
3539
  5
353A
331
353A
  5
353B
331
353B
  5
353C
331
353C
  5
353D
331
353D
  5
353E
331
353E
  5
353F
331
353F
  5
3540
331
3540
  5
3541
331
3541
  5
3542
331
3542
  5
3543
331
3543
  5
3544
331
3544
  5
3545
331
3545
  5
3546
331
3546
  5
3547
331
3547
  5
3548
331
3548
  5
3549
331
3549
  5
354A
331
354A
  5
354B
331
354B
  5
354C
331
354C
  5
354D
331
354D
  5
354E
331
354E
  5
354F
331
354F
  5
3550
331
3550
  5
3551
331
3551
  5
3552
331
3552
  5
3553
331
3553
  5
3554
331
3554
  5
3555
331
3555
  5
3556
331
3556
  5
3557
331
3557
  5
3558
331
3558
  5
3559
331
3559
  5
355A
331
355A
  5
355B
331
355B
  5
355C
331
355C
  5
355D
331
355D
  5
355E
331
355E
  5
355F
331
355F
  5
3560
331
3560
  5
3561
331
3561
  5
3562
331
3562
  5
3563
331
3563
  5
3564
331
3564
  5
3565
331
3565
  5
3566
331
3566
  5
3567
331
3567
  5
3568
331
3568
  5
3569
331
3569
  5
356A
331
356A
  5
356B
331
356B
  5
356C
331
356C
  5
356D
331
356D
  5
356E
331
356F
  5
3570
331
3570
  5
3571
331
3571
  5
3572
331
3572
  5
3573
331
3573
  5
3574
331
3574
  5
3575
331
3575
  5
3576
331
3576
  5
3577
331
3577
  5
3578
331
3578
  5
3579
331
3579
  5
357A
331
357A
  5
357B
331
357B
  5
357C
331
357C
  5
357D
331
357D
  5
357E
331
357E
  5
357F
331
357F
  5
3580
331
3580
  5
3581
331
3581
  5
3582
331
3582
  5
3583
331
3583
  5
3584
331
3584
  5
3585
331
3585
  5
3586
331
3586
  5
3587
331
3587
  5
3588
331
3588
  5
3589
331
3589
  5
358A
331
358A
  5
358B
331
358B
  5
358C
331
358C
  5
358D
331
358D
  5
358E
331
358E
  5
358F
331
358F
  5
3590
331
3590
  5
3591
331
3591
  5
3592
331
3592
  5
3593
331
3593
  5
3594
331
3594
  5
3595
331
3595
  5
3596
331
3596
  5
3597
331
3597
  5
3598
331
3598
  5
3599
331
3599
  5
359A
331
359A
  5
359B
331
359B
  5
359C
331
359C
  5
8160
331
8160
  5
8168
331
8168
  5
816A
331
816A
  5
816B
331
816B
  5
816C
331
816C
  5
816D
331
816D
  5
816E
331
816E
  5
816F
331
816F
  5
8170
331
8170
  5
8171
331
8171
  5
8172
331
8172
  5
8173
331
8173
  5
8174
331
8174
  5
8175
331
8175
  5
8176
331
8176
  5
8177
331
8177
  5
8178
331
8178
  5
8179
331
8179
  5
817A
331
817A
  5
817B
331
817B
  5
817C
331
817C
  5
817D
331
817D
  5
817E
331
817E
  5
817F
331
817F
  5
8180
331
8180
  5
8181
331
8181
  5
8182
331
8182
  5
8183
331
8183
  5
8184
331
8184
  5
8185
331
8185
  5
8186
331
8186
  5
8187
331
8187
  5
8188
331
8188
  5
8189
331
8189
  5
818A
331
818A
  5
818B
331
818B
  5
818C
331
818C
  5
818D
331
818D
  5
818E
331
818E
  5
818F
331
818F
  5
8190
331
8190
  5
8191
331
8191
  5
8192
331
8192
  5
8193
331
8193
  5
8194
331
8194
  5
8195
331
8195
  5
8196
331
8196
  5
8197
331
8197
  5
8198
331
8198
  5
8199
331
8199
  5
819A
331
819A
  5
819B
331
819B
  5
819C
331
819C
  5
81B6
  0
XRECORD
  5
32FE
102
{ACAD_REACTORS
330
32FD
102
}
330
32FD
100
AcDbXrecord
280
     1
 90
        1
340
10D
  0
XRECORD
  5
3302
102
{ACAD_REACTORS
330
3301
102
}
330
3301
100
AcDbXrecord
280
     1
 90
        1
340
10D
  0
XRECORD
  5
330F
102
{ACAD_REACTORS
330
330E
102
}
330
330E
100
AcDbXrecord
280
     1
 90
        1
340
10D
  0
XRECORD
  5
3313
102
{ACAD_REACTORS
330
3312
102
}
330
3312
100
AcDbXrecord
280
     1
 90
        1
340
10D
  0
ACDBDETAILVIEWSTYLE
  5
21C
102
{ACAD_REACTORS
330
21B
102
}
330
21B
100
AcDbModelDocViewStyle
 70
     0
  3
Metric50
290
     0
300
Metric50
 90
        0
100
AcDbDetailViewStyle
 70
     0
 71
     0
 90
        3
 71
     1
340
11
 62
   256
 40
5.0
340
0
 62
   256
 40
5.0
300

 40
0.0
280
     1
 71
     2
340
16
 90
       25
 62
   256
 71
     3
340
11
 62
   256
 40
5.0
 90
        0
 40
15.0
 90
        1
300
%<\AcVar ViewDetailId>% (%<\AcVar ViewScale \f "%sn">%)
 71
     4
340
16
 90
       25
 62
   256
340
16
 90
       25
 62
   256
280
     0
  0
LAYOUT
  5
22
102
{ACAD_XDICTIONARY
360
205
102
}
102
{ACAD_REACTORS
330
1A
102
}
330
1A
100
AcDbPlotSettings
  1

  2
none_device
  4
ISO_A4_(210.00_x_297.00_MM)
  6

 40
7.5
 41
20.0
 42
7.5
 43
20.0
 44
210.0
 45
297.0
 46
11.54999923706054
 47
-13.65000009536743
 48
0.0
 49
0.0
140
0.0
141
0.0
142
1.0
143
8.704084754739808
 70
 11952
 72
     1
 73
     0
 74
     0
  7

 75
     0
147
0.1148885871608098
 76
     0
 77
     2
 78
   300
148
0.0
149
0.0
100
AcDbLayout
  1
Model
 70
     1
 71
     0
 10
0.0
 20
0.0
 11
12.0
 21
9.0
 12
0.0
 22
0.0
 32
0.0
 14
0.0
 24
0.0
 34
0.0
 15
0.0
 25
0.0
 35
0.0
146
0.0
 13
0.0
 23
0.0
 33
0.0
 16
1.0
 26
0.0
 36
0.0
 17
0.0
 27
1.0
 37
0.0
 76
     0
330
1F
331
EA
1001
ACAD_PSEXT
1000
None
1000
None
1000
Not applicable
1000
The layout will not be plotted unless a new plotter configuration name is selected.
1070
     0
  0
LAYOUT
  5
D3
102
{ACAD_REACTORS
330
1A
102
}
330
1A
100
AcDbPlotSettings
  1

  2
none_device
  4
ISO_A4_(210.00_x_297.00_MM)
  6

 40
7.5
 41
20.0
 42
7.5
 43
20.0
 44
210.0
 45
297.0
 46
0.0
 47
0.0
 48
0.0
 49
0.0
140
0.0
141
0.0
142
1.0
143
1.0
 70
   688
 72
     1
 73
     1
 74
     5
  7

 75
    16
147
1.0
 76
     0
 77
     2
 78
   300
148
0.0
149
0.0
100
AcDbLayout
  1
Presentación1
 70
     1
 71
     1
 10
-20.0
 20
-7.5
 11
277.0
 21
202.5
 12
0.0
 22
0.0
 32
0.0
 14
25.69999999999999
 24
19.5
 34
0.0
 15
231.3
 25
175.5
 35
0.0
146
0.0
 13
0.0
 23
0.0
 33
0.0
 16
1.0
 26
0.0
 36
0.0
 17
0.0
 27
1.0
 37
0.0
 76
     0
330
D2
331
32FC
1001
ACAD_PSEXT
1000
Ninguno
1000
Ninguno
1000
No aplicable
1000
La presentación no se trazará a menos que se seleccione un nuevo nombre de configuración de trazador.
1070
     0
  0
LAYOUT
  5
D7
102
{ACAD_REACTORS
330
1A
102
}
330
1A
100
AcDbPlotSettings
  1

  2
none_device
  4
ISO_A4_(210.00_x_297.00_MM)
  6

 40
7.5
 41
20.0
 42
7.5
 43
20.0
 44
210.0
 45
297.0
 46
0.0
 47
0.0
 48
0.0
 49
0.0
140
0.0
141
0.0
142
1.0
143
1.0
 70
   688
 72
     1
 73
     1
 74
     5
  7

 75
    16
147
1.0
 76
     0
 77
     2
 78
   300
148
0.0
149
0.0
100
AcDbLayout
  1
Presentación2
 70
     1
 71
     2
 10
-20.0
 20
-7.5
 11
277.0
 21
202.5
 12
0.0
 22
0.0
 32
0.0
 14
25.69999999999999
 24
19.5
 34
0.0
 15
231.3
 25
175.5
 35
0.0
146
0.0
 13
0.0
 23
0.0
 33
0.0
 16
1.0
 26
0.0
 36
0.0
 17
0.0
 27
1.0
 37
0.0
 76
     0
330
D6
331
330D
1001
ACAD_PSEXT
1000
Ninguno
1000
Ninguno
1000
No aplicable
1000
La presentación no se trazará a menos que se seleccione un nuevo nombre de configuración de trazador.
1070
     0
  0
MATERIAL
  5
ED
102
{ACAD_XDICTIONARY
360
1F9
102
}
102
{ACAD_REACTORS
330
6A
102
}
330
6A
100
AcDbMaterial
  1
ByBlock
 94
       63
  0
MATERIAL
  5
EC
102
{ACAD_XDICTIONARY
360
1F7
102
}
102
{ACAD_REACTORS
330
6A
102
}
330
6A
100
AcDbMaterial
  1
ByLayer
 94
       63
  0
MATERIAL
  5
EE
102
{ACAD_XDICTIONARY
360
173
102
}
102
{ACAD_REACTORS
330
6A
102
}
330
6A
100
AcDbMaterial
  1
Global
 43
0.0007999999797903
 43
0.0
 43
0.0
 43
0.0
 43
0.0
 43
0.0007999999797903
 43
0.0
 43
0.0
 43
0.0
 43
0.0
 43
1.0
 43
0.0
 43
0.0
 43
0.0
 43
0.0
 43
1.0
 49
0.0007999999797903
 49
0.0
 49
0.0
 49
0.0
 49
0.0
 49
0.0007999999797903
 49
0.0
 49
0.0
 49
0.0
 49
0.0
 49
1.0
 49
0.0
 49
0.0
 49
0.0
 49
0.0
 49
1.0
142
0.0007999999797903
142
0.0
142
0.0
142
0.0
142
0.0
142
0.0007999999797903
142
0.0
142
0.0
142
0.0
142
0.0
142
1.0
142
0.0
142
0.0
142
0.0
142
0.0
142
1.0
144
0.0007999999797903
144
0.0
144
0.0
144
0.0
144
0.0
144
0.0007999999797903
144
0.0
144
0.0
144
0.0
144
0.0
144
1.0
144
0.0
144
0.0
144
0.0
144
0.0
144
1.0
 94
       63
1001
ACAD
1070
    -1
1070
     3
1070
     0
1000

1071
        0
1070
     0
  0
MLEADERSTYLE
  5
13B
102
{ACAD_REACTORS
330
12D
102
}
330
12D
100
AcDbMLeaderStyle
179
     2
170
     2
171
     1
172
     0
 90
        2
 40
0.0
 41
0.0
173
     1
 91
-1056964608
340
14
 92
       -2
290
     1
 42
2.0
291
     1
 43
8.0
  3
Standard
 44
4.0
300

342
11
174
     1
178
     1
175
     1
176
     0
 93
-1056964608
 45
4.0
292
     0
297
     0
 46
4.0
 94
-1056964608
 47
1.0
 49
1.0
140
1.0
293
     1
141
0.0
294
     1
177
     0
142
1.0
295
     0
296
     1
143
3.75
271
     0
272
     9
273
     9
298
     0
  0
MLEADERSTYLE
  5
12E
102
{ACAD_REACTORS
330
12D
102
}
330
12D
100
AcDbMLeaderStyle
179
     2
170
     2
171
     1
172
     0
 90
        2
 40
0.0
 41
0.0
173
     1
 91
-1056964608
340
14
 92
       -2
290
     1
 42
2.0
291
     1
 43
8.0
  3
Standard
 44
4.0
300

342
11
174
     1
178
     1
175
     1
176
     0
 93
-1056964608
 45
4.0
292
     0
297
     0
 46
4.0
 94
-1056964608
 47
1.0
 49
1.0
140
1.0
293
     1
141
0.0
294
     1
177
     0
142
1.0
295
     0
296
     0
143
3.75
271
     0
272
     9
273
     9
298
     0
  0
MLINESTYLE
  5
18
102
{ACAD_REACTORS
330
17
102
}
330
17
100
AcDbMlineStyle
  2
STANDARD
 70
     0
  3

 62
   256
 51
90.0
 52
90.0
 71
     2
 49
0.5
 62
   256
  6
BYLAYER
 49
-0.5
 62
   256
  6
BYLAYER
  0
ACDBPLACEHOLDER
  5
F
102
{ACAD_REACTORS
330
E
102
}
330
E
  0
SCALE
  5
10D
102
{ACAD_REACTORS
330
10C
102
}
330
10C
100
AcDbScale
 70
     0
300
1:1
140
1.0
141
1.0
290
     1
  0
SCALE
  5
1BE
102
{ACAD_REACTORS
330
10C
102
}
330
10C
100
AcDbScale
 70
     0
300
1:2
140
1.0
141
2.0
290
     0
  0
SCALE
  5
1BF
102
{ACAD_REACTORS
330
10C
102
}
330
10C
100
AcDbScale
 70
     0
300
1:4
140
1.0
141
4.0
290
     0
  0
SCALE
  5
1C0
102
{ACAD_REACTORS
330
10C
102
}
330
10C
100
AcDbScale
 70
     0
300
1:5
140
1.0
141
5.0
290
     0
  0
SCALE
  5
1C1
102
{ACAD_REACTORS
330
10C
102
}
330
10C
100
AcDbScale
 70
     0
300
1:8
140
1.0
141
8.0
290
     0
  0
SCALE
  5
1C2
102
{ACAD_REACTORS
330
10C
102
}
330
10C
100
AcDbScale
 70
     0
300
1:10
140
1.0
141
10.0
290
     0
  0
SCALE
  5
1C3
102
{ACAD_REACTORS
330
10C
102
}
330
10C
100
AcDbScale
 70
     0
300
1:16
140
1.0
141
16.0
290
     0
  0
SCALE
  5
1C4
102
{ACAD_REACTORS
330
10C
102
}
330
10C
100
AcDbScale
 70
     0
300
1:20
140
1.0
141
20.0
290
     0
  0
SCALE
  5
1C5
102
{ACAD_REACTORS
330
10C
102
}
330
10C
100
AcDbScale
 70
     0
300
1:30
140
1.0
141
30.0
290
     0
  0
SCALE
  5
1C6
102
{ACAD_REACTORS
330
10C
102
}
330
10C
100
AcDbScale
 70
     0
300
1:40
140
1.0
141
40.0
290
     0
  0
SCALE
  5
1C7
102
{ACAD_REACTORS
330
10C
102
}
330
10C
100
AcDbScale
 70
     0
300
1:50
140
1.0
141
50.0
290
     0
  0
SCALE
  5
1C8
102
{ACAD_REACTORS
330
10C
102
}
330
10C
100
AcDbScale
 70
     0
300
1:100
140
1.0
141
100.0
290
     0
  0
SCALE
  5
1C9
102
{ACAD_REACTORS
330
10C
102
}
330
10C
100
AcDbScale
 70
     0
300
2:1
140
2.0
141
1.0
290
     0
  0
SCALE
  5
1CA
102
{ACAD_REACTORS
330
10C
102
}
330
10C
100
AcDbScale
 70
     0
300
4:1
140
4.0
141
1.0
290
     0
  0
SCALE
  5
1CB
102
{ACAD_REACTORS
330
10C
102
}
330
10C
100
AcDbScale
 70
     0
300
8:1
140
8.0
141
1.0
290
     0
  0
SCALE
  5
1CC
102
{ACAD_REACTORS
330
10C
102
}
330
10C
100
AcDbScale
 70
     0
300
10:1
140
10.0
141
1.0
290
     0
  0
SCALE
  5
1CD
102
{ACAD_REACTORS
330
10C
102
}
330
10C
100
AcDbScale
 70
     0
300
100:1
140
100.0
141
1.0
290
     0
  0
ACDBSECTIONVIEWSTYLE
  5
21A
102
{ACAD_REACTORS
330
219
102
}
330
219
100
AcDbModelDocViewStyle
 70
     0
  3
Metric50
290
     0
300
Metric50
 90
        0
100
AcDbSectionViewStyle
 70
     0
 71
     0
 90
      102
 71
     1
340
11
 62
   256
 40
5.0
340
0
340
0
 62
   256
 40
5.0
300
I, O, Q, S, X, Z
 40
10.0
 90
        0
 40
2.5
 90
        0
 71
     2
340
16
 90
       25
 62
   256
340
16
 90
       50
 62
   256
 40
5.0
 40
2.5
 40
5.0
 71
     3
340
11
 62
   256
 40
5.0
 90
        0
 40
15.0
 90
        1
300
%<\AcVar ViewSectionStartId>%-%<\AcVar ViewSectionEndId>% (%<\AcVar ViewScale \f "%sn">%)
 71
     4
 62
   256
 62
   257
300
ANSI31
 40
1.0
 90
        0
290
     0
290
     0
 90
        6
 40
0.0
 40
1.570796326794896
 40
0.2617993877991494
 40
1.308996938995747
 40
-0.2617993877991494
 40
1.832595714594046
  0
TABLESTYLE
  5
7F
102
{ACAD_XDICTIONARY
360
162
102
}
102
{ACAD_REACTORS
330
7E
102
}
330
7E
100
AcDbTableStyle
280
     0
  3
Standard
 70
     0
 71
     0
 40
1.5
 41
1.5
280
     0
281
     0
  7
Standard
140
4.5
170
     2
 62
     0
 63
     7
283
     0
 90
      512
 91
        0
  1

274
    -2
284
     1
 64
     0
275
    -2
285
     1
 65
     0
276
    -2
286
     1
 66
     0
277
    -2
287
     1
 67
     0
278
    -2
288
     1
 68
     0
279
    -2
289
     1
 69
     0
  7
Standard
140
6.0
170
     5
 62
     0
 63
     7
283
     0
 90
      512
 91
        0
  1

274
    -2
284
     1
 64
     0
275
    -2
285
     1
 65
     0
276
    -2
286
     1
 66
     0
277
    -2
287
     1
 67
     0
278
    -2
288
     1
 68
     0
279
    -2
289
     1
 69
     0
  7
Standard
140
4.5
170
     5
 62
     0
 63
     7
283
     0
 90
      512
 91
        0
  1

274
    -2
284
     1
 64
     0
275
    -2
285
     1
 65
     0
276
    -2
286
     1
 66
     0
277
    -2
287
     1
 67
     0
278
    -2
288
     1
 68
     0
279
    -2
289
     1
 69
     0
  0
VISUALSTYLE
  5
F5
102
{ACAD_REACTORS
330
EF
102
}
330
EF
100
AcDbVisualStyle
  2
2dWireframe
 70
     4
177
     3
291
     0
 70
    58
 90
        0
176
     1
 90
        2
176
     1
 90
        1
176
     1
 90
        0
176
     1
 40
0.6
176
     1
 40
30.0
176
     1
 62
     7
420
 16777215
176
     1
 90
        1
176
     1
 90
        4
176
     1
 62
     7
176
     1
 62
   257
176
     1
 90
        1
176
     1
 90
        1
176
     1
 40
1.0
176
     1
 90
        0
176
     1
 62
   257
176
     1
 40
1.0
176
     1
 90
        1
176
     1
 90
        6
176
     1
 90
        2
176
     1
 62
     7
176
     1
 90
        5
176
     1
 90
        0
176
     1
 90
        0
176
     1
290
     0
176
     1
 90
        1
176
     1
 40
0.0
176
     1
 90
        0
176
     1
290
     1
176
     1
290
     1
176
     1
290
     0
176
     1
290
     0
176
     1
290
     0
176
     1
290
     0
176
     1
290
     0
176
     1
290
     0
176
     1
290
     0
176
     1
 90
       50
176
     1
 40
0.0
176
     1
 40
1.0
176
     1
 90
        0
176
     1
 62
    18
420
        0
176
     1
 90
       50
176
     1
 90
        3
176
     1
 62
     5
420
      255
176
     1
290
     0
176
     1
 90
       50
176
     1
 90
       50
176
     1
 90
       50
176
     1
290
     0
176
     1
 90
       50
176
     1
 62
   256
176
     0
 40
1.0
176
     0
 90
        2
176
     1
  1
strokes_ogs.tif
176
     1
290
     0
176
     1
 40
1.0
176
     1
 40
1.0
176
     1
  0
VISUALSTYLE
  5
F4
102
{ACAD_REACTORS
330
EF
102
}
330
EF
100
AcDbVisualStyle
  2
Basic
 70
     7
177
     3
291
     1
 70
    58
 90
        1
176
     1
 90
        0
176
     1
 90
        1
176
     1
 90
        0
176
     1
 40
0.6
176
     1
 40
30.0
176
     1
 62
     7
420
 16777215
176
     1
 90
        0
176
     1
 90
        4
176
     1
 62
     7
176
     1
 62
   257
176
     1
 90
        1
176
     1
 90
        1
176
     1
 40
1.0
176
     1
 90
        8
176
     1
 62
     7
176
     1
 40
1.0
176
     1
 90
        1
176
     1
 90
        6
176
     1
 90
        2
176
     1
 62
     7
176
     1
 90
        5
176
     1
 90
        0
176
     1
 90
        0
176
     1
290
     0
176
     1
 90
        1
176
     1
 40
0.0
176
     1
 90
        0
176
     1
290
     0
176
     1
290
     1
176
     1
290
     1
176
     1
290
     0
176
     1
290
     0
176
     1
290
     0
176
     1
290
     0
176
     1
290
     0
176
     1
290
     0
176
     1
 90
       50
176
     1
 40
0.0
176
     1
 40
1.0
176
     1
 90
        0
176
     1
 62
    18
420
        0
176
     1
 90
       50
176
     1
 90
        3
176
     1
 62
     5
420
      255
176
     1
290
     0
176
     1
 90
       50
176
     1
 90
       50
176
     1
 90
       50
176
     1
290
     0
176
     1
 90
       50
176
     1
 62
   256
176
     0
 40
1.0
176
     0
 90
        2
176
     1
  1
strokes_ogs.tif
176
     1
290
     0
176
     1
 40
1.0
176
     1
 40
1.0
176
     1
  0
VISUALSTYLE
  5
FB
102
{ACAD_REACTORS
330
EF
102
}
330
EF
100
AcDbVisualStyle
  2
Brighten
 70
    12
177
     3
291
     1
 70
    58
 90
        2
176
     1
 90
        2
176
     1
 90
        1
176
     1
 90
        0
176
     1
 40
0.6
176
     1
 40
30.0
176
     1
 62
     7
420
 16777215
176
     1
 90
        1
176
     1
 90
        4
176
     1
 62
     7
176
     1
 62
   257
176
     1
 90
        1
176
     1
 90
        1
176
     1
 40
1.0
176
     1
 90
        8
176
     1
 62
     7
176
     1
 40
1.0
176
     1
 90
        1
176
     1
 90
        6
176
     1
 90
        2
176
     1
 62
     7
176
     1
 90
        5
176
     1
 90
        0
176
     1
 90
        0
176
     1
290
     0
176
     1
 90
        1
176
     1
 40
50.0
176
     1
 90
        0
176
     1
290
     0
176
     1
290
     1
176
     1
290
     1
176
     1
290
     0
176
     1
290
     0
176
     1
290
     0
176
     1
290
     0
176
     1
290
     0
176
     1
290
     0
176
     1
 90
       50
176
     1
 40
0.0
176
     1
 40
1.0
176
     1
 90
        0
176
     1
 62
    18
420
        0
176
     1
 90
       50
176
     1
 90
        3
176
     1
 62
     5
420
      255
176
     1
290
     0
176
     1
 90
       50
176
     1
 90
       50
176
     1
 90
       50
176
     1
290
     0
176
     1
 90
       50
176
     1
 62
   256
176
     0
 40
1.0
176
     0
 90
        2
176
     1
  1
strokes_ogs.tif
176
     1
290
     0
176
     1
 40
1.0
176
     1
 40
1.0
176
     1
  0
VISUALSTYLE
  5
FF
102
{ACAD_REACTORS
330
EF
102
}
330
EF
100
AcDbVisualStyle
  2
ColorChange
 70
    16
177
     3
291
     1
 70
    58
 90
        2
176
     1
 90
        2
176
     1
 90
        3
176
     1
 90
        0
176
     1
 40
0.6
176
     1
 40
30.0
176
     1
 62
     8
420
  8421504
176
     1
 90
        1
176
     1
 90
        4
176
     1
 62
     7
176
     1
 62
   257
176
     1
 90
        1
176
     1
 90
        1
176
     1
 40
1.0
176
     1
 90
        8
176
     1
 62
     8
420
  8421504
176
     1
 40
1.0
176
     1
 90
        1
176
     1
 90
        6
176
     1
 90
        2
176
     1
 62
     7
176
     1
 90
        5
176
     1
 90
        0
176
     1
 90
        0
176
     1
290
     0
176
     1
 90
        1
176
     1
 40
0.0
176
     1
 90
        0
176
     1
290
     0
176
     1
290
     1
176
     1
290
     1
176
     1
290
     0
176
     1
290
     0
176
     1
290
     0
176
     1
290
     0
176
     1
290
     0
176
     1
290
     0
176
     1
 90
       50
176
     1
 40
0.0
176
     1
 40
1.0
176
     1
 90
        0
176
     1
 62
    18
420
        0
176
     1
 90
       50
176
     1
 90
        3
176
     1
 62
     5
420
      255
176
     1
290
     0
176
     1
 90
       50
176
     1
 90
       50
176
     1
 90
       50
176
     1
290
     0
176
     1
 90
       50
176
     1
 62
   256
176
     0
 40
1.0
176
     0
 90
        2
176
     1
  1
strokes_ogs.tif
176
     1
290
     0
176
     1
 40
1.0
176
     1
 40
1.0
176
     1
  0
VISUALSTYLE
  5
F8
102
{ACAD_REACTORS
330
EF
102
}
330
EF
100
AcDbVisualStyle
  2
Conceptual
 70
     9
177
     3
291
     0
 70
    58
 90
        3
176
     1
 90
        2
176
     1
 90
        1
176
     1
 90
        0
176
     1
 40
0.6
176
     1
 40
30.0
176
     1
 62
     7
420
 16777215
176
     1
 90
        2
176
     1
 90
        2
176
     1
 62
     7
176
     1
 62
   257
176
     1
 90
        1
176
     1
 90
        1
176
     1
 40
40.0
176
     1
 90
        8
176
     1
 62
     7
176
     1
 40
1.0
176
     1
 90
        1
176
     1
 90
        6
176
     1
 90
        2
176
     1
 62
     7
176
     1
 90
        3
176
     1
 90
        0
176
     1
 90
        0
176
     1
290
     0
176
     1
 90
        1
176
     1
 40
0.0
176
     1
 90
        0
176
     1
290
     0
176
     1
290
     1
176
     1
290
     1
176
     1
290
     0
176
     1
290
     0
176
     1
290
     0
176
     1
290
     0
176
     1
290
     0
176
     1
290
     0
176
     1
 90
       50
176
     1
 40
0.0
176
     1
 40
1.0
176
     1
 90
        0
176
     1
 62
    18
420
        0
176
     1
 90
       50
176
     1
 90
        3
176
     1
 62
     5
420
      255
176
     1
290
     0
176
     1
 90
       50
176
     1
 90
       50
176
     1
 90
       50
176
     1
290
     0
176
     1
 90
       50
176
     1
 62
   256
176
     0
 40
1.0
176
     0
 90
        2
176
     1
  1
strokes_ogs.tif
176
     1
290
     0
176
     1
 40
1.0
176
     1
 40
1.0
176
     1
  0
VISUALSTYLE
  5
FA
102
{ACAD_REACTORS
330
EF
102
}
330
EF
100
AcDbVisualStyle
  2
Dim
 70
    11
177
     3
291
     1
 70
    58
 90
        2
176
     1
 90
        2
176
     1
 90
        1
176
     1
 90
        0
176
     1
 40
0.6
176
     1
 40
30.0
176
     1
 62
     7
420
 16777215
176
     1
 90
        1
176
     1
 90
        4
176
     1
 62
     7
176
     1
 62
   257
176
     1
 90
        1
176
     1
 90
        1
176
     1
 40
1.0
176
     1
 90
        8
176
     1
 62
     7
176
     1
 40
1.0
176
     1
 90
        1
176
     1
 90
        6
176
     1
 90
        2
176
     1
 62
     7
176
     1
 90
        5
176
     1
 90
        0
176
     1
 90
        0
176
     1
290
     0
176
     1
 90
        1
176
     1
 40
-50.0
176
     1
 90
        0
176
     1
290
     0
176
     1
290
     1
176
     1
290
     1
176
     1
290
     0
176
     1
290
     0
176
     1
290
     0
176
     1
290
     0
176
     1
290
     0
176
     1
290
     0
176
     1
 90
       50
176
     1
 40
0.0
176
     1
 40
1.0
176
     1
 90
        0
176
     1
 62
    18
420
        0
176
     1
 90
       50
176
     1
 90
        3
176
     1
 62
     5
420
      255
176
     1
290
     0
176
     1
 90
       50
176
     1
 90
       50
176
     1
 90
       50
176
     1
290
     0
176
     1
 90
       50
176
     1
 62
   256
176
     0
 40
1.0
176
     0
 90
        2
176
     1
  1
strokes_ogs.tif
176
     1
290
     0
176
     1
 40
1.0
176
     1
 40
1.0
176
     1
  0
VISUALSTYLE
  5
1E6
102
{ACAD_REACTORS
330
EF
102
}
330
EF
100
AcDbVisualStyle
  2
EdgeColorOff
 70
    22
177
     3
291
     1
 70
    58
 90
        2
176
     0
 90
        2
176
     0
 90
        0
176
     0
 90
        0
176
     0
 40
0.6
176
     0
 40
30.0
176
     0
 62
     7
420
 16777215
176
     0
 90
        1
176
     0
 90
        4
176
     0
 62
     7
176
     0
 62
   257
176
     0
 90
        1
176
     0
 90
        1
176
     0
 40
1.0
176
     0
 90
        8
176
     2
 62
     7
176
     0
 40
1.0
176
     0
 90
        1
176
     0
 90
        6
176
     0
 90
        2
176
     0
 62
     7
176
     0
 90
        5
176
     0
 90
        0
176
     0
 90
        0
176
     0
290
     0
176
     0
 90
        1
176
     0
 40
0.0
176
     0
 90
        0
176
     0
290
     0
176
     1
290
     1
176
     1
290
     1
176
     1
290
     0
176
     1
290
     0
176
     1
290
     0
176
     1
290
     0
176
     1
290
     0
176
     1
290
     0
176
     1
 90
       50
176
     1
 40
0.0
176
     1
 40
1.0
176
     1
 90
        0
176
     1
 62
    18
420
        0
176
     1
 90
       50
176
     1
 90
        3
176
     1
 62
     5
420
      255
176
     1
290
     0
176
     1
 90
       50
176
     1
 90
       50
176
     1
 90
       50
176
     1
290
     0
176
     1
 90
       50
176
     1
 62
   256
176
     0
 40
1.0
176
     0
 90
        2
176
     1
  1
strokes_ogs.tif
176
     1
290
     0
176
     1
 40
1.0
176
     1
 40
1.0
176
     1
  0
VISUALSTYLE
  5
FE
102
{ACAD_REACTORS
330
EF
102
}
330
EF
100
AcDbVisualStyle
  2
Facepattern
 70
    15
177
     3
291
     1
 70
    58
 90
        2
176
     1
 90
        2
176
     1
 90
        1
176
     1
 90
        0
176
     1
 40
0.6
176
     1
 40
30.0
176
     1
 62
     7
420
 16777215
176
     1
 90
        1
176
     1
 90
        4
176
     1
 62
     7
176
     1
 62
   257
176
     1
 90
        1
176
     1
 90
        1
176
     1
 40
1.0
176
     1
 90
        8
176
     1
 62
     7
176
     1
 40
1.0
176
     1
 90
        1
176
     1
 90
        6
176
     1
 90
        2
176
     1
 62
     7
176
     1
 90
        5
176
     1
 90
        0
176
     1
 90
        0
176
     1
290
     0
176
     1
 90
        1
176
     1
 40
0.0
176
     1
 90
        0
176
     1
290
     0
176
     1
290
     1
176
     1
290
     1
176
     1
290
     0
176
     1
290
     0
176
     1
290
     0
176
     1
290
     0
176
     1
290
     0
176
     1
290
     0
176
     1
 90
       50
176
     1
 40
0.0
176
     1
 40
1.0
176
     1
 90
        0
176
     1
 62
    18
420
        0
176
     1
 90
       50
176
     1
 90
        3
176
     1
 62
     5
420
      255
176
     1
290
     0
176
     1
 90
       50
176
     1
 90
       50
176
     1
 90
       50
176
     1
290
     0
176
     1
 90
       50
176
     1
 62
   256
176
     0
 40
1.0
176
     0
 90
        2
176
     1
  1
strokes_ogs.tif
176
     1
290
     0
176
     1
 40
1.0
176
     1
 40
1.0
176
     1
  0
VISUALSTYLE
  5
F0
102
{ACAD_REACTORS
330
EF
102
}
330
EF
100
AcDbVisualStyle
  2
Flat
 70
     0
177
     3
291
     1
 70
    58
 90
        2
176
     1
 90
        1
176
     1
 90
        1
176
     1
 90
        2
176
     1
 40
0.6
176
     1
 40
30.0
176
     1
 62
     7
420
 16777215
176
     1
 90
        0
176
     1
 90
        0
176
     1
 62
     7
176
     1
 62
   257
176
     1
 90
        1
176
     1
 90
        1
176
     1
 40
1.0
176
     1
 90
        8
176
     1
 62
     7
176
     1
 40
1.0
176
     1
 90
        1
176
     1
 90
        6
176
     1
 90
        2
176
     1
 62
     7
176
     1
 90
        5
176
     1
 90
        0
176
     1
 90
        0
176
     1
290
     0
176
     1
 90
       13
176
     1
 40
0.0
176
     1
 90
        0
176
     1
290
     0
176
     1
290
     1
176
     1
290
     1
176
     1
290
     0
176
     1
290
     0
176
     1
290
     0
176
     1
290
     0
176
     1
290
     0
176
     1
290
     0
176
     1
 90
       50
176
     1
 40
0.0
176
     1
 40
1.0
176
     1
 90
        0
176
     1
 62
    18
420
        0
176
     1
 90
       50
176
     1
 90
        3
176
     1
 62
     5
420
      255
176
     1
290
     0
176
     1
 90
       50
176
     1
 90
       50
176
     1
 90
       50
176
     1
290
     0
176
     1
 90
       50
176
     1
 62
   256
176
     0
 40
1.0
176
     0
 90
        2
176
     1
  1
strokes_ogs.tif
176
     1
290
     0
176
     1
 40
1.0
176
     1
 40
1.0
176
     1
  0
VISUALSTYLE
  5
F1
102
{ACAD_REACTORS
330
EF
102
}
330
EF
100
AcDbVisualStyle
  2
FlatWithEdges
 70
     1
177
     3
291
     1
 70
    58
 90
        2
176
     1
 90
        1
176
     1
 90
        1
176
     1
 90
        2
176
     1
 40
0.6
176
     1
 40
30.0
176
     1
 62
     7
420
 16777215
176
     1
 90
        1
176
     1
 90
        0
176
     1
 62
     7
176
     1
 62
   257
176
     1
 90
        1
176
     1
 90
        1
176
     1
 40
1.0
176
     1
 90
        0
176
     1
 62
   257
176
     1
 40
1.0
176
     1
 90
        1
176
     1
 90
        6
176
     1
 90
        2
176
     1
 62
     7
176
     1
 90
        5
176
     1
 90
        0
176
     1
 90
        0
176
     1
290
     0
176
     1
 90
       13
176
     1
 40
0.0
176
     1
 90
        0
176
     1
290
     0
176
     1
290
     1
176
     1
290
     1
176
     1
290
     0
176
     1
290
     0
176
     1
290
     0
176
     1
290
     0
176
     1
290
     0
176
     1
290
     0
176
     1
 90
       50
176
     1
 40
0.0
176
     1
 40
1.0
176
     1
 90
        0
176
     1
 62
    18
420
        0
176
     1
 90
       50
176
     1
 90
        3
176
     1
 62
     5
420
      255
176
     1
290
     0
176
     1
 90
       50
176
     1
 90
       50
176
     1
 90
       50
176
     1
290
     0
176
     1
 90
       50
176
     1
 62
   256
176
     0
 40
1.0
176
     0
 90
        2
176
     1
  1
strokes_ogs.tif
176
     1
290
     0
176
     1
 40
1.0
176
     1
 40
1.0
176
     1
  0
VISUALSTYLE
  5
F2
102
{ACAD_REACTORS
330
EF
102
}
330
EF
100
AcDbVisualStyle
  2
Gouraud
 70
     2
177
     3
291
     1
 70
    58
 90
        2
176
     1
 90
        2
176
     1
 90
        1
176
     1
 90
        2
176
     1
 40
0.6
176
     1
 40
30.0
176
     1
 62
     7
420
 16777215
176
     1
 90
        0
176
     1
 90
        0
176
     1
 62
     7
176
     1
 62
   257
176
     1
 90
        1
176
     1
 90
        1
176
     1
 40
1.0
176
     1
 90
        0
176
     1
 62
     7
176
     1
 40
1.0
176
     1
 90
        1
176
     1
 90
        6
176
     1
 90
        2
176
     1
 62
     7
176
     1
 90
        5
176
     1
 90
        0
176
     1
 90
        0
176
     1
290
     0
176
     1
 90
       13
176
     1
 40
0.0
176
     1
 90
        0
176
     1
290
     0
176
     1
290
     1
176
     1
290
     1
176
     1
290
     0
176
     1
290
     0
176
     1
290
     0
176
     1
290
     0
176
     1
290
     0
176
     1
290
     0
176
     1
 90
       50
176
     1
 40
0.0
176
     1
 40
1.0
176
     1
 90
        0
176
     1
 62
    18
420
        0
176
     1
 90
       50
176
     1
 90
        3
176
     1
 62
     5
420
      255
176
     1
290
     0
176
     1
 90
       50
176
     1
 90
       50
176
     1
 90
       50
176
     1
290
     0
176
     1
 90
       50
176
     1
 62
   256
176
     0
 40
1.0
176
     0
 90
        2
176
     1
  1
strokes_ogs.tif
176
     1
290
     0
176
     1
 40
1.0
176
     1
 40
1.0
176
     1
  0
VISUALSTYLE
  5
F3
102
{ACAD_REACTORS
330
EF
102
}
330
EF
100
AcDbVisualStyle
  2
GouraudWithEdges
 70
     3
177
     3
291
     1
 70
    58
 90
        2
176
     1
 90
        2
176
     1
 90
        1
176
     1
 90
        2
176
     1
 40
0.6
176
     1
 40
30.0
176
     1
 62
     7
420
 16777215
176
     1
 90
        1
176
     1
 90
        0
176
     1
 62
     7
176
     1
 62
   257
176
     1
 90
        1
176
     1
 90
        1
176
     1
 40
1.0
176
     1
 90
        0
176
     1
 62
   257
176
     1
 40
1.0
176
     1
 90
        1
176
     1
 90
        6
176
     1
 90
        2
176
     1
 62
     7
176
     1
 90
        5
176
     1
 90
        0
176
     1
 90
        0
176
     1
290
     0
176
     1
 90
       13
176
     1
 40
0.0
176
     1
 90
        0
176
     1
290
     0
176
     1
290
     1
176
     1
290
     1
176
     1
290
     0
176
     1
290
     0
176
     1
290
     0
176
     1
290
     0
176
     1
290
     0
176
     1
290
     0
176
     1
 90
       50
176
     1
 40
0.0
176
     1
 40
1.0
176
     1
 90
        0
176
     1
 62
    18
420
        0
176
     1
 90
       50
176
     1
 90
        3
176
     1
 62
     5
420
      255
176
     1
290
     0
176
     1
 90
       50
176
     1
 90
       50
176
     1
 90
       50
176
     1
290
     0
176
     1
 90
       50
176
     1
 62
   256
176
     0
 40
1.0
176
     0
 90
        2
176
     1
  1
strokes_ogs.tif
176
     1
290
     0
176
     1
 40
1.0
176
     1
 40
1.0
176
     1
  0
VISUALSTYLE
  5
F7
102
{ACAD_REACTORS
330
EF
102
}
330
EF
100
AcDbVisualStyle
  2
Hidden
 70
     6
177
     3
291
     0
 70
    58
 90
        1
176
     1
 90
        2
176
     1
 90
        2
176
     1
 90
        0
176
     1
 40
0.6
176
     1
 40
30.0
176
     1
 62
     7
420
 16777215
176
     1
 90
        2
176
     1
 90
        2
176
     1
 62
     7
176
     1
 62
   257
176
     1
 90
        2
176
     1
 90
        1
176
     1
 40
40.0
176
     1
 90
        0
176
     1
 62
   257
176
     1
 40
1.0
176
     1
 90
        1
176
     1
 90
        6
176
     1
 90
        2
176
     1
 62
     7
176
     1
 90
        3
176
     1
 90
        0
176
     1
 90
        0
176
     1
290
     0
176
     1
 90
        1
176
     1
 40
0.0
176
     1
 90
        0
176
     1
290
     0
176
     1
290
     1
176
     1
290
     1
176
     1
290
     0
176
     1
290
     0
176
     1
290
     0
176
     1
290
     0
176
     1
290
     0
176
     1
290
     0
176
     1
 90
       50
176
     1
 40
0.0
176
     1
 40
1.0
176
     1
 90
        0
176
     1
 62
    18
420
        0
176
     1
 90
       50
176
     1
 90
        3
176
     1
 62
     5
420
      255
176
     1
290
     0
176
     1
 90
       50
176
     1
 90
       50
176
     1
 90
       50
176
     1
290
     0
176
     1
 90
       50
176
     1
 62
   256
176
     0
 40
1.0
176
     0
 90
        2
176
     1
  1
strokes_ogs.tif
176
     1
290
     0
176
     1
 40
1.0
176
     1
 40
1.0
176
     1
  0
VISUALSTYLE
  5
1E4
102
{ACAD_REACTORS
330
EF
102
}
330
EF
100
AcDbVisualStyle
  2
JitterOff
 70
    20
177
     3
291
     1
 70
    58
 90
        2
176
     0
 90
        2
176
     0
 90
        0
176
     0
 90
        0
176
     0
 40
0.6
176
     0
 40
30.0
176
     0
 62
     7
420
 16777215
176
     0
 90
        1
176
     0
 90
        4
176
     0
 62
     7
176
     0
 62
   257
176
     0
 90
        1
176
     0
 90
        1
176
     0
 40
1.0
176
     0
 90
       10
176
     2
 62
     7
176
     0
 40
1.0
176
     0
 90
        1
176
     0
 90
        6
176
     0
 90
        2
176
     0
 62
     7
176
     0
 90
        5
176
     0
 90
        0
176
     0
 90
        0
176
     0
290
     0
176
     0
 90
        1
176
     0
 40
0.0
176
     0
 90
        0
176
     0
290
     0
176
     1
290
     1
176
     1
290
     1
176
     1
290
     0
176
     1
290
     0
176
     1
290
     0
176
     1
290
     0
176
     1
290
     0
176
     1
290
     0
176
     1
 90
       50
176
     1
 40
0.0
176
     1
 40
1.0
176
     1
 90
        0
176
     1
 62
    18
420
        0
176
     1
 90
       50
176
     1
 90
        3
176
     1
 62
     5
420
      255
176
     1
290
     0
176
     1
 90
       50
176
     1
 90
       50
176
     1
 90
       50
176
     1
290
     0
176
     1
 90
       50
176
     1
 62
   256
176
     0
 40
1.0
176
     0
 90
        2
176
     1
  1
strokes_ogs.tif
176
     1
290
     0
176
     1
 40
1.0
176
     1
 40
1.0
176
     1
  0
VISUALSTYLE
  5
FD
102
{ACAD_REACTORS
330
EF
102
}
330
EF
100
AcDbVisualStyle
  2
Linepattern
 70
    14
177
     3
291
     1
 70
    58
 90
        2
176
     1
 90
        2
176
     1
 90
        1
176
     1
 90
        0
176
     1
 40
0.6
176
     1
 40
30.0
176
     1
 62
     7
420
 16777215
176
     1
 90
        1
176
     1
 90
        4
176
     1
 62
     7
176
     1
 62
   257
176
     1
 90
        7
176
     1
 90
        7
176
     1
 40
1.0
176
     1
 90
        8
176
     1
 62
     7
176
     1
 40
1.0
176
     1
 90
        1
176
     1
 90
        6
176
     1
 90
        2
176
     1
 62
     7
176
     1
 90
        5
176
     1
 90
        0
176
     1
 90
        0
176
     1
290
     0
176
     1
 90
        1
176
     1
 40
0.0
176
     1
 90
        0
176
     1
290
     0
176
     1
290
     1
176
     1
290
     1
176
     1
290
     0
176
     1
290
     0
176
     1
290
     0
176
     1
290
     0
176
     1
290
     0
176
     1
290
     0
176
     1
 90
       50
176
     1
 40
0.0
176
     1
 40
1.0
176
     1
 90
        0
176
     1
 62
    18
420
        0
176
     1
 90
       50
176
     1
 90
        3
176
     1
 62
     5
420
      255
176
     1
290
     0
176
     1
 90
       50
176
     1
 90
       50
176
     1
 90
       50
176
     1
290
     0
176
     1
 90
       50
176
     1
 62
   256
176
     0
 40
1.0
176
     0
 90
        2
176
     1
  1
strokes_ogs.tif
176
     1
290
     0
176
     1
 40
1.0
176
     1
 40
1.0
176
     1
  0
VISUALSTYLE
  5
1E5
102
{ACAD_REACTORS
330
EF
102
}
330
EF
100
AcDbVisualStyle
  2
OverhangOff
 70
    21
177
     3
291
     1
 70
    58
 90
        2
176
     0
 90
        2
176
     0
 90
        0
176
     0
 90
        0
176
     0
 40
0.6
176
     0
 40
30.0
176
     0
 62
     7
420
 16777215
176
     0
 90
        1
176
     0
 90
        4
176
     0
 62
     7
176
     0
 62
   257
176
     0
 90
        1
176
     0
 90
        1
176
     0
 40
1.0
176
     0
 90
        9
176
     2
 62
     7
176
     0
 40
1.0
176
     0
 90
        1
176
     0
 90
        6
176
     0
 90
        2
176
     0
 62
     7
176
     0
 90
        5
176
     0
 90
        0
176
     0
 90
        0
176
     0
290
     0
176
     0
 90
        1
176
     0
 40
0.0
176
     0
 90
        0
176
     0
290
     0
176
     1
290
     1
176
     1
290
     1
176
     1
290
     0
176
     1
290
     0
176
     1
290
     0
176
     1
290
     0
176
     1
290
     0
176
     1
290
     0
176
     1
 90
       50
176
     1
 40
0.0
176
     1
 40
1.0
176
     1
 90
        0
176
     1
 62
    18
420
        0
176
     1
 90
       50
176
     1
 90
        3
176
     1
 62
     5
420
      255
176
     1
290
     0
176
     1
 90
       50
176
     1
 90
       50
176
     1
 90
       50
176
     1
290
     0
176
     1
 90
       50
176
     1
 62
   256
176
     0
 40
1.0
176
     0
 90
        2
176
     1
  1
strokes_ogs.tif
176
     1
290
     0
176
     1
 40
1.0
176
     1
 40
1.0
176
     1
  0
VISUALSTYLE
  5
F9
102
{ACAD_REACTORS
330
EF
102
}
330
EF
100
AcDbVisualStyle
  2
Realistic
 70
     8
177
     3
291
     0
 70
    58
 90
        2
176
     1
 90
        3
176
     1
 90
        0
176
     1
 90
        2
176
     1
 40
0.6
176
     1
 40
30.0
176
     1
 62
     7
420
 16777215
176
     1
 90
        0
176
     1
 90
        0
176
     1
 62
     7
176
     1
 62
   257
176
     1
 90
        1
176
     1
 90
        1
176
     1
 40
1.0
176
     1
 90
        8
176
     1
 62
   257
176
     1
 40
1.0
176
     1
 90
        1
176
     1
 90
        6
176
     1
 90
        2
176
     1
 62
     7
176
     1
 90
        3
176
     1
 90
        0
176
     1
 90
        0
176
     1
290
     0
176
     1
 90
       13
176
     1
 40
0.0
176
     1
 90
        0
176
     1
290
     0
176
     1
290
     1
176
     1
290
     1
176
     1
290
     0
176
     1
290
     0
176
     1
290
     0
176
     1
290
     0
176
     1
290
     0
176
     1
290
     0
176
     1
 90
       50
176
     1
 40
0.0
176
     1
 40
1.0
176
     1
 90
        0
176
     1
 62
    18
420
        0
176
     1
 90
       50
176
     1
 90
        3
176
     1
 62
     5
420
      255
176
     1
290
     0
176
     1
 90
       50
176
     1
 90
       50
176
     1
 90
       50
176
     1
290
     0
176
     1
 90
       50
176
     1
 62
   256
176
     0
 40
1.0
176
     0
 90
        2
176
     1
  1
strokes_ogs.tif
176
     1
290
     0
176
     1
 40
1.0
176
     1
 40
1.0
176
     1
  0
VISUALSTYLE
  5
1F3
102
{ACAD_REACTORS
330
EF
102
}
330
EF
100
AcDbVisualStyle
  2
Shaded
 70
    27
177
     3
291
     0
 70
    58
 90
        2
176
     1
 90
        2
176
     1
 90
        1
176
     1
 90
        2
176
     1
 40
0.6
176
     1
 40
30.0
176
     1
 62
     7
420
 16777215
176
     1
 90
        0
176
     1
 90
        4
176
     1
 62
     7
176
     1
 62
   257
176
     1
 90
        1
176
     1
 90
        1
176
     1
 40
1.0
176
     1
 90
        8
176
     1
 62
   257
176
     1
 40
1.0
176
     1
 90
        1
176
     1
 90
        6
176
     1
 90
        2
176
     1
 62
     8
420
  7895160
176
     1
 90
        3
176
     1
 90
        0
176
     1
 90
        0
176
     1
290
     0
176
     1
 90
        5
176
     1
 40
0.0
176
     1
 90
        0
176
     1
290
     0
176
     1
290
     1
176
     1
290
     1
176
     1
290
     0
176
     1
290
     0
176
     1
290
     0
176
     1
290
     0
176
     1
290
     0
176
     1
290
     0
176
     1
 90
       50
176
     1
 40
0.0
176
     1
 40
1.0
176
     1
 90
        0
176
     1
 62
    18
420
        0
176
     1
 90
       50
176
     1
 90
        3
176
     1
 62
     5
420
      255
176
     1
290
     0
176
     1
 90
       50
176
     1
 90
       50
176
     1
 90
       50
176
     1
290
     0
176
     1
 90
       50
176
     1
 62
   256
176
     0
 40
1.0
176
     0
 90
        2
176
     1
  1
strokes_ogs.tif
176
     1
290
     0
176
     1
 40
1.0
176
     1
 40
1.0
176
     1
  0
VISUALSTYLE
  5
1F2
102
{ACAD_REACTORS
330
EF
102
}
330
EF
100
AcDbVisualStyle
  2
Shaded with edges
 70
    26
177
     3
291
     0
 70
    58
 90
        2
176
     1
 90
        2
176
     1
 90
        1
176
     1
 90
        2
176
     1
 40
0.6
176
     1
 40
30.0
176
     1
 62
     7
420
 16777215
176
     1
 90
        1
176
     1
 90
        2
176
     1
 62
     7
176
     1
 62
   257
176
     1
 90
        2
176
     1
 90
        1
176
     1
 40
1.0
176
     1
 90
        8
176
     1
 62
   257
176
     1
 40
1.0
176
     1
 90
        1
176
     1
 90
        6
176
     1
 90
        2
176
     1
 62
     7
176
     1
 90
        3
176
     1
 90
        0
176
     1
 90
        0
176
     1
290
     0
176
     1
 90
        5
176
     1
 40
0.0
176
     1
 90
        0
176
     1
290
     0
176
     1
290
     1
176
     1
290
     1
176
     1
290
     0
176
     1
290
     0
176
     1
290
     0
176
     1
290
     0
176
     1
290
     0
176
     1
290
     0
176
     1
 90
       50
176
     1
 40
0.0
176
     1
 40
1.0
176
     1
 90
        0
176
     1
 62
    18
420
        0
176
     1
 90
       50
176
     1
 90
        3
176
     1
 62
     5
420
      255
176
     1
290
     0
176
     1
 90
       50
176
     1
 90
       50
176
     1
 90
       50
176
     1
290
     0
176
     1
 90
       50
176
     1
 62
   256
176
     0
 40
1.0
176
     0
 90
        2
176
     1
  1
strokes_ogs.tif
176
     1
290
     0
176
     1
 40
1.0
176
     1
 40
1.0
176
     1
  0
VISUALSTYLE
  5
1EF
102
{ACAD_REACTORS
330
EF
102
}
330
EF
100
AcDbVisualStyle
  2
Shades of Gray
 70
    23
177
     3
291
     0
 70
    58
 90
        2
176
     1
 90
        2
176
     1
 90
        3
176
     1
 90
        0
176
     1
 40
0.6
176
     1
 40
30.0
176
     1
 62
     7
420
 16777215
176
     1
 90
        2
176
     1
 90
        2
176
     1
 62
     7
176
     1
 62
     7
176
     1
 90
        1
176
     1
 90
        1
176
     1
 40
40.0
176
     1
 90
        8
176
     1
 62
     7
176
     1
 40
1.0
176
     1
 90
        1
176
     1
 90
        6
176
     1
 90
        2
176
     1
 62
     7
176
     1
 90
        3
176
     1
 90
        0
176
     1
 90
        0
176
     1
290
     0
176
     1
 90
        1
176
     1
 40
0.0
176
     1
 90
        0
176
     1
290
     0
176
     1
290
     1
176
     1
290
     1
176
     1
290
     0
176
     1
290
     0
176
     1
290
     0
176
     1
290
     0
176
     1
290
     0
176
     1
290
     0
176
     1
 90
       50
176
     1
 40
0.0
176
     1
 40
1.0
176
     1
 90
        0
176
     1
 62
    18
420
        0
176
     1
 90
       50
176
     1
 90
        3
176
     1
 62
     5
420
      255
176
     1
290
     0
176
     1
 90
       50
176
     1
 90
       50
176
     1
 90
       50
176
     1
290
     0
176
     1
 90
       50
176
     1
 62
   256
176
     0
 40
1.0
176
     0
 90
        2
176
     1
  1
strokes_ogs.tif
176
     1
290
     0
176
     1
 40
1.0
176
     1
 40
1.0
176
     1
  0
VISUALSTYLE
  5
1F0
102
{ACAD_REACTORS
330
EF
102
}
330
EF
100
AcDbVisualStyle
  2
Sketchy
 70
    24
177
     3
291
     0
 70
    58
 90
        1
176
     1
 90
        2
176
     1
 90
        2
176
     1
 90
        0
176
     1
 40
0.6
176
     1
 40
30.0
176
     1
 62
     7
420
 16777215
176
     1
 90
        2
176
     1
 90
        2
176
     1
 62
     7
176
     1
 62
     7
176
     1
 90
        1
176
     1
 90
        1
176
     1
 40
40.0
176
     1
 90
       11
176
     1
 62
     7
176
     1
 40
1.0
176
     1
 90
        1
176
     1
 90
        6
176
     1
 90
        2
176
     1
 62
     7
176
     1
 90
        6
176
     1
 90
        0
176
     1
 90
        0
176
     1
290
     0
176
     1
 90
        1
176
     1
 40
0.0
176
     1
 90
        0
176
     1
290
     0
176
     1
290
     1
176
     1
290
     1
176
     1
290
     0
176
     1
290
     0
176
     1
290
     0
176
     1
290
     0
176
     1
290
     0
176
     1
290
     0
176
     1
 90
       50
176
     1
 40
0.0
176
     1
 40
1.0
176
     1
 90
        0
176
     1
 62
    18
420
        0
176
     1
 90
       50
176
     1
 90
        3
176
     1
 62
     5
420
      255
176
     1
290
     0
176
     1
 90
       50
176
     1
 90
       50
176
     1
 90
       50
176
     1
290
     0
176
     1
 90
       50
176
     1
 62
   256
176
     0
 40
1.0
176
     0
 90
        2
176
     1
  1
strokes_ogs.tif
176
     1
290
     0
176
     1
 40
1.0
176
     1
 40
1.0
176
     1
  0
VISUALSTYLE
  5
FC
102
{ACAD_REACTORS
330
EF
102
}
330
EF
100
AcDbVisualStyle
  2
Thicken
 70
    13
177
     3
291
     1
 70
    58
 90
        2
176
     1
 90
        2
176
     1
 90
        1
176
     1
 90
        0
176
     1
 40
0.6
176
     1
 40
30.0
176
     1
 62
     7
420
 16777215
176
     1
 90
        1
176
     1
 90
        4
176
     1
 62
     7
176
     1
 62
   257
176
     1
 90
        1
176
     1
 90
        1
176
     1
 40
1.0
176
     1
 90
       12
176
     1
 62
     7
176
     1
 40
1.0
176
     1
 90
        1
176
     1
 90
        6
176
     1
 90
        2
176
     1
 62
     7
176
     1
 90
        5
176
     1
 90
        0
176
     1
 90
        0
176
     1
290
     0
176
     1
 90
        1
176
     1
 40
0.0
176
     1
 90
        0
176
     1
290
     0
176
     1
290
     1
176
     1
290
     1
176
     1
290
     0
176
     1
290
     0
176
     1
290
     0
176
     1
290
     0
176
     1
290
     0
176
     1
290
     0
176
     1
 90
       50
176
     1
 40
0.0
176
     1
 40
1.0
176
     1
 90
        0
176
     1
 62
    18
420
        0
176
     1
 90
       50
176
     1
 90
        3
176
     1
 62
     5
420
      255
176
     1
290
     0
176
     1
 90
       50
176
     1
 90
       50
176
     1
 90
       50
176
     1
290
     0
176
     1
 90
       50
176
     1
 62
   256
176
     0
 40
1.0
176
     0
 90
        2
176
     1
  1
strokes_ogs.tif
176
     1
290
     0
176
     1
 40
1.0
176
     1
 40
1.0
176
     1
  0
VISUALSTYLE
  5
F6
102
{ACAD_REACTORS
330
EF
102
}
330
EF
100
AcDbVisualStyle
  2
Wireframe
 70
     5
177
     3
291
     0
 70
    58
 90
        0
176
     1
 90
        2
176
     1
 90
        0
176
     1
 90
        0
176
     1
 40
0.6
176
     1
 40
30.0
176
     1
 62
     7
420
 16777215
176
     1
 90
        1
176
     1
 90
        4
176
     1
 62
     7
176
     1
 62
   257
176
     1
 90
        1
176
     1
 90
        1
176
     1
 40
1.0
176
     1
 90
        0
176
     1
 62
   257
176
     1
 40
1.0
176
     1
 90
        1
176
     1
 90
        6
176
     1
 90
        2
176
     1
 62
     7
176
     1
 90
        3
176
     1
 90
        0
176
     1
 90
        0
176
     1
290
     0
176
     1
 90
        1
176
     1
 40
0.0
176
     1
 90
        0
176
     1
290
     0
176
     1
290
     1
176
     1
290
     1
176
     1
290
     0
176
     1
290
     0
176
     1
290
     0
176
     1
290
     0
176
     1
290
     0
176
     1
290
     0
176
     1
 90
       50
176
     1
 40
0.0
176
     1
 40
1.0
176
     1
 90
        0
176
     1
 62
    18
420
        0
176
     1
 90
       50
176
     1
 90
        3
176
     1
 62
     5
420
      255
176
     1
290
     0
176
     1
 90
       50
176
     1
 90
       50
176
     1
 90
       50
176
     1
290
     0
176
     1
 90
       50
176
     1
 62
   256
176
     0
 40
1.0
176
     0
 90
        2
176
     1
  1
strokes_ogs.tif
176
     1
290
     0
176
     1
 40
1.0
176
     1
 40
1.0
176
     1
  0
VISUALSTYLE
  5
1F1
102
{ACAD_REACTORS
330
EF
102
}
330
EF
100
AcDbVisualStyle
  2
X-Ray
 70
    25
177
     3
291
     0
 70
    58
 90
        2
176
     1
 90
        2
176
     1
 90
        1
176
     1
 90
        1
176
     1
 40
0.5
176
     1
 40
30.0
176
     1
 62
     7
420
 16777215
176
     1
 90
        1
176
     1
 90
        0
176
     1
 62
     7
176
     1
 62
   257
176
     1
 90
        1
176
     1
 90
        1
176
     1
 40
1.0
176
     1
 90
        8
176
     1
 62
     7
176
     1
 40
1.0
176
     1
 90
        1
176
     1
 90
        6
176
     1
 90
        2
176
     1
 62
     7
176
     1
 90
        3
176
     1
 90
        0
176
     1
 90
        0
176
     1
290
     0
176
     1
 90
       13
176
     1
 40
0.0
176
     1
 90
        0
176
     1
290
     0
176
     1
290
     1
176
     1
290
     1
176
     1
290
     0
176
     1
290
     0
176
     1
290
     0
176
     1
290
     0
176
     1
290
     0
176
     1
290
     0
176
     1
 90
       50
176
     1
 40
0.0
176
     1
 40
1.0
176
     1
 90
        0
176
     1
 62
    18
420
        0
176
     1
 90
       50
176
     1
 90
        3
176
     1
 62
     5
420
      255
176
     1
290
     0
176
     1
 90
       50
176
     1
 90
       50
176
     1
 90
       50
176
     1
290
     0
176
     1
 90
       50
176
     1
 62
   256
176
     0
 40
1.0
176
     0
 90
        2
176
     1
  1
strokes_ogs.tif
176
     1
290
     0
176
     1
 40
1.0
176
     1
 40
1.0
176
     1
  0
DICTIONARYVAR
  5
146
102
{ACAD_REACTORS
330
5E
102
}
330
5E
100
DictionaryVariables
280
     0
  1
1:1
  0
DICTIONARYVAR
  5
259
102
{ACAD_REACTORS
330
5E
102
}
330
5E
100
DictionaryVariables
280
     0
  1
3.500000
  0
DICTIONARYVAR
  5
25A
102
{ACAD_REACTORS
330
5E
102
}
330
5E
100
DictionaryVariables
280
     0
  1
acadiso.lin
  0
DICTIONARYVAR
  5
145
102
{ACAD_REACTORS
330
5E
102
}
330
5E
100
DictionaryVariables
280
     0
  1
STANDARD
  0
DICTIONARYVAR
  5
84
102
{ACAD_REACTORS
330
5E
102
}
330
5E
100
DictionaryVariables
280
     0
  1
STANDARD
  0
DICTIONARYVAR
  5
227
102
{ACAD_REACTORS
330
5E
102
}
330
5E
100
DictionaryVariables
280
     0
  1
Metric50
  0
DICTIONARYVAR
  5
228
102
{ACAD_REACTORS
330
5E
102
}
330
5E
100
DictionaryVariables
280
     0
  1
Metric50
  0
DICTIONARYVAR
  5
5F
102
{ACAD_REACTORS
330
5E
102
}
330
5E
100
DictionaryVariables
280
     0
  1
2
  0
DICTIONARYVAR
  5
63
102
{ACAD_REACTORS
330
5E
102
}
330
5E
100
DictionaryVariables
280
     0
  1
1
  0
DICTIONARYVAR
  5
1AE
102
{ACAD_REACTORS
330
5E
102
}
330
5E
100
DictionaryVariables
280
     0
  1
0
  0
DICTIONARYVAR
  5
1AF
102
{ACAD_REACTORS
330
5E
102
}
330
5E
100
DictionaryVariables
280
     0
  1
0
  0
DICTIONARY
  5
205
330
22
100
AcDbDictionary
280
     1
281
     1
  0
DICTIONARY
  5
1F9
330
ED
100
AcDbDictionary
280
     1
281
     1
  3
FBXASSET
360
1FA
  0
DICTIONARY
  5
1F7
330
EC
100
AcDbDictionary
280
     1
281
     1
  3
FBXASSET
360
1F8
  0
DICTIONARY
  5
173
330
EE
100
AcDbDictionary
280
     1
281
     1
  3
BUMPTILE
360
175
  3
DIFFUSETILE
360
174
  3
FBXASSET
360
1FB
  3
OPACITYTILE
360
176
  3
REFLECTIONTILE
360
177
  0
DICTIONARY
  5
162
330
7F
100
AcDbDictionary
280
     1
281
     1
  3
ACAD_ROUNDTRIP_2008_TABLESTYLE_CELLSTYLEMAP
360
821C
  0
XRECORD
  5
1FA
102
{ACAD_REACTORS
330
1F9
102
}
330
1F9
100
AcDbXrecord
280
     1
 70
     1
 90
429727718
  1
D62C5603-E3A1-4AEA-B7FB-FE5D8D0755AF
310
504B03040A0000080000CC70623B3DEE336E79000000790000001B0000006175746F6465736B2D64657369676E2D7061636B6167652E786D6C3C3F786D6C2076657273696F6E3D22312E302220656E636F64696E673D227574662D3822203F3E3C666F726D6174733E3C666F726D61743E687474703A2F2F736368656D612E
310
6175746F6465736B2E636F6D2F64657369676E2D7061636B6167652F323030393C2F666F726D61743E3C2F666F726D6174733E504B0304140006080800CC70623BD486FD9CA0000000F4000000130000005B436F6E74656E745F54797065735D2E786D6C7D8EC10E82300C865F65E91D8A1E8C310C0EEA1BF002731658846E
310
D98AC1B77784ABF1D8FE5FBFBF75BBCE937A534CCEB38643598122B6FEE978D0B0485F9C41B54DDD7D022595594E1A469170414C76A4D9A4D207E29CF43ECE46F218070CC6BECC4078ACAA135ACF422C856C0E68EA1BF5669944DDD7BCDE7B1F8E415D77AECB980613C2E4AC91FC167A2B244592486606FC29C8FD7F045B9A
310
EF7053A7E60B504B0304140006080800CC70623B853B8169EB0000007C01000008000000636F72652E786D6C8D90416EC3201045AF62CDB6C206821CC7C244919D9CA01740401C94182C03558F5F9C3852BBEB6A467FFE9B197D7EFC9E1EC5975982F5AE035262288C535E5B377690E21535501C055FBC8FBF6C503839990E
310
5619041F179FE64D52DE45E362569DD7661365082642A11EB9E920A89B99642953CC8E702F67A9EE7234257977194EC9EAE275C4EABCCF5EAD5940D4AC6F0E35A568B8F43562CD7046CD199FD07E60174276A7BE677B5EADB0E0D14EEFFB6A31321A0D82627C4084204C3F096B71DD52F6819B16635EADF63F509AF53FA164
310
5DDCD1EDDD17164090FCC8732078B56691CB33A85CD7DCC40F504B0304140006080800CC70623B55019EA25F0000007C00000007000000636E782E786D6C4DCB3B0E80201045D1AD90E915ED2CF8AC45050C11660C8261F98AB1B07AC9C97D42D718D865D3E909258CFD00CCE24AC6E326A164D74DC0B4128928FF32603847
310
2BA13128B1252AC747C6BAB984FC68F0B87FE8960A5C09FE86CFB69FBA01504B0304140006080800CC70623BDBABAAF470010000D40300000C0000006662782F636F72652E786D6CC553D16E823014FD95A6AF4B694182CC941A83FA05FB810A9511A125A5257EFE2E82712ECEB8A7F100CD39F7F69E734AF9FADC366850B6
310
AF8DCE7018308C942E4C59EB2AC3DE1D498AD15A706B8CFB56869196ADCAF00863C12B6B7C374385D14E6907A836A59A41D9F7CA615434B0C8705F7CAA5606D23BA8E84F41278B93AC54100640439DE0BDB320004D43C63716C7C399D30917DCFBBA9CD9BA8469F5B156168B24CED3F7248AC8769F27244EB73B92EED8862C
310
B7F13E0C179B3C8F979C8ECD82BBBABDAA2BAC924E9558448CBD9330242CFA08E3154B5651FCC6D215639C8EE5774DBE2B5F6CF2B5768B68963BB5F5588420E442FC700B1139D4CB01F450C1E918227C2E09DF070D8140C84E1E9AAB8F1340832A9CB13130A5F1376A908D57309505ECF2A0DF179C4E9D30F5B239B87E3823
310
7A79C6F31DE1A8A5AEC08474B03C7837EAE4938639B44E5932B833D2C6B6B279CDC613877FA26EE21F4A2A4C63EC7F29A2F301D1F9F7A0E37D145F504B0304140006080800CC70623B9C113CC27E0000009D0000000B0000006662782F636E782E786D6C4DCCDF0A83201C86E15B91DFB94BFB330DD428C8FB886521330DA7
310
6397BF1A1DECE883878F57749FCDA1B7892F1BBC047A23808C7F84D9FA55424E0BE6803A256208E9EF06C84F9B91703228B1C690F78B66B34CD9A5439DF5CF0BFBF65E35BCA1B8D6A5C6F540381E886698B5741C695F9503EBA150A2F8958E3DC3EA0B504B0304140006080800CC70623B7DF2F77C2A010000120200003100
310
00006662782F41393633353835312D344632462D344230382D423046372D3739314545314133324237412F636F72652E786D6C8D51DB8EC22014FC15C2939B0D2DB4B45643319AE817EC0F6041255A68B86CFCFC856D4D76DF7CE190393373060EDB3DC707F856CE6B6B7A480A0C81328395DA5C7B18C3057510EC3873D686
310
3F34088C18550F330C39BB3A1BA7051AAC09CA84841A2BD5020AEF55806078A44B0FFD7053A328440C89E1EFC52486BBB8AA8214A99D789CF9E05200300FC927E4FB4D5B375D43103D5527440FB843077C5AA3F5861C8F645F5787F59E95B390B318B55CE45AA638FAA2957BD7248B390B7A7CC51F9C124149C82B8C378810
310
84AB2F42B7B8DD56F413775B8C5999E9FF4471926F8AA236A1AE96B8B3CC434E5839373893369E1FAF30EA395917409EB7F26AF8801C171837A4A6AC9C89E9F9C9B1A58BA30FD6A5EF5DDDCF894B9AD9B6A59C957943A9FCAE2FD5BC4DFE03504B0304140006080800CC70623BAD7543B64E01000033030000300000006662
310
782F41393633353835312D344632462D344230382D423046372D3739314545314133324237412F636E782E786D6CD593CD6EC32010845F0571AD6CE3D48AD20813A9873E410FBD12D82434182C7EAAE6EDBB2424CD25871E7B41D6EC30B3FA84F9E67BB2E40B4234DE8DB46F1925E094D7C6ED479AD3AE5951B2113C789FEE
310
6C943839C1488B4C05DF079FE72A69D8C96C13AAD6B8631503449F83828872B949AC57D26200B826A308D316B4064D6E46FCDA41C05550DC9E483A00797BFD207EFB092A45DE9514C1BBD22178396BD39D891265658C238DEA00936C654E5E433CB65A26D9F6EDB5EBC14EBF49A45CB856E66048291F6939A9A81BB5C89177
310
38143CA680F4AA299D66A042CEB3354A2684DC9D8D178FE0D9B8B41CAAD720F880EE7EF93C0C18769E099ECC04D5A102C8049A8A05632F4DDF376CF1DE0F6BB65C2F8627B65A33C6BB62177CEBBDAD973006829F89F22E814B54F4BC2BE347F8AA8F681390B50FA73F804400B5F542E796F19FF974E7F78DB802FE05E20750
310
4B0304140006080800CC70623BE75B7789680500003C100000340000006662782F41393633353835312D344632462D344230382D423046372D3739314545314133324237412F6F626A656374732E786D6CAD575B8F9B3818FD2B887D06C22499CB8AA1CA655245D5B455A356FB305264C061D8018C6C3393D95FBFC7600890
310
A4CD5EF210B0B1BFEBF98E3F7B1FF6596ABC522E1296DF9BAE3D320D9A872C4AF2F8DE2CE5CEBA358D0FBEC719939D65A691938CDE9B6ADAF4BD98B3B2D05311DD91329583D9D5FC0F438434A7A611A644887B5384CF34233629258BA878B12322891DEFF6B66BD70BFB62634E8AE781D082709A4B588AF91C528CDA28B73F
310
1C998EEF39EABBEFA97FBD6A7C7E9553F9D3D79FE442923C3C523610337627CB87ABE99D359D4CC6D6E4FACAB5E6ABF9D2726FC6A3C5F56271377BB88362213924694B38DD99FE47C48627A1E7D49F5A8BB5E1A74C0A599ED3B0F21F1E56366B89112D681E218F0915D0D6F17AD41FBA2A369DCF6335D62ABBD39779D5DDD1
310
11D4D8DE3CBB96B2E04FB8202E41051754A1AA8E8F76B4C6DFE810B580B1547F4B84911149794252234D024EF8BBE963A95AE27B3D310A9D5C215C7960FAEE415ED75694C6AFB17BCACA5D99A60A9AA65F217B0BFC53292ACB92BF283FAD0D3621576592CB5BED907C2FA8E9DF794E35E97BEA31BED21FEB401ABB94C44839
310
DCACBF0E1C5DA8DA5B2F4DFFD32AD86F543D9E565E7056502E157C00AD2671CD534549AB752FCA9CDA00677A313F04E51B22FF19E57B300579E3C97EB29F682D92935CEC18CF901B7B54FD8C51F362B56FC72FE0B3C1EAE335EDCCBF5AEC39ADB17DC238973F804BA5E6F6BFE7AF1FB32E523BE9F3BD571418E3631DCA4D48
310
5250CF639223210A9446CA30052EDF057BD35F8329C1ECD84552BF0DC8D18BE7BCE23BFE6BD960AB4A7DE79923A103BEBD80F911CBAA2C60DB19B01CF164A5583B772EE6D3FFA56666CBCDA74DC97724A48F9A58967497E489C4D979006FD7A05E227A1EBDD0F737C623387A9C844D3709995625106D157315F8B8392CD4E0
310
A0B9A720C4BE9829CEF37EA1E13111214D53925356365ADA634861B52519DD27A00AEB808EAF0628E6F435519D446F45CF2C9CF5214F0A15B2F6D06B79DA3EE3CBF7F56780D2F4E7EF73A0F5E5B02A38D07DC852C6B7C1FBB6664213E0C39E3EBA7FF4E1AD23EA2829407C85E586727488B751B2DB9502BC7B228A3FD68B6E
310
A65A22397E690AA8D158D7E404EC8CDA235CC3B7D1898680131CEC2CDF2638C65196279577750F15884AEE19F94199155B92B13297978469D4F8D358DF0AEF7631E28DC8F0D9F437D5D39A83B2231A1D52D543813A824EF8D44BCFF2FA6A31BD1E8DAD87F1CCB526B3879935BF59CDADD5C37479BB1CDD4CA7B3556B516589
310
EF352754B706114D9C885EC9131DE6EFEB43D99AFE2391C2F958179413D7CFEF6B1B6DB1E7600F00DE6E5C67454A339A4BA2E0FBA85ED26F045D454F463DBFCE484C2F90F2E5E3666003662ED8F755951A7D1BECD5B30B550B2785C8E7320B7292A4838DDA71BBC863ED7613CAF659337A3354231D4FF4A182A54904C2898C
310
98B28C4AD0CE056CCF332A80986E571EE9DBC305BB5FEB7E509220A58D25CF042D712A806AC0AD0C657FDEF80D2D9CEAA2EE4D1C76F60BFE74219A06527D6F82DF6412526107381E55E353090704D085B52408A8913C4ED159D79BDA71BB4BC506F4831350EB6F975CD22D69BF7AC49B91A2C0A9DDA3D5CA36AD20FC478E37
310
E61844E2352865EBCB61A275A65283CAAA9DD27703B4102F5AF51EF5F573B75CBB5AD38BC845F7A49F82A0966A49C2E3EA5EA0ECD326CD965F1DB402C6FA8B51A4658C5C5E2EC9E214602E55810345408596591009A82E7E7FFACA19EEA299B14A0081A705CB3296EBC14CDF658DCD336EA6D1136881AAEB87B81AB9EE53D5
310
F5EB8BC8362082DA24122F98680A4E7930C01A0079749CEA14382A0783E5EBA5A10F8C098456A03D6A4AEB6BB881E2513747552A5DB22C7EDAF83BD5528081A365F7FF06504B0304140006080000CC70623B000000000000000000000000350000006662782F41393633353835312D344632462D344230382D423046372D37
310
39314545314133324237412F76657274696365732E62696E504B0304140006080800CC70623BF270F1330600000004000000360000006662782F41393633353835312D344632462D344230382D423046372D3739314545314133324237412F747269616E676C65732E62696E636660600000504B0304140006080000CC7062
310
3B000000000000000000000000370000006662782F41393633353835312D344632462D344230382D423046372D3739314545314133324237412F617474726962757465732E62696E504B0304140006080800CC70623B08DA0BD19000000041010000360000006662782F41393633353835312D344632462D344230382D4230
310
46372D3739314545314133324237412F6469726563746F72792E786D6C858F410AC3201045AF22B36F53E9A60B35CBEEBAE80D244E44489C6234F4F835464A48035D0DF398FF9F8AF63D0E6CC63039F212F8F9020C7D47C6792B21C5FE7403D62A1188E2E60C98D7234A5830286103A55745067B9D86B8A3CF9C7F90C11DE6
310
07FB144396D7B6A82D282E9A152AD114D5EF2CB866EEE831B8EEA07A7BB5A8D7D61A2BAAEB7FD5F70921FF497D00504B0304140006080800CC70623BEDD1DC58FD000000A00100003B0000006662782F41393633353835312D344632462D344230382D423046372D3739314545314133324237412F7265736F75726365732F
310
636F72652E786D6C8D504B6E833010BD0A9A6D65B00922041947112427E8052C33A156828DFCA97AFC9A40A576D7CDCCE87D344F8F9FBFE667F689CE6B6B3A6039850C8DB2A336530731DC4903D95970676DF82583CCC8193B5861107C72362E3BA4AC096842428D1D7107A5F7182053CF7474E0D507CE32973124857FE48B
310
540F3961CEF244279DE03EB81420DB9EAC1384436FA353E879B1B182C7A8C75DA3C7F453DF353A1075D537A7BA6464B8F535A99AE14A9A2BBD90E350DD183B5CFABE3AF262350B1EF4FC9351399401471025A527C218A1E53BAB5A5AB765F5469B96525EACF23FA6B88CFF34456DC2A1DCE36E360F82A5202F42F062ED2BAD
310
579969AFDD8A6F504B010214000A0000080000CC70623B3DEE336E79000000790000001B00000000000000000000000000000000006175746F6465736B2D64657369676E2D7061636B6167652E786D6C504B01021400140006080800CC70623BD486FD9CA0000000F40000001300000000000000000000000000B20000005B
310
436F6E74656E745F54797065735D2E786D6C504B01021400140006080800CC70623B853B8169EB0000007C010000080000000000000000000000000083010000636F72652E786D6C504B01021400140006080800CC70623B55019EA25F0000007C000000070000000000000000000000000094020000636E782E786D6C504B
310
01021400140006080800CC70623BDBABAAF470010000D40300000C00000000000000000000000000180300006662782F636F72652E786D6C504B01021400140006080800CC70623B9C113CC27E0000009D0000000B00000000000000000000000000B20400006662782F636E782E786D6C504B01021400140006080800CC70
310
623B7DF2F77C2A010000120200003100000000000000000000000000590500006662782F41393633353835312D344632462D344230382D423046372D3739314545314133324237412F636F72652E786D6C504B01021400140006080800CC70623BAD7543B64E010000330300003000000000000000000000000000D2060000
310
6662782F41393633353835312D344632462D344230382D423046372D3739314545314133324237412F636E782E786D6C504B01021400140006080800CC70623BE75B7789680500003C10000034000000000000000000000000006E0800006662782F41393633353835312D344632462D344230382D423046372D3739314545
310
314133324237412F6F626A656374732E786D6C504B01021400140006080000CC70623B0000000000000000000000003500000000000000000000000000280E00006662782F41393633353835312D344632462D344230382D423046372D3739314545314133324237412F76657274696365732E62696E504B01021400140006
310
080800CC70623BF270F133060000000400000036000000000000000000000000007B0E00006662782F41393633353835312D344632462D344230382D423046372D3739314545314133324237412F747269616E676C65732E62696E504B01021400140006080000CC70623B0000000000000000000000003700000000000000
310
000000000000D50E00006662782F41393633353835312D344632462D344230382D423046372D3739314545314133324237412F617474726962757465732E62696E504B01021400140006080800CC70623B08DA0BD1900000004101000036000000000000000000000000002A0F00006662782F41393633353835312D344632
310
462D344230382D423046372D3739314545314133324237412F6469726563746F72792E786D6C504B01021400140006080800CC70623BEDD1DC58FD000000A00100003B000000000000000000000000000E1000006662782F41393633353835312D344632462D344230382D423046372D3739314545314133324237412F7265
310
736F75726365732F636F72652E786D6C504B0506000000000E000E0080040000641100000000
  0
XRECORD
  5
1F8
102
{ACAD_REACTORS
330
1F7
102
}
330
1F7
100
AcDbXrecord
280
     1
 70
     1
 90
429727718
  1
30362254-06B7-45E0-A893-8CFA70E3D6BC
310
504B03040A0000080000CC70623B3DEE336E79000000790000001B0000006175746F6465736B2D64657369676E2D7061636B6167652E786D6C3C3F786D6C2076657273696F6E3D22312E302220656E636F64696E673D227574662D3822203F3E3C666F726D6174733E3C666F726D61743E687474703A2F2F736368656D612E
310
6175746F6465736B2E636F6D2F64657369676E2D7061636B6167652F323030393C2F666F726D61743E3C2F666F726D6174733E504B0304140006080800CC70623BD486FD9CA0000000F4000000130000005B436F6E74656E745F54797065735D2E786D6C7D8EC10E82300C865F65E91D8A1E8C310C0EEA1BF002731658846E
310
D98AC1B77784ABF1D8FE5FBFBF75BBCE937A534CCEB38643598122B6FEE978D0B0485F9C41B54DDD7D022595594E1A469170414C76A4D9A4D207E29CF43ECE46F218070CC6BECC4078ACAA135ACF422C856C0E68EA1BF5669944DDD7BCDE7B1F8E415D77AECB980613C2E4AC91FC167A2B244592486606FC29C8FD7F045B9A
310
EF7053A7E60B504B0304140006080800CC70623B1EC5D7A3EB0000007C01000008000000636F72652E786D6C8D90416EC3201045AF82665B6103C6756C6122AB4D4ED00B204C5C94182C03558F5F9C3852BBEB6A467FFE9B197D71FC9E6FE8CBACC17AD7032D0820E3B41FAD9B7A48F1820F808E52ACDEC75F36404ECDA687
310
4D0629A6D5A76597B477D1B89855E747B38B2A041301E95B6E7A08FAD3CCAA50296647B8168BD2573599823EBB0CA76447F43862C7BCCF5EAC59410E4DDD9C7973C2755553CCCFA4C603E3040F1565ED3B1FDE4E432BCA0D9622DAF9795FAF464533826484B498524CD807E51D79ED187F21878E10516EF63F505AC67F42C9
310
BA58B1FDDD071640D2FCC87D2045B96591CB3DA85CB7DCE40F504B0304140006080800CC70623B55019EA25F0000007C00000007000000636E782E786D6C4DCB3B0E80201045D1AD90E915ED2CF8AC45050C11660C8261F98AB1B07AC9C97D42D718D865D3E909258CFD00CCE24AC6E326A164D74DC0B4128928FF32603847
310
2BA13128B1252AC747C6BAB984FC68F0B87FE8960A5C09FE86CFB69FBA01504B0304140006080800CC70623B8C9102E971010000D40300000C0000006662782F636F72652E786D6CC5535B6E833010BC8AE5DF0A6C08340F1947A84D4ED00B38C6A128602363A31CBFCB234A53A551FA553EC09AD9F5CE8C31DB9E9B1AF5CA
310
7695D1198E428A91D2D214952E33ECDD315861B4E5CC1AE3BE9561A445A3323CC098B3D21ADFCE9034DA29ED00D5A6503328BA4E398C640D8B0C77F253352214DE4145770A5B214FA2546114020D759C75CE8200340D19DE981F0F6746269C33EFAB6266AB02A655C74A59CCF365BADC27CB5D902ED22848F6340DF238A141
310
BE88E2F57B92BFEDF23523433367AE6A2EEAA455C2A902F398D2751045018D3FA264435F3771F242571B4A1919CA6F9A7C5B3CD9E42BED16F12C776AEB308F40C848FC700B1139D4891EF410CEC810227CC6846F8386402064270EF5C5C709A05E49676C024C61FC95EA45ED154CA5211D1FF4FB8291A913A68E9B83EBBB33
310
E2A7673CDE118E5AE8124C0807CB8377834E366998436B950D7A7746DAD846D4CFD978E0F04FD455FC5D49D2D4C6FE9722321F10997F0F32DC47FE05504B0304140006080800CC70623BFFEA85907E0000009D0000000B0000006662782F636E782E786D6C4DCCD10A83201886E15B91FFDC95D95A811AB6F23E625948A6C3
310
E9D8E5AF46073BFAE0E1E365ED67B3E8ADC3CB78C7815C7240DA3DFC64DCC221C519D7805AC182F7F1EF06C88D9BE6703008B6049F9E274D7A1E938DBB5AE3D6131B2589BA0D3D965551E0B2EA732C9B9A624AAEB41E3A557677029960D9AFB4EF11165F504B0304140006080800CC70623B4FEEA4082C0100001202000031
310
0000006662782F39464131463745442D413632322D343644302D413938332D3331353338454246344243312F636F72652E786D6C8D515B6EC32010BC0AE2AB55850DD871ED0813254D72825EC00192A2C460F1A872FC42ED48ED5F7E00CDCECCCEB26C731F6FE05B39AFADE921293004CA082BB5B9F43086336A21D870E6AC
310
0D7F68109861543DCC30E4ECE26C9C164858139409093556AA051CBC570102714B8F1E7AF1A5C6A11862480C7F2DA6415C878B2A4891CA89C7990F2E050073937C42DE1DB7E4F87ED8A36D4329AA9B3D46DBAEAD504556557BD81DEBDD0761E52CE42C462D17B996298E3E6BE59E35C962CE821E1FF18553435012728A7187
310
0841987E927A8D9B35ADDF70BBC6989599FE4F1427F9A4286A132ABAC49D651EF234CD5CE04CDA78BA3DC2A8FB645D00B9DF8B57E215725C60BCA2A463E54C4CE327C7A65E1C7DB02E7DEFCBF594B864C5CA6CDBD49C957943E9FA5D5FBAF336F90F504B0304140006080800CC70623BAD7543B64E01000033030000300000
310
006662782F39464131463745442D413632322D343644302D413938332D3331353338454246344243312F636E782E786D6CD593CD6EC32010845F0571AD6CE3D48AD20813A9873E410FBD12D82434182C7EAAE6EDBB2424CD25871E7B41D6EC30B3FA84F9E67BB2E40B4234DE8DB46F1925E094D7C6ED479AD3AE5951B2113C
310
789FEE6C943839C1488B4C05DF079FE72A69D8C96C13AAD6B8631503449F83828872B949AC57D26200B826A308D316B4064D6E46FCDA41C05550DC9E483A00797BFD207EFB092A45DE9514C1BBD22178396BD39D891265658C238DEA00936C654E5E433CB65A26D9F6EDB5EBC14EBF49A45CB856E66048291F6939A9A81BB5
310
C8917738143CA680F4AA299D66A042CEB3354A2684DC9D8D178FE0D9B8B41CAAD720F880EE7EF93C0C18769E099ECC04D5A102C8049A8A05632F4DDF376CF1DE0F6BB65C2F8627B65A33C6BB62177CEBBDAD973006829F89F22E814B54F4BC2BE347F8AA8F681390B50FA73F804400B5F542E796F19FF974E7F78DB802FE05
310
E207504B0304140006080800CC70623B16AB87BA640500003C100000340000006662782F39464131463745442D413632322D343644302D413938332D3331353338454246344243312F6F626A656374732E786D6CAD575B6FA33818FD2B887DE6924B3BED8A326A92B68A663B534DD4D13E548A0C38942D60649B369D5FBFC7
310
600890A493BDE42160637FD7F31D7FF63E6FB3D478A55C242CBF3247B66B1A340F5994E4F19559CA8D75611A9F7D8F33263BCB4C232719BD32D5B4E97B316765A1A722BA21652A07B3B7B33F0D11D29C9A46981221AE4C113ED38CD8A4942CA2E2C58E882476BCD9DA23BB5ED8171B73523C0F841684D35CC252CCE79062D4
310
468DFA43D7747CCF51DF7D4FFDEB5593E3AB9CCA9FBEFE241792E4E19EB28198C968BAB8199F5D5A67D3E9C49A9E8F47D6EC76B6B0469F26EEFC7C3EBFBCBEB98462213924694B38DD98FE1D62C393D073EA4FADC5DAF04326852CCF6958F90F0F2B9BB5C48816348F90C7840A68EB78EDF68723159BCEE7891A6B95DDE9D3
310
BCEAEEE8086A6C6F9E5D4B59F0175C10A7A0820BAA5055C7473B5AE3CFDD452D602CD5DF12616444529E90D448938013FE6EFA58AA96F85E4F8C42275708571E98FE6827AF6B2B4AE3D7D83D64E5A64C53054DD3AF90BD06FEA9149565C94FCA0F6B834DC85599E4F2423B24DF0B6AFA979E534DFA9E7A4CC6FA631D486393
310
921829879BF5D781A373557BCB85E97FB90DB62B558F8795179C15944B051F40AB495CF35451D26A4727654E6D8033BD98EF82F21D91FF8AF2DD9982BCF1643BDD4EB516C9492E368C67C88DED563FC36D5EACF66DFF057C3658BDBFA69DF9578B3DA735B64F18C7F20770A9D45CFCF7FCF563D6456A277DBEF78A02637CA2
310
43B90A490AEAB94F72244481D24819A6C0E59B606BFA4B3025981DBB48EAB701D97BF19C577CC77F2D1B6C55A9EF3C732474C0B727303F625995056C3B02963D9EAC146BE78EC5FCEC7FA999EBC5EACBAAE41B12D27B4D2C0BBA49F244E2ECDC81B76B502F113D8F5EE8FB1BE3111CDD4FC2AA9B844CAB1288B68AB90A7CDC
310
1C166AB0D3DC5310625FCC14E779BFD0709F8890A629C9292B1B2DED31A4B0DA928CEE135085754027E3018A397D4D5427D15BD1330B677DC8934285AC3DF45A9EB68FF8F2B8FC0A509AFEECFD0FF2DE25CC6047F7214B195F07EFEB9A094D800F7BFAE8FED187B78EA8A3A400F115961BCAD1215E47C966530AF0EE8128FE
310
58CEBB996A8964FFA529A046635D9353B0336A8F700DDF46271A024E70B0B37C9DE01847591E54DED53D54202AB947E4076556AC49C6CA5C9E1226B7F1A7B1BE15DEED62C41B91E1B3E9AFAAA735036547343A925075041DF0A9979E893B391F8FCFA6967B3EFB644DCF6E5CEBFAE272625DCC6FAF3FB93793C5F90CE1EF57
310
407342756B10D1C489E8953CD1617E5CEECAD6F4EF8914CE5D5D504E5C3F1F9736DA62CFC11E00BCDDB8CC8A9466349744C1F75EBDA4DF09BA8A9E8C7A7E9991989E20E5DBDD6A6003664ED8F7A04A8DBE0DF6EAD9B9AA858342E47399053949D2C146EDB85DE4B176BB0965FBAC19BD19AA918E27FA50C1D22402E144464C
310
59462568E704B6E71915404CB72B8FF4EDE184DDAF753F284990D2C6926782963815403548A70C657FDEF80D2D9CEAA2AE4C1C76F60BFE74219A06527D6582DF6412526107381E55E353090704D085B52408D0933C4ED159D79BDA71BB4BC506F4831350EB6F979CD22D69BF7AC49B91A2C0A9DDA3D5CA36AD20FC478E37E6
310
1844E2352865EBCB6EA275A652E3836BE04EFB400BF1A2556F515F1FBB35B2AB35BD889C744FFA1004B5544B121E57F70215746DD2F5E2C1412B602CBF19455AC6C8E5E9922C4E01E65215385004546899059180EAFCF7A707CE7017CD8CDB0410789AB32C63B91E5CEBBBACB17AC6CD347A022D5075FD106377347AAABA7E
310
7D11590744509B44E205134DC1290F06580320F78E537D3D73540E06CB970B431F185308AD40BBD794D6D77003C5A36E8EAA54BA64597CD8F83BD552A080A365F7FF06504B0304140006080000CC70623B000000000000000000000000350000006662782F39464131463745442D413632322D343644302D413938332D3331
310
353338454246344243312F76657274696365732E62696E504B0304140006080800CC70623BF270F1330600000004000000360000006662782F39464131463745442D413632322D343644302D413938332D3331353338454246344243312F747269616E676C65732E62696E636660600000504B0304140006080000CC70623B
310
000000000000000000000000370000006662782F39464131463745442D413632322D343644302D413938332D3331353338454246344243312F617474726962757465732E62696E504B0304140006080800CC70623B08DA0BD19000000041010000360000006662782F39464131463745442D413632322D343644302D413938
310
332D3331353338454246344243312F6469726563746F72792E786D6C858F410AC3201045AF22B36F53E9A60B35CBEEBAE80D244E44489C6234F4F835464A48035D0DF398FF9F8AF63D0E6CC63039F212F8F9020C7D47C6792B21C5FE7403D62A1188E2E60C98D7234A5830286103A55745067B9D86B8A3CF9C7F90C11DE607
310
FB144396D7B6A82D282E9A152AD114D5EF2CB866EEE831B8EEA07A7BB5A8D7D61A2BAAEB7FD5F70921FF497D00504B0304140006080800CC70623B0D6EF93BFE000000A00100003B0000006662782F39464131463745442D413632322D343644302D413938332D3331353338454246344243312F7265736F75726365732F63
310
6F72652E786D6C8D50596E833010BD0A9ADFCA60B334011947A8694ED00B586642AC041B79A97AFC9A40A5F6AF3F33A3B7689E1E3F7DCD8FEC139DD7D6F4C0720A191A65476DA61E62B892236427C19DB5E1970C322367EC618541F0C9D9B8EC90B226A009093576C41D94DE63804C3DD2D18357379C652E63480A7FCF17A9
310
EE72C29CE5894E3AC17D702940B63D59270887DE46A7D0F36263058F518FBB468FE9A7BE6A7420864373B8D4873369AA8691FA421B3294352543C5CAF65C0F6FEF43CB8BD52C78D0F34F46E550061C419494B6843142CB0F5677F4B52BEB177AEC28E5C52AFF638ACBF84F53D42654E51E77B379102C05791282176B5F693D
310
CB4C7BED567C03504B010214000A0000080000CC70623B3DEE336E79000000790000001B00000000000000000000000000000000006175746F6465736B2D64657369676E2D7061636B6167652E786D6C504B01021400140006080800CC70623BD486FD9CA0000000F40000001300000000000000000000000000B20000005B
310
436F6E74656E745F54797065735D2E786D6C504B01021400140006080800CC70623B1EC5D7A3EB0000007C010000080000000000000000000000000083010000636F72652E786D6C504B01021400140006080800CC70623B55019EA25F0000007C000000070000000000000000000000000094020000636E782E786D6C504B
310
01021400140006080800CC70623B8C9102E971010000D40300000C00000000000000000000000000180300006662782F636F72652E786D6C504B01021400140006080800CC70623BFFEA85907E0000009D0000000B00000000000000000000000000B30400006662782F636E782E786D6C504B01021400140006080800CC70
310
623B4FEEA4082C0100001202000031000000000000000000000000005A0500006662782F39464131463745442D413632322D343644302D413938332D3331353338454246344243312F636F72652E786D6C504B01021400140006080800CC70623BAD7543B64E010000330300003000000000000000000000000000D5060000
310
6662782F39464131463745442D413632322D343644302D413938332D3331353338454246344243312F636E782E786D6C504B01021400140006080800CC70623B16AB87BA640500003C1000003400000000000000000000000000710800006662782F39464131463745442D413632322D343644302D413938332D3331353338
310
454246344243312F6F626A656374732E786D6C504B01021400140006080000CC70623B0000000000000000000000003500000000000000000000000000270E00006662782F39464131463745442D413632322D343644302D413938332D3331353338454246344243312F76657274696365732E62696E504B01021400140006
310
080800CC70623BF270F133060000000400000036000000000000000000000000007A0E00006662782F39464131463745442D413632322D343644302D413938332D3331353338454246344243312F747269616E676C65732E62696E504B01021400140006080000CC70623B0000000000000000000000003700000000000000
310
000000000000D40E00006662782F39464131463745442D413632322D343644302D413938332D3331353338454246344243312F617474726962757465732E62696E504B01021400140006080800CC70623B08DA0BD190000000410100003600000000000000000000000000290F00006662782F39464131463745442D413632
310
322D343644302D413938332D3331353338454246344243312F6469726563746F72792E786D6C504B01021400140006080800CC70623B0D6EF93BFE000000A00100003B000000000000000000000000000D1000006662782F39464131463745442D413632322D343644302D413938332D3331353338454246344243312F7265
310
736F75726365732F636F72652E786D6C504B0506000000000E000E0080040000641100000000
  0
XRECORD
  5
175
102
{ACAD_REACTORS
330
173
102
}
330
173
100
AcDbXrecord
280
     1
270
     1
271
     1
  0
XRECORD
  5
174
102
{ACAD_REACTORS
330
173
102
}
330
173
100
AcDbXrecord
280
     1
270
     1
271
     1
  0
XRECORD
  5
1FB
102
{ACAD_REACTORS
330
173
102
}
330
173
100
AcDbXrecord
280
     1
 70
     0
 90
1673772943
  1
ECE7A1D2-D628-4531-984C-D00F80459256
310
504B03040A0000080000CC70623B3DEE336E79000000790000001B0000006175746F6465736B2D64657369676E2D7061636B6167652E786D6C3C3F786D6C2076657273696F6E3D22312E302220656E636F64696E673D227574662D3822203F3E3C666F726D6174733E3C666F726D61743E687474703A2F2F736368656D612E
310
6175746F6465736B2E636F6D2F64657369676E2D7061636B6167652F323030393C2F666F726D61743E3C2F666F726D6174733E504B0304140006080800CC70623BD486FD9CA0000000F4000000130000005B436F6E74656E745F54797065735D2E786D6C7D8EC10E82300C865F65E91D8A1E8C310C0EEA1BF002731658846E
310
D98AC1B77784ABF1D8FE5FBFBF75BBCE937A534CCEB38643598122B6FEE978D0B0485F9C41B54DDD7D022595594E1A469170414C76A4D9A4D207E29CF43ECE46F218070CC6BECC4078ACAA135ACF422C856C0E68EA1BF5669944DDD7BCDE7B1F8E415D77AECB980613C2E4AC91FC167A2B244592486606FC29C8FD7F045B9A
310
EF7053A7E60B504B0304140006080800CC70623BD9DDAED0EC0000007C01000008000000636F72652E786D6C8D90416EC3201045AF82665B61836D9CD8C2444DD39CA01740405C94182C03558F5F9C3852BBEB6A467FFE9B197D7EF89E6EE8CB2CC17A37002D0820E394D7D68D03A478C17B4007C117EFE32F1B20272733C0
310
2A83E0E3E2D3BC49CABB685CCCAAF3DA6CA20CC14440EA969B0182FA34932C648AD911AEC52CD5558EA6A0CF2EC329598D1E47ACCEFBECC59A050463A7EA5833865FEBDD0E37353BE3EE8DBDE3F6786A48D375FBF6CC78B9C282473B3DEFABC5C86834888A900E538A49F5419B9EB47DD5BC907D4F082F57FB1F28CDFA9F50
310
B22ED6D5F6EE030B20687EE43E10BC5CB3C8E51E54AE6B6EE207504B0304140006080800CC70623B55019EA25F0000007C00000007000000636E782E786D6C4DCB3B0E80201045D1AD90E915ED2CF8AC45050C11660C8261F98AB1B07AC9C97D42D718D865D3E909258CFD00CCE24AC6E326A164D74DC0B4128928FF326038
310
472BA13128B1252AC747C6BAB984FC68F0B87FE8960A5C09FE86CFB69FBA01504B0304140006080800CC70623BA24EB22D72010000D40300000C0000006662782F636F72652E786D6CC5535B6E833010BC8AE5DF0A6C5E49888CA3A6694ED00B38E05014B091B1518EDFE511A5A9D228FD2A1F60CDEC7A67C6986DCE4D8D7A
310
69BA4AAB0C073EC548AA5C17952A33ECECD15B61B4E1CC686DBF9561A44423333CC098B3D268D7CE50AE9595CA02AA74216750749DB418E5352C32DCE59FB211BE70162ABA93DF8AFC244AE9073ED050C759670D0840D390E18DF9F1706664C23973AE2A66B62A605A75ACA4C13C4976E1364A12EF355A2EBD384AF65EFA96
310
BC7B8BED2EA6719AAE16FB8491A199335B351775B991C2CA02F390D2D40B028F861F41BCA68B7518BFD0D59A524686F29B26D7164F36B94AD9289CE54E6D1DE6010819891F6E21228B3AD1831EC219194284CF98F06DD01008846CC5A1BEF83801D4CBDC6A1303536877A57A513B0953A94FC707FDBE6064EA84A9E3E6E0FA
310
EE8CF0E9198F7784A316AA0413C2C2F2E0ECA0934D1AE6D05A69BCDE9E91D2A611F573361E38FC1375157F5752AE6B6DFE4B11990F88CCBF0719EE23FF02504B0304140006080800CC70623B408A7D3B7C0000009D0000000B0000006662782F636E782E786D6C4DCCD10A83201886E15B91FFDC552A92A0064DBC8F581632
310
D3703A76F9ABD1C18E3E78F878E5F0D9027ABBFCF2292AE86E2D20171F69F6715550CB827B40839639A5F2770314A7CD293819B45C73AAFB45B35BA61ACAA1C1C7E7855C58C15BC331339661262CC762340413D68D77DA5B42298546CBE6573AF60CEB2F504B0304140006080800CC70623B449FB9BD290100001202000031
310
0000006662782F36394639363044362D344446342D343946362D394244322D3234314243333846323333332F636F72652E786D6C8D515B6EC32010BC0AE22B55850D98B871848994463E412FE002495162B07854397EA176A4F62F3F2C9A9D991D587EB84F37F0AD7D30CEF6905418026DA553C65E7A98E219ED203808EE9D
310
8B7F6810D871D23D2C3014FCE25D9A57483A1BB58D19B54EE9151C43D0110279CB971E06F9A5A7B11A53CC8C70ADE6515EC78BAE4895DB992778883E0700CB907242D17643D7E2538BD869608875438BBAE38922CAC8F1BDD90DB4691A5E2F42C153326A951B95E398B3D1FE599322163C9AE9115F7A3D46ADA0A018778810
310
84E907617BDCEE297BC5BB3DC6BC2EF47FA234AB2745C9D8D8D035EE220B50105E2F0DC1954B9FB747187D9F9D8FA0CCDB042D5FA0C015C65B42DF78BD10F3F3B363CB56C7109DCFDFBBB97E662ED92EB62D13BC2E1BCAE5777DB9966D8A1F504B0304140006080800CC70623BAD7543B64E01000033030000300000006662
310
782F36394639363044362D344446342D343946362D394244322D3234314243333846323333332F636E782E786D6CD593CD6EC32010845F0571AD6CE3D48AD20813A9873E410FBD12D82434182C7EAAE6EDBB2424CD25871E7B41D6EC30B3FA84F9E67BB2E40B4234DE8DB46F1925E094D7C6ED479AD3AE5951B2113C789FEE
310
6C943839C1488B4C05DF079FE72A69D8C96C13AAD6B8631503449F83828872B949AC57D26200B826A308D316B4064D6E46FCDA41C05550DC9E483A00797BFD207EFB092A45DE9514C1BBD22178396BD39D891265658C238DEA00936C654E5E433CB65A26D9F6EDB5EBC14EBF49A45CB856E66048291F6939A9A81BB5C89177
310
38143CA680F4AA299D66A042CEB3354A2684DC9D8D178FE0D9B8B41CAAD720F880EE7EF93C0C18769E099ECC04D5A102C8049A8A05632F4DDF376CF1DE0F6BB65C2F8627B65A33C6BB62177CEBBDAD973006829F89F22E814B54F4BC2BE347F8AA8F681390B50FA73F804400B5F542E796F19FF974E7F78DB802FE05E20750
310
4B0304140006080800CC70623B8D05915C650500003B100000340000006662782F36394639363044362D344446342D343946362D394244322D3234314243333846323333332F6F626A656374732E786D6CAD575B6FA33814FE2B887D06429276DA1565D4266D158D3A339A6846FB502932E050B66023DB74D2FDF5FB190C01
310
9276B2973C046C8ECFF53B17071F77456EBD502133CEAE6CDF9DD81665314F32965ED995DA3A17B6F5310C04E7AA47665B8C14F4CAD6DB7618A48257A5D94AE89654B91AEDDEDDFC61C998326A5B714EA4BCB265FC440BE2924AF184CA6737218AB8E976E7FA6E4338649B0A523E8D98964450A6A029F619B8588D52FE7039
310
B1BD30F0F4F730D0FF866AF6369557DB33949F31A9088B0F848DD8CCFCF9F2767A76E99CCDE733677E3EF59D9BBB9BA5E37F984D16E78BC5E5F5ED25044B25C0C96822E8D60EEFE11B91C581D77CEA34368A1F5329E68CD1B8B61F16D63A1B8E092D294B10C78C4A48EB593D192E7DED9BDEE7995E1B91FDEDD3ACEA9FE831
310
6A756F9F7D4D79F4274C90A7A04248AA51D5F8C718DAE06FB2F75AC4796EBE65D22A88A22223B995679120E2D50E41AA49C260C046A35368846B0BECD0DFF3EBEB8AD4F835768F69B9ADF25C43D30E6B646F807FAA64AD59F61715C7A54127C4AACA98BA3006A9D792DAE165E0D59B61A01FB3A9F9D838D2DAE62445C86166
310
F37564E842E7DE6A69879FEEA2DD5AE7E371E1A5E025154AC307D06A03D73EB5978C58FFA4C8E9033066E0F3BD53BEC1F39F91BE7B55103791EDE6BBB991A2046172CB4581D8B893FA674DDA17A77B3B7C413D1B511FD2743BFF8A38F03A658705E3ADF8015C3A3417FF3D7E439FF591DA0B5F18BC20C1B8981957AE6392A3
310
F43C640C01D1A0B4728E2DD4F26DB4B3C3152A252A3B4E913CEC1C72F012782FF88EFF8637AA552DBEF76408E8A8DE9E50F9E1CB3A2DA0DB1B6039A893B56063DC5B3E3FFB5F72E67AB9FEB4AEC496C4F4C1149625DD662C53E89D7BF0F6151A046260D1337DFDC94502430F83B0EE07A130A224BCAD7DAE1D9FB6CD422FF6
310
920702629C4BB9AE79C12F243C6432A6794E18E5552BA56B431AAB5D91317302B2B071E86C3A42B1A02F999E24061403B5D0EB639195DA655DD3EBEAB4FB862DDF579F014AD0E73C22F99E28DA57FB98E75C6CA2D74D53086D600F4786E0FE3144B771A8A7B900F03594DB8A633CBC49B2EDB69228BB479CF863B5E807AAAB
310
23872F6DFEB4129B949CA33823F58830E86D65621E10047D9DB34D862E8EAC3C2ABC2F7B2C40D67CDFE01F5545B92105AF983AC54D93D69E56FB8E797F88913F898A9FEC705D3F9D1B54EC8426FB500D40A03BD0119B06E1B95DDC7EB8F6975367793EBD70E66733DFB9BC982F9CE564727731999F5D4ECFCE3B8D6A4DC2A0
310
6D50FD148437D110834A64C6CDDF57FBACB5C307A2A477DFE4939736CFEF2B175371E0E10CF0DD1D5C15654E0BCA14D1E87DD02FF93782A162C0A3D95F1524A52770F972BF1EE9809D13CE7DD599467F8ECE9ADD85CE85A34CD45355448C64F9E8A031DC2D596ACC6E5DD93D9B82DE2EF5CAF81363A8E47996A0DE24564A79
310
4115AACE09C55E14540231FDA13C319787134EBF34E3A022514E5B4D9E0826E25C02D5805B15ABE1BEF51B26383D445DD9E875EE33FE4C22DA16427D65A3BCA92CA6D28DD01DF5DC53330704308475351050232CCD31583787BA75774AFB06E5070DD0C8EF484E19968C5D83BA5B90B244D31E54D55A372320FE4786B7EA58
310
44E135AA5467CB7EA333A61683CC6A8C3257034C10CF46F40EF9F5BE59BE5BD30C3C72D235E95D10345C1D45445A5F0BB47E46A5EBE5570F9380B5FA629579952296A773720405982B9DE04011506178964401AA8BDF1FBF0A8EAB6861DD6580C0E38217056766716DAEB2D6FA0917D3E4116581EADB879C4E7CFFB11EFACD
310
3D641311495D92C8676CB409A72D18610D803CE8A626049E8EC1887CB5B44CC39883690DDA8399B4B9855B481E7D71D4A9D22F96E5BB73BF5793020C02137BF837504B0304140006080000CC70623B000000000000000000000000350000006662782F36394639363044362D344446342D343946362D394244322D32343142
310
43333846323333332F76657274696365732E62696E504B0304140006080800CC70623BF270F1330600000004000000360000006662782F36394639363044362D344446342D343946362D394244322D3234314243333846323333332F747269616E676C65732E62696E636660600000504B0304140006080000CC70623B0000
310
00000000000000000000370000006662782F36394639363044362D344446342D343946362D394244322D3234314243333846323333332F617474726962757465732E62696E504B0304140006080800CC70623B08DA0BD19000000041010000360000006662782F36394639363044362D344446342D343946362D394244322D
310
3234314243333846323333332F6469726563746F72792E786D6C858F410AC3201045AF22B36F53E9A60B35CBEEBAE80D244E44489C6234F4F835464A48035D0DF398FF9F8AF63D0E6CC63039F212F8F9020C7D47C6792B21C5FE7403D62A1188E2E60C98D7234A5830286103A55745067B9D86B8A3CF9C7F90C11DE607FB14
310
4396D7B6A82D282E9A152AD114D5EF2CB866EEE831B8EEA07A7BB5A8D7D61A2BAAEB7FD5F70921FF497D00504B0304140006080800CC70623BCA768048FE000000A00100003B0000006662782F36394639363044362D344446342D343946362D394244322D3234314243333846323333332F7265736F75726365732F636F72
310
652E786D6C8D50596E833010BD0A9ADFCA60D600328E9AA639412F609909B1126CE4A5EAF16B0295DABFFECC8CDEA2797AECF8353F924FB44E193D409E5248504B332A3D0D10FC95B4901C39B3C6F85F3248B49871801506CE266BC2B243D2688FDA47549B11775038871E12F988C7004EDE7016A9083E2ADC3D5D84BC8B09
310
D33C8D74D471E6BC8D0192EDC93A815B742658898E651BCB59086ADC356A8C3FD555A1055ED7E7E254D615792D0F075295F585746FF53B694EE78A565DD736979A65AB9933AFE69F8CD2A2F038022F28ED489E135A7CE4554F9BBEA85E68DB53CAB255FEC71496F19FA6A0B42F8B3DEE6673C0F318E4497096AD7DC5F52C33
310
EEB55BFE0D504B010214000A0000080000CC70623B3DEE336E79000000790000001B00000000000000000000000000000000006175746F6465736B2D64657369676E2D7061636B6167652E786D6C504B01021400140006080800CC70623BD486FD9CA0000000F40000001300000000000000000000000000B20000005B436F
310
6E74656E745F54797065735D2E786D6C504B01021400140006080800CC70623BD9DDAED0EC0000007C010000080000000000000000000000000083010000636F72652E786D6C504B01021400140006080800CC70623B55019EA25F0000007C000000070000000000000000000000000095020000636E782E786D6C504B0102
310
1400140006080800CC70623BA24EB22D72010000D40300000C00000000000000000000000000190300006662782F636F72652E786D6C504B01021400140006080800CC70623B408A7D3B7C0000009D0000000B00000000000000000000000000B50400006662782F636E782E786D6C504B01021400140006080800CC70623B
310
449FB9BD290100001202000031000000000000000000000000005A0500006662782F36394639363044362D344446342D343946362D394244322D3234314243333846323333332F636F72652E786D6C504B01021400140006080800CC70623BAD7543B64E010000330300003000000000000000000000000000D20600006662
310
782F36394639363044362D344446342D343946362D394244322D3234314243333846323333332F636E782E786D6C504B01021400140006080800CC70623B8D05915C650500003B10000034000000000000000000000000006E0800006662782F36394639363044362D344446342D343946362D394244322D32343142433338
310
46323333332F6F626A656374732E786D6C504B01021400140006080000CC70623B0000000000000000000000003500000000000000000000000000250E00006662782F36394639363044362D344446342D343946362D394244322D3234314243333846323333332F76657274696365732E62696E504B010214001400060808
310
00CC70623BF270F13306000000040000003600000000000000000000000000780E00006662782F36394639363044362D344446342D343946362D394244322D3234314243333846323333332F747269616E676C65732E62696E504B01021400140006080000CC70623B00000000000000000000000037000000000000000000
310
00000000D20E00006662782F36394639363044362D344446342D343946362D394244322D3234314243333846323333332F617474726962757465732E62696E504B01021400140006080800CC70623B08DA0BD190000000410100003600000000000000000000000000270F00006662782F36394639363044362D344446342D
310
343946362D394244322D3234314243333846323333332F6469726563746F72792E786D6C504B01021400140006080800CC70623BCA768048FE000000A00100003B000000000000000000000000000B1000006662782F36394639363044362D344446342D343946362D394244322D3234314243333846323333332F7265736F
310
75726365732F636F72652E786D6C504B0506000000000E000E0080040000621100000000
  0
XRECORD
  5
176
102
{ACAD_REACTORS
330
173
102
}
330
173
100
AcDbXrecord
280
     1
270
     1
271
     1
  0
XRECORD
  5
177
102
{ACAD_REACTORS
330
173
102
}
330
173
100
AcDbXrecord
280
     1
270
     1
271
     1
  0
CELLSTYLEMAP
  5
821C
102
{ACAD_REACTORS
330
162
102
}
330
162
100
AcDbCellStyleMap
 90
        3
300
CELLSTYLE
  1
TABLEFORMAT_BEGIN
 90
        5
170
     1
 91
        0
 92
    32768
 62
   257
 93
        1
300
CONTENTFORMAT
  1
CONTENTFORMAT_BEGIN
 90
        0
 91
        0
 92
      512
 93
        0
300

 40
0.0
140
1.0
 94
        5
 62
     0
340
11
144
6.0
309
CONTENTFORMAT_END
171
     1
301
MARGIN
  1
CELLMARGIN_BEGIN
 40
1.5
 40
1.5
 40
1.5
 40
1.5
 40
4.5
 40
4.5
309
CELLMARGIN_END
 94
        6
 95
        1
302
GRIDFORMAT
  1
GRIDFORMAT_BEGIN
 90
        0
 91
        1
 62
     0
 92
       -2
340
14
 93
        0
 40
1.125
309
GRIDFORMAT_END
 95
        2
302
GRIDFORMAT
  1
GRIDFORMAT_BEGIN
 90
        0
 91
        1
 62
     0
 92
       -2
340
14
 93
        0
 40
1.125
309
GRIDFORMAT_END
 95
        4
302
GRIDFORMAT
  1
GRIDFORMAT_BEGIN
 90
        0
 91
        1
 62
     0
 92
       -2
340
14
 93
        0
 40
1.125
309
GRIDFORMAT_END
 95
        8
302
GRIDFORMAT
  1
GRIDFORMAT_BEGIN
 90
        0
 91
        1
 62
     0
 92
       -2
340
14
 93
        0
 40
1.125
309
GRIDFORMAT_END
 95
       16
302
GRIDFORMAT
  1
GRIDFORMAT_BEGIN
 90
        0
 91
        1
 62
     0
 92
       -2
340
14
 93
        0
 40
1.125
309
GRIDFORMAT_END
 95
       32
302
GRIDFORMAT
  1
GRIDFORMAT_BEGIN
 90
        0
 91
        1
 62
     0
 92
       -2
340
14
 93
        0
 40
1.125
309
GRIDFORMAT_END
309
TABLEFORMAT_END
  1
CELLSTYLE_BEGIN
 90
        1
 91
        1
300
_TITLE
309
CELLSTYLE_END
300
CELLSTYLE
  1
TABLEFORMAT_BEGIN
 90
        5
170
     1
 91
        0
 92
        0
 62
   257
 93
        1
300
CONTENTFORMAT
  1
CONTENTFORMAT_BEGIN
 90
        0
 91
        0
 92
      512
 93
        0
300

 40
0.0
140
1.0
 94
        5
 62
     0
340
11
144
4.5
309
CONTENTFORMAT_END
171
     1
301
MARGIN
  1
CELLMARGIN_BEGIN
 40
1.5
 40
1.5
 40
1.5
 40
1.5
 40
4.5
 40
4.5
309
CELLMARGIN_END
 94
        6
 95
        1
302
GRIDFORMAT
  1
GRIDFORMAT_BEGIN
 90
        0
 91
        1
 62
     0
 92
       -2
340
14
 93
        0
 40
1.125
309
GRIDFORMAT_END
 95
        2
302
GRIDFORMAT
  1
GRIDFORMAT_BEGIN
 90
        0
 91
        1
 62
     0
 92
       -2
340
14
 93
        0
 40
1.125
309
GRIDFORMAT_END
 95
        4
302
GRIDFORMAT
  1
GRIDFORMAT_BEGIN
 90
        0
 91
        1
 62
     0
 92
       -2
340
14
 93
        0
 40
1.125
309
GRIDFORMAT_END
 95
        8
302
GRIDFORMAT
  1
GRIDFORMAT_BEGIN
 90
        0
 91
        1
 62
     0
 92
       -2
340
14
 93
        0
 40
1.125
309
GRIDFORMAT_END
 95
       16
302
GRIDFORMAT
  1
GRIDFORMAT_BEGIN
 90
        0
 91
        1
 62
     0
 92
       -2
340
14
 93
        0
 40
1.125
309
GRIDFORMAT_END
 95
       32
302
GRIDFORMAT
  1
GRIDFORMAT_BEGIN
 90
        0
 91
        1
 62
     0
 92
       -2
340
14
 93
        0
 40
1.125
309
GRIDFORMAT_END
309
TABLEFORMAT_END
  1
CELLSTYLE_BEGIN
 90
        2
 91
        1
300
_HEADER
309
CELLSTYLE_END
300
CELLSTYLE
  1
TABLEFORMAT_BEGIN
 90
        5
170
     1
 91
        0
 92
        0
 62
   257
 93
        1
300
CONTENTFORMAT
  1
CONTENTFORMAT_BEGIN
 90
        0
 91
        0
 92
      512
 93
        0
300

 40
0.0
140
1.0
 94
        2
 62
     0
340
11
144
4.5
309
CONTENTFORMAT_END
171
     1
301
MARGIN
  1
CELLMARGIN_BEGIN
 40
1.5
 40
1.5
 40
1.5
 40
1.5
 40
4.5
 40
4.5
309
CELLMARGIN_END
 94
        6
 95
        1
302
GRIDFORMAT
  1
GRIDFORMAT_BEGIN
 90
        0
 91
        1
 62
     0
 92
       -2
340
14
 93
        0
 40
1.125
309
GRIDFORMAT_END
 95
        2
302
GRIDFORMAT
  1
GRIDFORMAT_BEGIN
 90
        0
 91
        1
 62
     0
 92
       -2
340
14
 93
        0
 40
1.125
309
GRIDFORMAT_END
 95
        4
302
GRIDFORMAT
  1
GRIDFORMAT_BEGIN
 90
        0
 91
        1
 62
     0
 92
       -2
340
14
 93
        0
 40
1.125
309
GRIDFORMAT_END
 95
        8
302
GRIDFORMAT
  1
GRIDFORMAT_BEGIN
 90
        0
 91
        1
 62
     0
 92
       -2
340
14
 93
        0
 40
1.125
309
GRIDFORMAT_END
 95
       16
302
GRIDFORMAT
  1
GRIDFORMAT_BEGIN
 90
        0
 91
        1
 62
     0
 92
       -2
340
14
 93
        0
 40
1.125
309
GRIDFORMAT_END
 95
       32
302
GRIDFORMAT
  1
GRIDFORMAT_BEGIN
 90
        0
 91
        1
 62
     0
 92
       -2
340
14
 93
        0
 40
1.125
309
GRIDFORMAT_END
309
TABLEFORMAT_END
  1
CELLSTYLE_BEGIN
 90
        3
 91
        2
300
_DATA
309
CELLSTYLE_END
  0
ENDSEC
  0
SECTION
  2
ACDSDATA
 70
     2
 71
     8
  0
ACDSSCHEMA
 90
        0
  1
AcDb_Thumbnail_Schema
  2
AcDbDs::ID
280
    10
 91
        8
  2
Thumbnail_Data
280
    15
 91
        0
101
ACDSRECORD
 95
        0
 90
        1
  2
AcDbDs::TreatedAsObjectData
280
     1
291
     1
101
ACDSRECORD
 95
        0
 90
        2
  2
AcDbDs::Legacy
280
     1
291
     1
101
ACDSRECORD
  1
AcDbDs::ID
 90
        3
  2
AcDs:Indexable
280
     1
291
     1
101
ACDSRECORD
  1
AcDbDs::ID
 90
        4
  2
AcDbDs::HandleAttribute
280
     7
282
     1
  0
ACDSSCHEMA
 90
        1
  1
AcDbDs::TreatedAsObjectDataSchema
  2
AcDbDs::TreatedAsObjectData
280
     1
 91
        0
  0
ACDSSCHEMA
 90
        2
  1
AcDbDs::LegacySchema
  2
AcDbDs::Legacy
280
     1
 91
        0
  0
ACDSSCHEMA
 90
        3
  1
AcDbDs::IndexedPropertySchema
  2
AcDs:Indexable
280
     1
 91
        0
  0
ACDSSCHEMA
 90
        4
  1
AcDbDs::HandleAttributeSchema
  2
AcDbDs::HandleAttribute
280
     7
 91
        1
284
     1
  0
ACDSRECORD
 90
        0
  2
AcDbDs::ID
280
    10
320
22
  2
Thumbnail_Data
280
    15
 94
     5986
310
89504E470D0A1A0A0000000D49484452000001410000010008030000001AD434CA00000300504C5445212830FFFFFF2128300000000000000000000000000000000000000000000000000000330000660000990000CC0000FF0033000033330033660033990033CC0033FF0066000066330066660066990066CC0066FF0099
310
000099330099660099990099CC0099FF00CC0000CC3300CC6600CC9900CCCC00CCFF00FF0000FF3300FF6600FF9900FFCC00FFFF3300003300333300663300993300CC3300FF3333003333333333663333993333CC3333FF3366003366333366663366993366CC3366FF3399003399333399663399993399CC3399FF33CC00
310
33CC3333CC6633CC9933CCCC33CCFF33FF0033FF3333FF6633FF9933FFCC33FFFF6600006600336600666600996600CC6600FF6633006633336633666633996633CC6633FF6666006666336666666666996666CC6666FF6699006699336699666699996699CC6699FF66CC0066CC3366CC6666CC9966CCCC66CCFF66FF0066
310
FF3366FF6666FF9966FFCC66FFFF9900009900339900669900999900CC9900FF9933009933339933669933999933CC9933FF9966009966339966669966999966CC9966FF9999009999339999669999999999CC9999FF99CC0099CC3399CC6699CC9999CCCC99CCFF99FF0099FF3399FF6699FF9999FFCC99FFFFCC0000CC00
310
33CC0066CC0099CC00CCCC00FFCC3300CC3333CC3366CC3399CC33CCCC33FFCC6600CC6633CC6666CC6699CC66CCCC66FFCC9900CC9933CC9966CC9999CC99CCCC99FFCCCC00CCCC33CCCC66CCCC99CCCCCCCCCCFFCCFF00CCFF33CCFF66CCFF99CCFFCCCCFFFFFF0000FF0033FF0066FF0099FF00CCFF00FFFF3300FF3333
310
FF3366FF3399FF33CCFF33FFFF6600FF6633FF6666FF6699FF66CCFF66FFFF9900FF9933FF9966FF9999FF99CCFF99FFFFCC00FFCC33FFCC66FFCC99FFCCCCFFCCFFFFFF00FFFF33FFFF66FFFF99FFFFCCFFFFFF0000000D0D0D1A1A1A2828283535354343435050505D5D5D6B6B6B787878868686939393A1A1A1AEAEAEBB
310
BBBBC9C9C9D6D6D6E4E4E4F1F1F1FFFFFF0000000000000000000000000000000000000000000000000000000000002E4550F1000003694944415478DAEDDD416EDB30100550DD604EE2FBEF742BEF8B06688A36712C6A289B43BEBF0A6C45889E29912352CEB6BD33FB26040912242804DF2A78679014BC31204850574250
310
08122448501425068404090A419D31418242902041659D18101224A82B1182040912148204957586D44290A0AE84A010244890A01054D61952131482BA128204852041828A123120244890A0E88C0912242804092AEB0C08852041823A63214890204121A8AC332024280409EA8C090A418204098AB2CE8090204121A83326
310
4850081224683823040912D49508418204090AC14B04CD351910124C260EE4DC9EB4C14F99837C075E22F8B8F11D765DB0338EA77E99B717108CF4391E6B0BC646F0DD4DF0D936BB2648F06AC0275B4D5DD6C5F60AC19B2698DBD1CC82BD9AE0B282B1117CF0277FA48B4E0FC12A9DF1FE371D6F28CC2FD8CCD68833A9E09E
310
70EB394C2926D885ADDDA607F45EF42C7D41E31A5670BFCCAD19B04B7FF3A2B2EE056C6700BB08DE2A9EA5DD043B142EFD05F737B99D021C47F0ED6C2701F3F32429C181D84E03FE8C746CC2B3C8C5ED3AC187500767DDF7BACDEDFBA36E5D75F0E7D79EBE7242B00C5BE61CFCC7FEEB8F67048BB3250C3F5B70E3656D8AE6
310
D66968F35BEF3BC2FD79B669134D0EA7788ADEE7EFECF07FC36B3997675FBE75A8F48DCC4574FA057071CAAFC17079C1C87644F32FC28CCBDE2578E0443D70262FBD10B8CB9CE8CA827DA6F45678A42472054B10BC58F0BE2A61B729BD1B4182A708FA4DE91124784A20F2970182040912244890E08B0633CF04EF040D082F
310
ADE9081224F83A95964DB5C1F4BDA92098DCB0E382F5A2D7C1F43DFA2098DCACDF833B55FBE2F4F39B4130B94DB7C7EFCA967591FD2E8AE8F51872DD2175648F3D3A7C4CB58B929F8E2F22DF8E575842F8F8CB03F31FC22ACB58BF39CEECF3386D7E13DC5AF8B28CBCC3A7D0B493096ECEC4C9C7C11EECA17527BE53391B82
310
0409222488802041820485204182042523E87F866984040912148204091214820495751AA1AC2098591A43701B92AE8C608CCC5740706CBD0282C3FB8D2E5800706CC10A8004A7162C01387259570370E046580590204182040912244890A0113541840409AE4D487062C12A77083784130B1698ED34633CBFE0F8861556CE
310
8CBDF0A3C8EA2D8B8F663E9B0B2DC21CD4D0325682040912148204092E2EE8C9308D90E0F1FC020188A122AD076B1F0000000049454E44AE4260828517B57209EABC5984A02686E01542CD1198958B47273F9B216D666EF3F9DB9ACBB350C905B01F21991B22920B2667211403866A35E456E6B5ED9AFEF223F2CB3D394E2F
310
C29810AAF5927308921AB3D16AA8B25A398E60F6CDF892C44E84115B8266AE74942021EA56836748C1AFC79966EF432811C472219903B0F267B059F0592CA40545CEEA257189F0D729F810BA8470133F9C4D30374F888E4DB859F176963FD8F16FFBF21584101142F9DE86939EC8190F7BAF6255FF1BCE2693ED0C2394AAA4
310
588459F5009CC66E1E41446F501C9341D0E52A495BEB5908A95CA5B2B5FDDB9170D4FA4D29A0C184188E38B8FC29345702D7E57B10CADD04B565FC74C56C3EEB2C8218B8F9692218092A79767862C606EBF7C2420667D4C351BA8DA0FBFA6D8472D6D0D81CFF2241ECB8FC3042AD4F278F114EA9C90C20C4E4273851043D08
310
C9BFB37B02C1AB457004214B30AD27A8166CDD41504408292884BF4EB017A08450F2091582F96A39A7369D56109C2D820242716BE788B3CE2BEDF7CB10721F7D9108B208C113A141971C5C47907C11DE15048DA238BA936095E10091E0875E3FC131804661A6DF1ACF26F8EFADCA9A9CAFB7C454EF220D2E8388839B018038
310
414908A7122C321C3C41B16026E84FE3E0D52B15EA7423C122C3C1C4F7CAE0F508C18DE1C0D5CB5D127712D417AD233F3385A09D7B7621B44BABAF5D08536A6B4A3017BF1841ECFBCE9C4644EA16BB5D080F6B7C7E505DB8C05E28F3C0FA314C104A849026109CED1102D4A5618DB6456590A7891D5A0CAD144E90C1F93E75
310
5517E65B3F025ADCEDCB80119FB1769BC838B62BFBB5F72D37BAF6C517100433C415224883A6CCF1D164EDC9AF250866882BA0C65651C638C15CBAF11104AD26453FC145F4F2CFAA16874710B49B145D6ABC90DEF961E6C03B777C7022414793A2EC53D3C295AFF968CE3675138C65AA220075845C49D46CAB2B7DB46B6FA6
310
118462C60CB269F23841703E2723BC829E7C4B1187F088307E09A6290421F0ECEC8DDA1484218229ABE9992483107CFE790443C67813C0CFDD01C2847510E23FF94D82F918342D471025D801F04E84CF23D805F0F10BA141F0AC2A53087A6333D003F0A74DC9B1142A04F78D01AD027837C172940340EA8E6F0D07A93B01DE
310
49704B1B676D5D09FA772526415C03F06E21CC47A00BA711B0DD106182D64AD80FF0110437974E9D3A364410B1B79709D293093A2304C8147E240A10B473EE23009F40B0988651CFEE11C654F8093AEA3E86003E82609EB12BC7A6C8A352C84910ED96BA3180FD1313A61184221B8B25BECC96F4A871B900D20A807D245616
310
B362A5BD03045D8DB1A3007B10CE0BC14A04896B5B8CAA31B6AE24AD001825383582CD12A476C06D07418C8CFF1D02182348B478D43C77A8837EB4104BB09C902F0B615F38A69BE082040A93EA42D1472427C1A6713E30FAB203A07BBEFF9A0C4A9B79574E767110CC93B4FD830763007D474CACCA403199774C5D6ADCA6B8
310
ED69333005A0E3D80B5A77FC1AB571832E82CAFAA9E931CC0068C1116695E13484641D3367A93109855F9E99513001A07E5C9630AC6C5E4508B93617A21066F501983A843058A21024580A07ADE0E70D374BE79D92EB75AA4703C30079846DED07ADE0979CA1BEA03F1311C250A996FB1E94394DD32BBAF200CD16A666266F
310
C69DEA3E8430470AE459612B2AE2CA63823EF3C798539C3A435CAEF979301BA048704D45617BD0124A32B84808DD65D35E5F59A826585591E9CB79B8D4B85708BDA5FBDEAD06F1F870AD57BDDD037F7A78BF1A277F8C06E6E063AEAA8C153F8A6099B6DFAC50274288D2239756154D6ECB8550C8BA5B4298E5EDBB0986001A
310
6102F938A5E5427898127921245E06B373C2A04F8F67E13BDE9CABE5BF408D7553C28C6377BC361BB541A3047D412A1247F3D24508854F5786F39F531B246352E7EDBBF243CE17A139C18A3DEF603141143A4CA922C80BA1E7C4BF09C2672A6B46F05A35C62CF1219D1D2B13CC94A78F6034C06C0F459D4DD010C2CA9B12CC
310
F1D1EDDDE21F31265DFD35D8037715C136F1619E11D1A4ED7A09767727693375C7F6E05182FCD1B201738CCD61AA26C26CF640F7FD78CE61B9408D097D031F142144D27C422E643B27A5F60882A8A48E9C42C84FBC5684709EB7E640B896A074D8414408C50D958870A2BB1B3945643E42328FE0750861CF9157AB092296D5
310
286B088A27F799219A5286BD612E9A61385482DFB0D1B64B663B3E661254462E448490F448E10575BB39C14F5BD07178272C1442B24A179C4228E4DF87671186EE261B55510E0A5C175E205F55045A66549CBC72A910FE111447555C952EE912424701D32508CB32D26FFBA47110CD7C821D42E8AB60BA8460F13FC84ED758
310
87D0DDA6E43D905C3D82826E200897AB71EF4AB88FC9FD0E0E28E248E70CB64B11DE463045362675C20ABEA317AA0A92E3B49CD9046BAB515796C005B6244A5016C23DF38447F62F7F2D4DD7636EAF41BDDBE6B9043B8570EF18DD4FA32F108E9FDECAD06BAF95D29D08E1385E0B81CB848B33393D5D3AD86CE846E089E79D
310
91E2F86E733AD711043847F1209B5040C11CD487B0554368F8E305694CF49C04CFE1A62B6D588E30ED42987882BC39C8C7A8A46A135F8F68EE2628C90F72FBFC93DC5A3B5CDC4B2E83D23428F27934580B607CC56AF4165D6BDBB940E0255BBAA02D21D13396132E298D103CD879E2F7E5BB5E49B0B81939FD4B853DD01162
310
A9C0FABD4AE05094DF67130439FD9B5248088D0A206288A1A4B083043F43EA607ABE5D5CC7389DAB8B194D21640F1146FEE12085A3041324800417AE849541352355D41A1D8C7BB7F30816CFEF04E1123D66C27AE808B370D923BC9CA0B810AE5D07752124C1A02A08B59631E7EE7B3EC1D357BB580851346A52DAC9CC5BCD
310
25E833C6981F51752542520CAA14F1EFB9F1E504B72314D7D912717A85BA3E32EFE18858DF4A709D2DE11052704628399B6EEF2198D2427A4258C3B497D6FEF8DBA5222C3E34C318370EF84D9B1286873CBF424B1C55619EADE1713E4179F7722B41CE1FE914424865B7CE2C82F2B6EF61042D7FC42584D9918200630B21DA
310
E48C4DC94504397FA47B25EC350EC8904BD5FABA7D25AC6CD3AD04DDFE88D7986823971582B2C801736CE6A308322D1C618FE6B8D9945C0433B36D2B2B77746B84E0FA334CBCD9638710AAFD4EF9AE31037798EDFC10945C5BF383479D5A7CA49AAE3A02268650CFDC896F9161CBCDF62956F9F4825868B4C935D1B55A1C24
310
482163529DA588ADD93E2AAD328250174080CA54CA355D46B04C1FEFB544C076600B93ADB876112E65ABDD532E83B5B6022425C672B7256913F07BFAB82148A4AE8465A5B95A1397427127486A9CEF5E973ABF84BA8401E42D85A347C920584DC72EB4A07B19BA9BA0FEE96AEAD33B89A532DBAD26A73904B73280CD2C5D8C
310
50F047E4CECD00414B2A4609668D60906E24985A8284DEEDF110C1E1CBC7C289C4AD30FD5A3D3E65802D85F1237C0AC16B64B03E4EA8BC5BB373D32F8428FB7253095E6D49546342180C73D904EB0EBB2504BF15651709A086D09DFAF4CC874BFC56750DC1CF0999096E95424CDEB9BF6E82EE6FEFF764D01F29F5EAF1CD04
310
534A70E942C81F6F8BA130979D7ABF9660BA9920A5B188BFBE299989F02904B9DC67548F8DAACA190499CE8AC71064E72204F5D83ACDAE8B203361801E2E84EEDC677806BE7F21D4C7323C942077FC41588F4709E6D8C8B968AB0489AE46E8892B77EBB14C90D4052E48F0680823A2AB8590824196518247562DB63E12AB3B
310
FFA895BD4D976BB1DFAFD68450EB7360F29DCA8DBA099EB905545A826EDCDCC908B92676D2806264EE2C795DAFC758922842AB6BD1EBCE601A13C26712CC6B0850C87D3AE35C7710CC332537212C33774C90436E6267E66FECB50848304A905B0988239840E89ABE08614E90E93E7667EEA03C001DC1BF55C9CE6A6916518B
310
60BA93E039B2F6AC63A9D401CB16300D615E2593FC04CD1DB6E1521F3298EE5C0AC50BAE67AE5A4298CE13E4358296A44508DE6849CA0BE22627F764EE8C7B8AB7C83A08C2D6217B2B42A675362F2752664371D6442118E2ED25F8997D90E05629CC7A82905BB2BC08CF79625712FC2E1A70B71E17D7264F01D0119E5532B1
310
8E08777F9410CF84DB1642BE108619E1A2CD78E30FEEBC9460BA9120879042411A4723BD4D90A26AFC2082DC30A1589046DD5298932A5E40B0CD3C4583AD8382D9654A1E4BB02B7397B8103B4F70DDA880672054A72818636B891C04D34B0932E1AB0E84AE89F26F25E89AFBEB404842F0ECECBF5942703351742FC15889BE
310
74B5C4C5CECE88CD6C193CBBC2AE4FD6791CEB2E84448D101E51C314954129C4DAE6386FD7E26871AF363DB928D880AA65D34730F71EC56CDDB3D6C11842B3D0802C87303F5BF59C0CC9FADDBEAA854712548FAAD4117E94B9ECCAD936CCA83D4216FE79047D08313739FA79AF740EB7383BC3CA332DB37E6CDFC9BB4FCBD6
310
0D2D8526C203629688B14015BE4FE25E2264EB9E41B007A1E542283B95F278076A7D9F2DD46809E193089A08B1ADFB77301492E60CC1044C57FCCF11CCA7965429374CDFE47174F42FB16BE7911E957D1F17C1EF7BE123007EAE2F3F3FBB2478C2C31412C31CA22E839DC6F8D6444973B905C1942344314AE5DA50E95E6421
310
9B050C0FC1F43C826953A42C87A33960E464481E821027F82019948D093BC53ACA509EAB2377C5FF904BDDC454F26BB30B0DBCC1911985C0CF27580C92F858103E9954BE8E0604F14504BF2E4D3109063D23CA282888EE837A9FDA5212DB1FDB393632573A439B5F44D07FD05DA6C9E43217AD20DA610A715BF84B0429A131
310
B0977CE642A0A8398AB2B23F98A0BF7FF610430AF82D1A46CFB7F90B04C3671948C1D160376C086076B8C09E6F7A2A41D2316DA686FF696C444AD9E649B2D343CC81570F7B90F6AD0B1699BD19EA1CEF2935E0C9BDC78F25E8E8A0CDEAAD912FF75BA3608F269888BF4C7EAA0A8ABF415D4BE2AB08DA817F5464923A6DF31B
310
082671CE133AF6A3C8F9D9F321FE0042BBFE4A362E886CD93AFD77087ECCE8F9BFBCC800B9C97BAA89592388CF27C8F47C7DF390881E82A29B386B0277DE63F64C845CD75C5141640024491269589F339FFA817B3AD7AAE5980F21BA89D4B3612907FAD4D8F0B9AA5C377D9DC17FA4C0CC993A9C1D536861A0CF4F102C1996
310
53A43134304570131540A6C52809E22FC861914623E3A25132CE141034152E5A76FF790C731924E3CA8559157C30B18843E4D1195D069FEECEA836852C65C6989BD8906A2BB2039FF10B0CC96222CFF590A38951CFF9B708960C49DF2DDBED0D9C17FC7A8219C3CE8843F513B5E63C688C7F8C21D90B9CA6C4C26B62041F1C
310
E17730E4871DFD9DB9B30FDD081C8B8A422C4C5E740F78BF49B08DAEE467EE007EA30EC183657527E79B6E65124BBF4A90093A1CC37A3E5107543C35C5C991BD1F49617F98A011E653562835739F912AFA74304AFD3705312F9B2411A279DE3327726F25580862512F27EFF8621BE9F71314B6CC59E311624089E36CDF4070
310
67C813ACC110A61E71227C354173480522F62BAAA1C62FB2CC2DC1BC87F8CF4B8485047F7783A2851DEAB1A288B621EE20F8067842D8A16D92439C2E836F81573A37DAFE56BCE53E82F42E809B20567E76D625476524A14044FF27C86EF7A0382596528F9FF81F700815AB72066D1AF50E1D4D405244E7A5048B9DCAD9A247
310
8A1DF0113CFCA3FDA0F8C2717AA93283E8681762E42678B0FBEEC3CBE102EF55E69220D4D3CC744FB170FCB07090DE4EB0B22A55E5C3C1218131C8278B77E5EBEAE7AF9CE0CB574481E0FE97393124F8FC2B19B6044F80018250085C395CE0C50CB55971A98360E208BE5E129BE4542E358D179E8A99332E194CFF036CF7E2
310
278BF3FC900000000049454E44AE426082
  0
ACDSRECORD
 90
        0
  2
AcDbDs::ID
280
    10
320
D3
  2
Thumbnail_Data
280
    15
 94
     3253
310
89504E470D0A1A0A0000000D4948445200000100000000B5080300000087DCD12600000300504C5445FFFFFFFFFFFFFFFFFF0000000000000000000000000000000000000000000000000000330000660000990000CC0000FF0033000033330033660033990033CC0033FF0066000066330066660066990066CC0066FF0099
310
000099330099660099990099CC0099FF00CC0000CC3300CC6600CC9900CCCC00CCFF00FF0000FF3300FF6600FF9900FFCC00FFFF3300003300333300663300993300CC3300FF3333003333333333663333993333CC3333FF3366003366333366663366993366CC3366FF3399003399333399663399993399CC3399FF33CC00
310
33CC3333CC6633CC9933CCCC33CCFF33FF0033FF3333FF6633FF9933FFCC33FFFF6600006600336600666600996600CC6600FF6633006633336633666633996633CC6633FF6666006666336666666666996666CC6666FF6699006699336699666699996699CC6699FF66CC0066CC3366CC6666CC9966CCCC66CCFF66FF0066
310
FF3366FF6666FF9966FFCC66FFFF9900009900339900669900999900CC9900FF9933009933339933669933999933CC9933FF9966009966339966669966999966CC9966FF9999009999339999669999999999CC9999FF99CC0099CC3399CC6699CC9999CCCC99CCFF99FF0099FF3399FF6699FF9999FFCC99FFFFCC0000CC00
310
33CC0066CC0099CC00CCCC00FFCC3300CC3333CC3366CC3399CC33CCCC33FFCC6600CC6633CC6666CC6699CC66CCCC66FFCC9900CC9933CC9966CC9999CC99CCCC99FFCCCC00CCCC33CCCC66CCCC99CCCCCCCCCCFFCCFF00CCFF33CCFF66CCFF99CCFFCCCCFFFFFF0000FF0033FF0066FF0099FF00CCFF00FFFF3300FF3333
310
FF3366FF3399FF33CCFF33FFFF6600FF6633FF6666FF6699FF66CCFF66FFFF9900FF9933FF9966FF9999FF99CCFF99FFFFCC00FFCC33FFCC66FFCC99FFCCCCFFCCFFFFFF00FFFF33FFFF66FFFF99FFFFCCFFFFFF0000000D0D0D1A1A1A2828283535354343435050505D5D5D6B6B6B787878868686939393A1A1A1AEAEAEBB
310
BBBBC9C9C9D6D6D6E4E4E4F1F1F1FFFFFF000000000000000000000000000000000000000000000000000000000000AD4AB4E4000009704944415478DAED9DC9A1E3200C86D581DBF085FE0B50273A4F11F3820D6801C75B0C24E4306F4926319FB5FC08C1837F3FFE8001007EF831000C0003C0006001D0DFE34BFFFD750B
310
D807807EDD050680E1023F0E000680E10223080E00C30546101C00860B8C203800B0C7DCD9E3761798AFC276EEC95B7B05007C0080FB1BBEC35F05E0969BFFA809B4E30298C6FDA409CCF707C153A3478474DFE941022D00788DDEDF78EE0CF8332E8071A84E8603446C1CC00D41500CD2E96CF8ED00CC2DFE2330F947F809
310
BFD8057206EE4D601DBEFFB11A804F07C1827B1B000F10A801A01CDC9CF9F1E381F07117D88CED8E2C900F23783808BE198D03B52EEBE0D3089E06B03DFED7E7CAB569B7E3BF75E5029B43714B121408DC878DE0E920F81E804F0309014504F815003609389604573320363F46FC0085E7B3C07608482A6041408B367471AE
310
7C3785E7A530C24E15F0771544AB38F69EF0F7586B78781F86A60090B9085AA5212DD1E195277D25136F3386E7E702B8570510FB881580838503A482EE550615A430EE530162FCAB21AC69223CE121E0B51CD9128049C8802C80354AC6D0F082704D2855980EBF03E0ED0008D327108B92FE050900793BB840A0424104B754
310
409201CA00789A200824822F9C27D00E00AD02AC016800ECA9F3046A548470870A7879C0A601A8EF4E13A85210D9A102D68C40C466460600C550F81500840AE0DF060625003E169E25D08C0BB865AC987D6B7C41C88C3F440DF226809D04C13C01674480AE25B9D510C884C215C0291B680DC02A024A3E425229B26FCFEAA1
310
2AEB02F8B616B01683FC045087406508490B9C2250695D201B0212003E6217BA06445894E37FD9CE3CF50BE02FC039F3C67CC0CEA9A60924150A5F046E04400F0258466753A04B139E4526501E41D4C5E77CA0CEE228F2D14BC70F9F8EEBD4408863510141962F7A03B05CA81F7DBC815340B00CCC1188B9817F210A0648F2
310
4A677C18005D0110DC3ABA70AC860703205321C32009825C42F192F90C814A2D322CA6313DC34480935E110D40FA902AA1BD4A85D809004CF79D801702640E148101853064EE125F798240AD0609DE0C628BC1E0121ECA184022A06A067F0466EC21088A5E08D2858000008234360690084859F82A8F1D23500D8090025A04
310
F867995710E5525C2440BC3002341F991756730165F75204E84609C803C04C2A08E9A0F12068D6C1888B8059E740A46C70437D1921ACCC736F0008B808789303CB0402009C9B770109209441281880B08A920104022808F8FFB9DF04EA354A3A1900783B00854900AB0F6D005069C44F96FB01C04A3C648A43CBD365030893
310
0A533FDD6F02F59AA56515545482F6E4C08C098854B23713D46B97770494CB76EB12D124B920BC3181E5E63375FDEA22C09601D8646F4B4139A59437018AF3EABFE8415116CE0DBB406E634C09C0D616451905C292F1EE8BA9D82E6F012C21DF1D1ABF020093B497B9610022DA27433F6800460A84F9D40300E84E00244A21
310
FBC76F4CE01600F00C00043EFC9804F4AAF061007080405D00612D8CB231902C8AF73E805E3A5D05F0D0AE3107B239FCA40B609A4EADEFC600BC9B1755DD35E6546FFC3900AB0F88B7DA6F027501505E06A8ECB00B40F15773C32E400E8A048E5A40E177886F268675B7CEC6CECF4F0140DF3CD33800D51C9809028487012C
310
CB478804A7003CB57758EF90100521FEFBE300E8555E5A88CECD06C1B5FECFE67B54A896E13600B4A34FA3A0B601A8AA900240B455102BD880CAADDB9591CADBE77D5584E76F62D3442A2D8B6D0130C2F14D65A8F6010A2529C0C7B15513645A10E236A303E3AF0F40C99E301F321F84EF630051E6BA9A9E0B2C16205221E6
310
32216E13500BC5B26BA4E582480C8346F63AA58637EBC2A82F9AF63B407B0042655C178BB204E4B6B14CFD602680C65D40277D6E02ECD798EB0F5055EFA417A35BED581BA87F8C8E53E97B8D0299DD33C86F3C6EDCB6D074B36781AC1500A43B04944F2413C08CECA33C80F9F4C2C8A3476965CB22918B8802F6CE13A5ED65
310
A9E38EF64680260E537354A80A80D18899090F5B1C3400A06700593564A67BE2C9B438F61080BBCE1273D9374EAD8429110497276EF9310360EA38A4BD1ED0C4616AA60A48FAD7C436916156F3251388B5F419BA014020D788D222E1A4CFD328895E3EF64317D2C4818A66BB08A66E41110ADF01587F5802E1E701C0070088
310
94AE33C12100973A449E3E53D465C5DC9F1350BE9FD2B4154900BB55103473A6A833C68EC9344478902F2C0038701D8D9C29EACCFB512E41F0C6C1EF02604F11933B87E43C2F7601A5791F920C097BB3603BC7EA5A3584C904C2264AE7A2D6955F21028899F0010070338049344802DF3EEAE4AB200180B53B984055847B03
310
C03689847B69BB7FA24110EF078B379D58169C7A7381A218D000205884FF1AC431AF09DD00002A00288901F1317123B15B8E5E76D9A2D814F6517609C0EC9FD99282AE7C45DDB940590CD006005F248A53A08701C0CD004A62806CE93B4C799D1C3BB1277B0450288D40793AA802079F0E77E8023A172631108B5D44DB00F8
310
6CB0BB20B80C481C2826C4C08F00086200C938412A77B2ED35A58240A72E90DF35BDFEBC1F40AF59205B0622B4EA30030008CC710ABD02C8978164A6CF03E079B0AF8AD0662EE4B75D17041C95F2604765F13704F8BA69DC1916BEBA624DA86300600E159208D6601800B0AD72E94C9947CAE21F04202B03608FD78BAB602E
310
03007A5B1728C9213135E6D784C4D3007B251D9E0F370A00E4FDD7B100D249525900072EA44917881D32AA148062ABF16206579550934130C641CAA442B956E627C47ADE48078440D300C8A821AF0CF5DFE0C094FBF936B32B00AABBC0D22FCC3F8A4B40CC1C356B2FEB4A8344ED2018355E3A35565D1A9AB366EDC5CF9D03
310
602BA3B9F376C94441BDCD72970F34EB022B0275FF75C91C6314CC1CC5710100340120FC11D25C5D5CD48450EC13A0433ED03680E5D0C54D00CE3C7507006A064038717552D1209305E854146C370872D96BA301D9A96306007E09001F0D0A00DC1600FA0617E056006412E3A60BD06DF7AB3E008F806437B402609BE7E6AF
310
029057067C9765A0432164F6B065E630024A637DADA164004002D0F43942E7C5513A346B72F2AAA7D440B3EB1CA91E014481B8960485465801E0DFE0A72B97DBAE0B30067F99D100F0C1723E70A266674130430121DC777FA6DC7C68F4BD037831F07F762E9CA339CF379D2D4EDD00583F733E35F80F05C1CE1EB703F88AC7
310
1517F8CEC700F0630068001841700018417000184170001841700018417000D800B0AC4A7FE9BFBF1D0360001800068001C000F8F1C7CF03F80FA8D2B0D2263621EA0000000049454E44AE426082
  0
ACDSRECORD
 90
        0
  2
AcDbDs::ID
280
    10
320
D7
  2
Thumbnail_Data
280
    15
 94
     3261
310
89504E470D0A1A0A0000000D4948445200000100000000B5080300000087DCD12600000300504C5445FFFFFFFFFFFFFFFFFF0000000000000000000000000000000000000000000000000000330000660000990000CC0000FF0033000033330033660033990033CC0033FF0066000066330066660066990066CC0066FF0099
310
000099330099660099990099CC0099FF00CC0000CC3300CC6600CC9900CCCC00CCFF00FF0000FF3300FF6600FF9900FFCC00FFFF3300003300333300663300993300CC3300FF3333003333333333663333993333CC3333FF3366003366333366663366993366CC3366FF3399003399333399663399993399CC3399FF33CC00
310
33CC3333CC6633CC9933CCCC33CCFF33FF0033FF3333FF6633FF9933FFCC33FFFF6600006600336600666600996600CC6600FF6633006633336633666633996633CC6633FF6666006666336666666666996666CC6666FF6699006699336699666699996699CC6699FF66CC0066CC3366CC6666CC9966CCCC66CCFF66FF0066
310
FF3366FF6666FF9966FFCC66FFFF9900009900339900669900999900CC9900FF9933009933339933669933999933CC9933FF9966009966339966669966999966CC9966FF9999009999339999669999999999CC9999FF99CC0099CC3399CC6699CC9999CCCC99CCFF99FF0099FF3399FF6699FF9999FFCC99FFFFCC0000CC00
310
33CC0066CC0099CC00CCCC00FFCC3300CC3333CC3366CC3399CC33CCCC33FFCC6600CC6633CC6666CC6699CC66CCCC66FFCC9900CC9933CC9966CC9999CC99CCCC99FFCCCC00CCCC33CCCC66CCCC99CCCCCCCCCCFFCCFF00CCFF33CCFF66CCFF99CCFFCCCCFFFFFF0000FF0033FF0066FF0099FF00CCFF00FFFF3300FF3333
310
FF3366FF3399FF33CCFF33FFFF6600FF6633FF6666FF6699FF66CCFF66FFFF9900FF9933FF9966FF9999FF99CCFF99FFFFCC00FFCC33FFCC66FFCC99FFCCCCFFCCFFFFFF00FFFF33FFFF66FFFF99FFFFCCFFFFFF0000000D0D0D1A1A1A2828283535354343435050505D5D5D6B6B6B787878868686939393A1A1A1AEAEAEBB
310
BBBBC9C9C9D6D6D6E4E4E4F1F1F1FFFFFF000000000000000000000000000000000000000000000000000000000000AD4AB4E4000009784944415478DAED9D5982DB200C8675035FC32FDCFF00BA895E3B87688C5924048EB71848F0433B334927E6B3961F2128FCFDF805FF7EFA5A00C00F5F03C00030000C001A00BDAE2F
310
FDF3D72D601F00FA75171800860BFC38001800860B8C2038000C1718417000182E3082E000C0AEB9B3EB761798AFC236E6C9477B05007C0080790DDFE0AF0230EBC37FD404DA71018CE37ED204E6FB83E0A9D123427CEEF4208116002CA3B70F9E3B03FE8C0B6018AA91E100111B077043101483346936FC7600EA11BF084C
310
F6F2DFE117BB40CEC0AD09B8E1DB6FAB01F874102CB8B702F000811A00CAC1CDA86F3F1E081F7781CDD86E4803F930828783E09BD11848D6650D7C1AC1D300B6C7BF7CAE5C9B363BFE59572EB03914B3264181C07CD8089E0E82EF01D83410115040805F016093806149D09901B1F931E207283C9F05B6434054012B025AB5
310
A10973E5BB293C2F851176AA80D75D1039716C3DE175B91A1EDE87A12900A46E829C34A4353A2C79D25632F13663787E2E807B5500B18F70000CAC1C201674AF32A82085719F0A10E37786E0D2847FC142C06B39B2250093900159002E4A86D0B040B826942A4C87DF01B0760084F113884549FB860880AC1D5C2050A12082
310
5B2A20CA80C400789A20F024BC2F9C27D00E80540568034801B097CE13A85111C21D2A60F1804D0348BE3A4DA04A4164870A70198188CD8C14000AA1F02B000815C0BFF40C4A006C2C3C4BA0191730EB5831FBAB71819019BF8F1A644D003B09827902468980B496649C21900A850EC0291B680D801301251F21A914D99767
310
F5509575017C5B0B70C5203B014C43606208510B9C2250695D201B0222003E62E3BB06445894E35F6C679EFA05F00A7046FD623E606392A609A424142E046E04400F025847A753A089139E5526501E41D0C5E77CA0CEE228F2D14BC7F79F8E6E6A20C4B1A88020CB17BD01586FD48E3E3CC0C92358076608C4DCC0BE110503
310
2479A7333E0C80AE00F06E1D5C3854C3BD0190AA90A197045E2EA178CB7C8640A5161916D3989E6122C048AF0806207D2829A12DA542EC0400C6E74EC00B0132078AC0804218327709EF3C41A05683046F06D1C56030110F650C2012486A062F0233F61004452F04A585000F00BC34560610094859B894C78E11A806404881
310
5404D857995710E5525C2040BC3002341F9917567381C4EEA508481B25200F0033A9C0A783C683A05A07232E02E634072265831BA6B7E1C3CA3CF70680808B803739B04CC003C0B9791790007C1984BC0108AB28198027808280FD97FB4DA05EA3A4910180B703909F04B0FAD00680248DD8C9723F005889875471687DB96C
310
007E52A1EAA7FB4DA05EB3B4AC828A4AD09E1C983101914AF666827AEDF2868072D9CE2D114D920BC21B13581F3E53D74B1701B60C40277B5D0ACA29A5BC09509857BFA20705593837EC02B98D3125005B5B146514F04BC6BB6FA662BBBC06B0867C7368FC090098A4BDCC0D0310D13E1AFA41035052C0CFA71E0040770220
310
510AD93F7E6502B70080670020F0E1872490AE0A1F06000708D405E0D7C2281B0349A378EF0368A5D355000FED1A33209BC34FBA00C6E994FB6D0CC0BB7951D55D6326E98D3F07C0F980F855FB4DA02E00CACB80243BEC0250FCD1DCB00B90812281A31650F819E29B8961DDADB3A1F3F35300D036CF340E20690ECC0401C2
310
C300D6E523448253009EDA3B9CEE90100521FEF3E30068292FAD44E76683A0ABFFB3F91E15AA65B80D00F5E8E328A86D004955280140B455102BD840925BB72B2395B7CFDBAA08CFDFC4A689545A16DB02A084E39BCA50ED03144A52808F63AB26C8B420846D4607C65F1F40227BFC7C487D10BE8F014499FB6A7A2EB05A80
310
488598CB84B84D205928965D232D1744421854B2D7246A78B32E8CE94DD37E07680F80AF8CA7C5A22C01B96D2C533F9809A0711748933E3701F663CCF5072455EFA817835BED581BA87F8C8E49D2B78B0299DD33C81F3C6E3C36DF74B36781AC1500947608243E114D0033B28FF200E6D30B238F1EA5952D8B042E220AE827
310
4F14B797C58E3BDA1B019A384CCD50A12A004A2366263C6C715001809E0164D5909AEE8917E3E2D84300EE3A4BCC647F716C258C89C0BB3C71CB0F190063C721EDF580260E535355404A7F4C6C131966355F3481504B9FA11B0004728D282E124EE9791A25D1CBC77EE8469A3850516D17C1D82D2842E13B00EE9B35107E1E
310
007C008048E969263804E05287C8D3678A9AAC987B3901E5FB29555B9104B05B054133678A1A65EC184D438407F9C6028003F7D1C899A246FD3ECA2508DE38F85D00F4296272E7909CE7852EA038EF439221616F166CE7585DAD86309A80DF44694CD0BAF26F080042267C0000DC0C60120D92C0B78F1AF92E8800C0750713
310
2415E1DE00B04D22FE59EAEE9F6010C4FBC1C243279605A7DE5CA028065200E02DC2FEEDC531AF09DD00002A00288901F1316123B1598F5E36D9A2D8E4F751760940ED9FD99282A67C47DDB940590CD006005B240A53A08701C0CD004A628074E9DB4F798D1C3BB1177B0450288D40793A98040E3E1DEED005D25C18C54028
310
76116D03E0B3C1EE82E03A2071A09810033F02C08B0124E504B1DCC9B6D7940A029DBA407ED7B4FB7E3F805EB340B60C44A8D561060010A8E3147A05902F03C94C9F07C0F3605F15A1CD5CC81F7B5A103054CA831D95C5DF10E0EBA6616798FFDB146B421D030075A89044E082A107C0B6CAC533651E298B7F1080AC0C803E
310
5E2FAC82990C00E86D5DA02487C4D498DF13124F03EC9D74783EDC280090CF3F8D05104F92CA023870234DBA40E890494A0128B61AAF66705509351904431CA44C2A946B6576429CCE1BE98010681A002935649561FA7F7060CCFD7C9BD91500D55D60ED17E61FC52520668E9AD5B775A541A276100C1A2F9E1A9BDC1AAAB3
310
66F5CDCF9D03602BA3B9F3764945C1749BE52E1F68D6051C82E4F9A725730C51307314C70500D00400FF9F90E6EAE2A22684629F001DF281B601AC872E6E0230EAA53B00503300FC89AB53120D3259804E45C176832097BD3A1A909E3A6600E09700B0D1A000C06C01A06F70016E05402A316EBA00DDF6BCEA03B008487643
310
270074F3DCFC5500F2CA80EFB2F474C887CC1EB6CC1C464071ACCB1A4A060044004D9F23745E1CC543B32623EF7A8A0D34BBCE91EA11401088AE242834820380AFC14F576EB75D17600C5E995101B0C1723E70A2666741304301C13F777BA6DC7C68F4BD035818D8FF76CE9FA339CF379D2D4EDD00709F399F1AFC87826067
310
D7ED00BEE2BAE202DF790D003F0680068011040780110407801104078011040780110407800D00EBAAF497FEF9DB31000680016000180014809FBE5E00FE7EFCFA0FA7CBAD74F2ACC3EC0000000049454E44AE426082
  0
ENDSEC
  0
EOF
